0.04443544664075451,0.0030685351943730986,-0.00023451296811209866,0
0.02659428002095809,0.004865845620697574,-0.005142354185485837,1
0.011351958131620724,0.005633668644638833,-0.009849202885353469,2
-0.0012604154773733292,0.005351561050469921,-0.014360378010438489,3
-0.011211737256139796,0.003999079622463875,-0.018681198503464388,4
-0.01847090365479441,0.0015557811448937446,-0.022816983307154655,5
-0.023006811123452903,-0.0019987775979674366,-0.02677305136423278,6
-0.024788356112231014,-0.006685039821846617,-0.030554721617422256,7
-0.02378443507124446,-0.012523448742470761,-0.03416731300944658,8
-0.019963944450608992,-0.019534447575566816,-0.03761614448302924,9
-0.013295780700440338,-0.027738479536861763,-0.04090653498089373,10
-0.0037488402708542104,-0.037155987842082516,-0.044043803445763544,11
0.008707980388033651,-0.047807415706956076,-0.04703326882036217,12
0.024105784826107514,-0.05971320634720939,-0.04988025004741309,13
0.04247567659325158,-0.07289380297856937,-0.05259006606963981,14
0.0638487592393502,-0.08736964881676308,-0.055168035829765816,15
0.08825613631428765,-0.10316118707751736,-0.0576194782705146,16
0.11572891136794815,-0.12028886097655925,-0.059949712334609655,17
0.14629818795021604,-0.13877311372961562,-0.06216405696477447,18
0.17999506961097533,-0.15863438855241352,-0.06426783110373255,19
0.2168506599001107,-0.17989312866067986,-0.06626635369420736,20
0.2568960623675061,-0.20256977727014164,-0.06816494367892242,21
0.300162380563046,-0.22668477759652575,-0.0699689200006012,22
0.3466807180366146,-0.2522585728555592,-0.0716836016019672,23
0.396482178338096,-0.2793116062629689,-0.07331430742574392,24
0.44959786501736587,-0.30786432103447603,-0.07486635641465343,25
0.5050384368258358,-0.33842904670685486,-0.07632069088545601,26
0.5644619273256264,-0.3706020443205812,-0.07770601542803782,27
0.6279476145439168,-0.4044252394646856,-0.07903765665221606,28
0.695543065133143,-0.43992378763265094,-0.08032977122375935,29
0.7672641348779107,-0.47710607377906705,-0.08159534516882065,30
0.8430949684168825,-0.5159637125633776,-0.08284811955531016,31
0.9222421530194511,-0.556471548991956,-0.08405937400413509,32
1.004781795662492,-0.5985876570000197,-0.08523635629626618,33
1.0907519499471472,-0.6422533402330989,-0.08638676725363406,34
1.1801526151686819,-0.686407038098615,-0.08747939484947331,35
1.2729457383724854,-0.7311619498995744,-0.08852254381218876,36
1.3690552132202976,-0.7766061194966842,-0.08952466991036011,37
1.4692744528115251,-0.8249884455845484,-0.09054647635552893,38
1.5736193129616225,-0.8763634313838867,-0.09160287438528539,39
1.6820739383308143,-0.930777194986204,-0.09270930378766375,40
1.7929373435803337,-0.9870675545551448,-0.09384354511893131,41
1.9061175667250936,-1.0450416511235108,-0.09500454085284564,42
2.0214782501682804,-1.10448985544742,-0.09619153551707679,43
2.139746212087769,-1.1653995898570073,-0.09742183473861084,44
2.260864372902124,-1.2279553273800259,-0.09869158732477235,45
2.384737599634335,-1.2923247707709218,-0.09999739514919363,46
2.5121402789302283,-1.3584450314599958,-0.10134519225622615,47
2.643069239907596,-1.4260226286395776,-0.10273063683538336,48
2.7774896005187295,-1.494747311232207,-0.10414991564508765,49
2.914588920152199,-1.5645058805168104,-0.10559589535377667,50
3.054424279338995,-1.635382187535937,-0.10705811822143041,51
3.1970147052046904,-1.7074433130723288,-0.10852665509356635,52
3.3423411720787044,-1.7817256623863422,-0.10997627272360493,53
3.4903466001677805,-1.858057339314683,-0.11140564927636766,54
3.6409358562783556,-1.93625806259367,-0.11281384049911965,55
3.79488332615366,-2.016139166295918,-0.11422499200346496,56
3.9521858388727127,-2.0975035988108766,-0.1156295145374373,57
4.1128085123383356,-2.1801459234315352,-0.11701842294182552,58
4.2766847516545266,-2.262866224527946,-0.11834589601222065,59
4.443716252745936,-2.3456477313750845,-0.11960770504412647,60
4.6137730003470825,-2.4284569030000314,-0.12079992342909367,61
4.7868549953647115,-2.5122295238036827,-0.12194171404293208,62
4.963092253611324,-2.596693075620468,-0.12301650356309095,63
5.142583079714156,-2.6815666552041946,-0.12400824727705426,64
5.324486494520295,-2.7677608907198845,-0.12493191749152983,65
5.508669311435315,-2.855200315243132,-0.12577467831925968,66
5.694960290452579,-2.943809461930634,-0.1265244489952006,67
5.884057710571074,-3.0335128643475398,-0.12717375484943275,68
6.075882294095813,-3.1242350555981524,-0.12771972628314948,69
6.270323052144092,-3.215900568871229,-0.1281602488237022,70
6.468144856775629,-3.307234021975056,-0.12848123399507108,71
6.669341365793305,-3.3979377414226106,-0.1286762259314614,72
6.873880868034847,-3.487705668658894,-0.12873944839607218,73
7.0817062836587334,-3.577423276208926,-0.12870324644186928,74
7.292735163758845,-3.6669899417995144,-0.12855965421126817,75
7.506859690465389,-3.756305043248824,-0.12830168748646056,76
7.7232008304168716,-3.845267960352081,-0.12790751308274587,77
7.941755412624121,-3.933778070613279,-0.12737965964942247,78
8.162488554901472,-4.021734751644194,-0.12672148649057913,79
8.38607951017566,-4.109037380278739,-0.12596189423479973,80
8.612274589327596,-4.195585334433859,-0.12509650358876692,81
8.840794734271782,-4.281277992127118,-0.1241219924108594,82
9.071497244219723,-4.366014733002786,-0.12302721841721995,83
9.304375776996958,-4.449694934654086,-0.121812822820142,84
9.539398621457561,-4.532217974789026,-0.12048042849790705,85
9.775762854053117,-4.615669243382899,-0.11906312868341697,86
10.013541410190657,-4.699964888078982,-0.11756666079354548,87
10.25277551409798,-4.785037826964947,-0.11599797042702108,88
10.49422052220054,-4.868651737442459,-0.11432777004907477,89
10.737698852184828,-4.950756308270121,-0.11256897015504953,90
10.983007552764256,-5.031301228331156,-0.11073538741535223,91
11.230080032545757,-5.111222282553044,-0.10882709060023503,92
11.478986055645283,-5.190263722985058,-0.10685000604537997,93
11.729770017222595,-5.268178186972163,-0.10481089076878915,94
11.983196788577454,-5.344940517197288,-0.10271348056990559,95
12.23910464312624,-5.420747764608472,-0.10055849239818386,96
12.49731282754718,-5.4958053654381676,-0.09834747387627826,97
12.756875716962346,-5.570113322094624,-0.09605424314184711,98
13.017729888677634,-5.6434661977608265,-0.09368370745335095,99
13.279786551043827,-5.715666940924979,-0.09124137825571214,100
13.543839117935837,-5.787726800697369,-0.08873839831506967,101
13.80991612919804,-5.859687702296761,-0.08617193575292927,102
14.07802709795904,-5.931608341401205,-0.08353983837192881,103
14.348162509612258,-6.002364268773409,-0.08083753157642004,104
14.620293823798413,-6.071825514067092,-0.07807762383330005,105
14.894373473434793,-6.1398704922439045,-0.0752733277978724,106
15.170334864829066,-6.206386003907182,-0.0723863643566714,107
15.448092377576314,-6.2712672342887315,-0.06942500073224898,108
15.727541364548602,-6.334417753932188,-0.06639773083034682,109
16.008558153747543,-6.3969494347983185,-0.06334568770118072,110
16.291000045034234,-6.459004824333769,-0.06028382045086388,111
16.574705311559335,-6.520743240456561,-0.05722753137269838,112
16.86040077500097,-6.582126949140074,-0.05416528989816181,113
17.14805472329853,-6.642921165740778,-0.05109785101922516,114
17.437622759930747,-6.702907876081402,-0.04802627190071516,115
17.728301954288018,-6.760899745040458,-0.044923353898330465,116
18.020177926446863,-6.81691773474942,-0.04179245599214642,117
18.31331726976372,-6.870991192676263,-0.03863701286827272,118
18.608513401335724,-6.9241439434797,-0.03548213956563398,119
18.905639475773096,-6.976216669162846,-0.03233542420011576,120
19.204555963231016,-7.027066822201429,-0.029204681565050614,121
19.504364799538187,-7.075582534338949,-0.026078274387601772,122
19.805056471509666,-7.1218602343268245,-0.022964318440872707,123
20.106602439243986,-7.1660047362610975,-0.019871005212333,124
20.409700986778123,-7.209115331242918,-0.016783063745775793,125
20.714130135386814,-7.251108167958718,-0.013700985225340537,126
21.019655221895096,-7.291916165573996,-0.010625185511473416,127
21.326190626126497,-7.331489015238003,-0.007623935775984013,128
21.633799769888697,-7.369793175731369,-0.004696102902822842,129
21.942533390543588,-7.406811876330546,-0.0018410069836265024,130
22.251521967931872,-7.442545118759791,0.001038067814615988,131
22.56062280152234,-7.477009673189154,0.003937799540123838,132
22.869674164107884,-7.510239080299927,0.006855168034236638,133
23.179402879929665,-7.543269743928872,0.009776653705182341,134
23.489777236753913,-7.575963308707089,0.012697839832783366,135
23.800752837942543,-7.608206574922712,0.015614536009409905,136
24.113926016181487,-7.637725483412193,0.018480311971569484,137
24.429239690853425,-7.664440375310101,0.021304529713156523,138
24.74663678135192,-7.688279977058599,0.02409640005846746,139
25.064406794787477,-7.711367415698135,0.026885840124640563,140
25.382479965840282,-7.733664957862219,0.029664658075813123,141
25.700773844796906,-7.755160025846225,0.03242473738032439,142
26.020100863880124,-7.773679185535434,0.03518852448429448,143
26.34052127418239,-7.7892433993524,0.03795020629785468,144
26.66208898457835,-7.801882015058295,0.04070427153712399,145
26.983943996711115,-7.813818778038986,0.04344936108017663,146
27.30595946547535,-7.825116576995179,0.04618826849655814,147
27.627995861382015,-7.8358634562947,0.0489240891597629,148
27.95080854143994,-7.8449726979716505,0.05164749201544599,149
28.274400675984225,-7.852360450207863,0.05435632546908507,150
28.598769093181055,-7.85795963168292,0.05704866423573754,151
28.923904279603036,-7.861719931522166,0.059737464277079676,152
29.249790379026532,-7.8636078089004435,0.06243095548566016,153
29.57640519306359,-7.863606493491876,0.06513766956347548,154
29.903720181698283,-7.861715985451027,0.06784985985739435,155
30.231700462263497,-7.857953054977458,0.0705631096697035,156
30.560304809931747,-7.8523512427716975,0.07327322860843884,157
30.889485658323668,-7.844960860017736,0.07596544829546681,158
31.219189098290283,-7.835848987925774,0.07863403071592986,159
31.549354878526913,-7.825099478208741,0.08127338865687109,160
31.87991641142417,-7.81379904721021,0.08391360289399873,161
32.21080076025902,-7.8018596508768585,0.08654198898060647,162
32.54192864620208,-7.789218400814138,0.08914631528656375,163
32.87321443914868,-7.773651554325207,0.09176497150817685,164
33.20456617641068,-7.7551297635219045,0.0943889349835299,165
33.53588555312164,-7.73363206586637,0.0970100133554792,166
33.867975506307644,-7.711331890855931,0.09956372605157185,167
34.20089311539506,-7.68824181587898,0.10204694021305764,168
34.53469545994803,-7.66439957396357,0.1044569003174218,169
34.86853204237445,-7.63866814114845,0.1068267391995453,170
35.2022918725242,-7.6109133552268915,0.10914705647186171,171
35.53585761812615,-7.581017824499948,0.11140913105292767,172
35.87001318353086,-7.550080839995166,0.11357636418408518,173
36.204796622101696,-7.518240756499957,0.11564309377254911,174
36.54024598735138,-7.4856610844422375,0.1176041105613337,175
36.87549175558156,-7.451330577535685,0.1194565781031779,176
37.210403910480984,-7.415240851009176,0.12120004300239542,177
37.5448460936291,-7.377400290602216,0.1228345046596619,178
37.87958317816238,-7.337834048755011,0.12442139479180367,179
38.21463419047483,-7.296584051048761,0.125965923362371,180
38.550018157085546,-7.253708993550497,0.1274742061696645,181
38.88649995824978,-7.210270431970572,0.12887956657675595,182
39.22394323467319,-7.166155167547336,0.13017977633257546,183
39.5622179694788,-7.121275157119007,0.1313729845617313,184
39.90045463082116,-7.073381507741888,0.13246658920451684,185
40.23869127154721,-7.022419715614483,0.13345764601674998,186
40.57696594460446,-6.968343662265917,0.13434366356697017,187
40.91515498797978,-6.91330162312095,0.13516079570739023,188
41.25297300035147,-6.857281021939846,0.1359250094885525,189
41.59013458059211,-6.800294438108282,0.1366529513123626,190
41.92651605055356,-6.741179691804556,0.13729711850388612,191
42.2621554621498,-6.679777464775303,0.13786351376815098,192
42.597090867461866,-6.615945209252894,0.1383583661216684,193
42.93136032491353,-6.550757063364756,0.1387862072027048,194
43.26500188776802,-6.484326226387454,0.13914986896967,195
43.5980536094999,-6.416791053238268,0.13945240970132017,196
43.93129938500234,-6.347115133157144,0.13968321143269102,197
44.26462188221578,-6.275264926315957,0.13985718496450747,198
44.59791011148832,-6.201223663326639,0.13998931645515503,199
44.931059433134635,-6.125977438976843,0.14010162209188615,200
45.263971540633406,-6.0493375879759155,0.14020353884436432,201
45.59655446993563,-5.971140600626342,0.14030465454721613,202
45.928722592629214,-5.890262028140225,0.14043631634371245,203
46.26039663084093,-5.806794107801698,0.1406124161231985,204
46.59150364911256,-5.720845847331453,0.14084714763945355,205
46.92197706240626,-5.633529118661122,0.14113147336403883,206
47.25175661836518,-5.54478103361005,0.1414723391009605,207
47.580788407115605,-5.454563859587476,0.14187684151898708,208
47.90902486207761,-5.362865019130777,0.14233447037986272,209
48.23642475803708,-5.269697090330164,0.14285632429959527,210
48.56295321227057,-5.175097806864112,0.14345350175486862,211
48.88932752443734,-5.077930136089859,0.14412052656588642,212
49.21537011081894,-4.978059916998164,0.14485494333006868,213
49.54091607237374,-4.875369758962213,0.1456542210513961,214
49.86581321031023,-4.771945050978624,0.14644087233491979,215
50.18992199419298,-4.667718713036527,0.14721931296943258,216
50.51311557838627,-4.562657205814118,0.14799327914727453,217
50.834533941893795,-4.454574526141821,0.14880015779435968,218
51.154230993201224,-4.343487444053787,0.14965218074592831,219
51.47226698325716,-4.2294295000111966,0.1505611266782891,220
51.78945435968626,-4.113437092568965,0.15152174829506312,221
52.105710671922104,-3.9953718675377803,0.15253136453681115,222
52.420966154159444,-3.875120626256768,0.1535867657434619,223
52.73590957120149,-3.752595318737956,0.15472358780177436,224
53.0503411418964,-3.6277330582024527,0.15593786501801618,225
53.36408011208148,-3.5004961133438304,0.15722540516608352,226
53.67696475461849,-3.370871907501488,0.15861923145906803,227
53.98885236902211,-3.2388730198917997,0.16011115060045758,228
54.29961928179759,-3.1045371851988617,0.16169304477118304,229
54.60916084712366,-2.967927292806768,0.16331750552953664,230
54.917391445144546,-2.8291313879181974,0.16497626459472042,231
55.22424448300159,-2.6882626711992454,0.1666608271580519,232
55.528764813929214,-2.5442595882396137,0.1683910269909524,233
55.83075582819343,-2.3970634447013004,0.17015621657453406,234
56.13003360077424,-2.2466323165917066,0.17194574831512552,235
56.42733448133781,-2.0951270535233393,0.1737292990764112,236
56.72266798269383,-1.9425560410084293,0.17549607221897548,237
57.01606264472842,-1.7889612051691637,0.17723512007736988,238
57.30740428990195,-1.6322320016615066,0.17899439442833262,239
57.59643605863709,-1.472460669596661,0.1807630960375308,240
57.882920118296624,-1.3097562183687912,0.1825307276690627,241
58.16679939973231,-1.1452305215031902,0.18427821466390515,242
58.44819757550844,-0.9788206897732628,0.1859975171485964,243
58.72725734521333,-0.8104889893985727,0.1876808217293966,244
59.00563212618902,-0.6402228278564851,0.18931863205470228,245
59.28319190281022,-0.46803478462516274,0.19089973454087902,246
59.559838370922066,-0.2939625945105492,0.19241314221599046,247
59.833851519374264,-0.11806915983671486,0.19388241852680607,248
60.10518378183371,0.05955747449752782,0.19530688353164574,249
60.37380661898706,0.238804108169539,0.19668631029177552,250
60.64045635520471,0.42073230858481686,0.1979993237867949,251
60.90498711882147,0.6054007701034699,0.19924260029064336,252
61.167278407354864,0.7928514168784667,0.20041311813921311,253
61.42723509618286,0.9819094880643482,0.20150815896857005,254
61.684787422419156,1.1723611611153952,0.2025253059067418,255
61.939890992422406,1.3639674581293522,0.2034624441506712,256
62.19327261760783,1.557664169223333,0.2043247227098218,257
62.44478325645569,1.7533842112644735,0.20510492930718527,258
62.69430557884746,1.9510437309819662,0.2057962293030132,259
62.941753965462325,2.150542105929061,0.20641377511511771,260
63.18707450855368,2.3517619428615975,0.2069554895152585,261
63.43024501177308,2.5545690784037176,0.20741982392016986,262
63.670367426371676,2.7578264786054114,0.207799973806013,263
63.9073149075619,2.9615718751115456,0.20808389538629524,264
64.14098597980443,3.1658178442363356,0.20826007345527875,265
64.37130451725177,3.372737817583797,0.2083734698853908,266
64.59821978251614,3.5823108313765286,0.20842748141903458,267
64.82170640730864,3.794507536820959,0.20842641090038558,268
65.04341782801046,4.007104205381711,0.20839516647106124,269
65.26339209861084,4.2200379480536405,0.2083400149046675,270
65.48170532678408,4.433220720621861,0.20826828019966848,271
65.69756409131742,4.6477392328648515,0.20816480175196433,272
65.9109525361387,4.863677335661747,0.20803116478045952,273
66.1218865165659,5.081102109791262,0.20786986066836396,274
66.32950601684719,5.301049953455384,0.20767155121238834,275
66.53372224773845,5.5233489697823694,0.207434687301828,276
66.7344717890769,5.74781887690786,0.20715855044665987,277
66.93246244345842,5.973284921564826,0.2068197258229199,278
67.1275261423263,6.199755486899828,0.2064113031082328,279
67.31952652849975,6.427222185977032,0.20592705165429104,280
67.50761311126897,6.655659855230786,0.20535638420405722,281
67.69186833999031,6.885026569258768,0.20470398267048234,282
67.87240003317973,7.1152636325193,0.20397513306962423,283
68.0508330664852,7.346295594521442,0.2031896501718108,284
68.22701522801064,7.5780302166153275,0.20234262441644696,285
68.4008323594427,7.810358490139603,0.20142990149384987,286
68.57146249107366,8.045340639776809,0.20043224453083672,287
68.73902295564992,8.282850888839981,0.199354561754485,288
68.90366279712912,8.52276346088371,0.1982023655928664,289
69.06540106258612,8.762766569932758,0.19694047790219618,290
69.22412676487332,9.002717666893211,0.19557146431415295,291
69.37976062819821,9.24245743261462,0.19409819264235956,292
69.53316264851142,9.483009702152895,0.19255240560957748,293
69.68448503936332,9.724403824494116,0.19093587887519778,294
69.83391806780088,9.966660763782604,0.18925091685726947,295
69.9798749098476,10.209793083812338,0.18747177244159727,296
70.12228580140625,10.453804976198503,0.18560350341008225,297
70.2611063474293,10.698692247606065,0.18365146967090581,298
70.39797093678155,10.944442335807867,0.18164103499860643,299
70.53289859690781,11.191034277654648,0.17957831496756685,300
70.66594640872803,11.438438725170258,0.1774698784223339,301
70.79555609014518,11.686617930436528,0.17531385098240349,302
70.92184814399398,11.935525775978222,0.17311955831466852,303
71.04496844214874,12.185107759376216,0.17089670371786306,304
71.16583406881209,12.435301001216702,0.16863761911116518,305
71.28448624946067,12.686034227729454,0.16635646130180437,306
71.40099792081713,12.937227780267198,0.16406761379982682,307
71.51531200235239,13.188793614866107,0.161764077518448,308
71.6272414001342,13.44063530011332,0.1594566846198597,309
71.73663073146147,13.692648019727146,0.1571563429723596,310
71.84261048052858,13.944718565448436,0.15486514887453512,311
71.94524407094573,14.196725352890162,0.15259601360028532,312
72.04462029534227,14.448538412735408,0.15036184855570278,313
72.14159915731244,14.700233220090052,0.14813428048759544,314
72.23616479908128,14.952090677203858,0.14592206806588767,315
72.32833307410426,15.20438330146326,0.14373366814205296,316
72.41815154762828,15.457161404403648,0.14157028407321212,317
72.50569949944031,15.71025309083855,0.13944546891105544,318
72.5910879205472,15.963478080721513,0.13737239840484483,319
72.67355192996945,16.2178476165795,0.13533530094245436,320
72.75309787004679,16.47338685370958,0.13334829537010545,321
72.82975745203876,16.730120947646274,0.13142489667086826,322
72.90358775545566,16.988075054483726,0.1295672121141526,323
72.9746712292077,17.247274330292687,0.1277855485796409,324
73.04311569112069,17.507743931383597,0.12608953358396474,325
73.10905433865028,17.768309098829853,0.12449506726089732,326
73.17264572946002,18.02877278288018,0.12300471801813044,327
73.23407379020375,18.288929548869294,0.12162045038872693,328
73.29338608618359,18.54877939756863,0.12035945488375027,329
73.35049382501573,18.808527764274274,0.1192149360596195,330
73.40533358329266,19.06837169937183,0.11817964558746906,331
73.45802902327591,19.329485964021334,0.11727830095062453,332
73.50889091402263,19.591845405728375,0.11650875373165588,333
73.55825539348483,19.85542487224186,0.11586862916505647,334
73.60541466986075,20.120199201735993,0.11529433952447166,335
73.65026409746505,20.386143237625674,0.11477874856787545,336
73.69271805728201,20.653231823512026,0.11431404062682404,337
73.73361754851247,20.919253802187814,0.11392413695748001,338
73.7730830740539,21.184167248989468,0.11360586812088644,339
73.81126050584741,21.447913469191853,0.1133556117731156,340
73.84815934451774,21.711616912486146,0.11317121910515703,341
73.88365274519084,21.97540754741779,0.11305200979319968,342
73.91763923193696,22.23940695762878,0.11299685062790601,343
73.94929684438064,22.504714428633932,0.11300030089179124,344
73.97873023047471,22.77122933958745,0.11305262168304145,345
74.00606306482597,23.03885106983149,0.11314362117841399,346
74.03218390027772,23.306492912169876,0.11330202552489325,347
74.05709907867826,23.57425968108731,0.11351703864228682,348
74.0808403108065,23.842247806165105,0.11377771357054994,349
74.10255710513322,24.11054532298968,0.1140887748480775,350
74.12216384174562,24.379231889716028,0.11443142207919968,351
74.1395939274438,24.648378779531964,0.1147868549180537,352
74.15570735570394,24.919034984208828,0.11511157671751016,353
74.17064365723992,25.19104957235467,0.11539618853303195,354
74.18456773160202,25.464271612830796,0.11563106507788341,355
74.19676228604153,25.737564071370915,0.11582794803220753,356
74.20727488705063,26.01098145197531,0.11598076054359927,357
74.21617212782631,26.28456987367845,0.11608335030501529,358
74.22337789004105,26.55935316326726,0.11612949295310755,359
74.22867337001645,26.83515523029612,0.11611288087493492,360
74.23185879067836,27.111799984509503,0.11602713104601885,361
74.23291513875807,27.388125243233453,0.11585882794614522,362
74.2320041405786,27.664160356140822,0.11560714335383208,363
74.22930654916036,27.939926287939468,0.11527109808814143,364
74.22486039351021,28.217621626546432,0.1148870110757671,365
74.21856102761768,28.497267333831516,0.11445004892477585,366
74.21032283198082,28.7788927570086,0.11395552936474193,367
74.20007923511194,29.060349618702894,0.11339388336106775,368
74.18778267062946,29.34166726647819,0.11277028270864055,369
74.1734045988256,29.62286666293227,0.11208997474590504,370
74.15768133773716,29.904946487215405,0.11139766328425241,371
74.14046701935722,30.187705494156567,0.11069904619586025,372
74.12164114445429,30.470942438835788,0.11000019902358006,373
74.10110858200021,30.754456076545008,0.10929869605457632,374
74.07879957035422,31.038045162876546,0.10860321835819652,375
74.05466971664649,31.32150845367342,0.1079227491718134,376
74.02869999647136,31.604644705097627,0.10723608634487679,377
74.00089675459225,31.887252673514254,0.10655066602956394,378
73.97129170454076,32.16913111553954,0.10587400003975976,379
73.93903434685224,32.45127869462143,0.10518125730906361,380
73.90403906208441,32.73371637283884,0.10447409790883354,381
73.86623925727207,33.01647349761312,0.10375403102605113,382
73.82649494671232,33.298387895074114,0.10303129991575379,383
73.7849456611348,33.57928347844816,0.10230526366519423,384
73.74175630002897,33.85898416121208,0.10157520601916584,385
73.69695541299099,34.13632776084046,0.10084417745859343,386
73.65043518299053,34.41134362437686,0.10011901025969976,387
73.60211316182152,34.684052713957115,0.09940646129826146,388
73.55193224741417,34.95665361659812,0.09873098175663214,389
73.49986072914929,35.22916729498217,0.09809547818721384,390
73.44589226505745,35.50162309719274,0.09750293283528769,391
73.38913830310858,35.77504484190403,0.09692280928640311,392
73.32947517231806,36.0492732099477,0.09636948807179704,393
73.26679822806724,36.324165652648766,0.09585712339169072,394
73.20192944257094,36.59741039104515,0.0953691541556244,395
73.13497029268493,36.86888164888315,0.0949171328223285,396
73.06604762399591,37.13845365015605,0.09451215899337273,397
72.9944060694926,37.40720052555655,0.09415214507396374,398
72.92005514189611,37.67521870454848,0.09384143307741256,399
72.84302338036994,37.94261300193285,0.09358383662346403,400
72.76410419161783,38.20949662504132,0.09335023648414315,401
72.68320878436327,38.475991157928426,0.09313738584646589,402
72.60027373595744,38.742226570046675,0.09294128306852338,403
72.51451516255642,39.00714129315985,0.09278261695493538,404
72.42607576463793,39.270659862361455,0.0926675800352781,405
72.33511726919916,39.5327068129253,0.09260176090246909,406
72.24256624887045,39.79539269729677,0.09259016582124271,407
72.14846710001629,40.0586588199813,0.09263717387847634,408
72.05288958753793,40.322463256034766,0.09274656039708672,409
71.95502129757782,40.58459483174695,0.09291259415399454,410
71.85481466438982,40.84502839130897,0.09313969157470164,411
71.75224114872816,41.103738779086385,0.09343158964036971,412
71.64819879348471,41.36190076435978,0.09379521351249652,413
71.54286517851209,41.61971140015402,0.09424064605412055,414
71.43644325227021,41.87737612488657,0.09477729080130162,415
71.32899960702333,42.13489493859697,0.09539921561553368,416
71.22046448124684,42.39206240454067,0.09610475744729491,417
71.11079348201417,42.64868147135953,0.09689149843004419,418
70.99922174065622,42.90477728730079,0.09777979128201882,419
70.88591098095915,43.16059721616235,0.09877356562336444,420
70.77104195311152,43.41639700706721,0.09987614717627896,421
70.65465270940412,43.672226970826934,0.1010597685482543,422
70.53663860562192,43.92793198124867,0.10232438985940931,423
70.41691402394682,44.18336529745964,0.10366914083739324,424
70.29541238133152,44.437402469226214,0.10512087546631846,425
70.17208611118477,44.69011896272865,0.10667536595542905,426
70.04690667338284,44.94159024430825,0.10832778055981818,427
69.91986454480724,45.192877874401475,0.11009237487258801,428
69.79096924042092,45.44385188344531,0.11196325902959768,429
69.66024930157327,45.69439068719023,0.1139340902822326,430
69.52775229593794,45.94438108666546,0.11598031512441667,431
69.39354481787736,46.19371826830213,0.11809838504296472,432
69.25771248813886,46.44230580384444,0.1202841476361736,433
69.12110579385981,46.69005565667109,0.1225398080528358,434
68.98369302549698,46.93688816789917,0.12485430456099805,435
68.84546784206799,47.182732064012384,0.127216047105962,436
68.70554169160032,47.428724363450776,0.1296167655742804,437
68.56379090025258,47.675032768456404,0.13205151445886743,438
68.42011082046815,47.92184175172913,0.13451481991192876,439
68.27367000245984,48.16815263392216,0.13699681416292944,440
68.12455723721861,48.41396122355482,0.13948326606919292,441
67.9728739999215,48.659271714390805,0.14195941602969597,442
67.8194803007512,48.90289677539064,0.1444906341852295,443
67.66434760231398,49.14463516292466,0.14706555602367752,444
67.50746639365322,49.384285633500824,0.14967289259612032,445
67.34884617870722,49.62284685959565,0.15226784779480312,446
67.18851549745848,49.860339804634414,0.15485053550510952,447
67.02652191624517,50.096793817336,0.15742084322278188,448
66.86367785908132,50.33323273189728,0.15999428086826,449
66.69991356384291,50.56949723018108,0.1625627301042375,450
66.5351846368632,50.80544476454902,0.16511799734232074,451
66.36781865405295,51.03996344811826,0.16766954606479556,452
66.19780927268798,51.27314971042836,0.17020533451499542,453
66.02516283420493,51.50510836624374,0.17271339648343229,454
65.85155176272228,51.73693872459043,0.17517683896409172,455
65.67702045460308,51.96855693473631,0.17759339680441963,456
65.50163867466259,52.19989591644176,0.17996080510196683,457
65.32757739238055,52.42576108256774,0.18227677296904388,458
65.15416750405875,52.646718425928306,0.18453903461309415,459
64.97630921884188,52.868485741857754,0.18676530612158412,460
64.79435452198884,53.09170009599184,0.188959973249359,461
64.60866174924068,53.31603971128366,0.19111878004911373,462
64.41959557816342,53.54121006245165,0.1932377161122254,463
64.23200209638672,53.76324605821523,0.19531465488993702,464
64.04532635953424,53.98267805555533,0.19735423965085275,465
63.85458274930546,54.20373003602421,0.19940128824878864,466
63.65932986352785,54.424953669808616,0.20143094874564635,467
63.45987213037053,54.6459055945092,0.20343655695713966,468
63.25651397772229,54.86616131427244,0.20541186399011888,469
63.051959077622,55.085282517665796,0.2073574221600615,470
62.84636915497753,55.303361443173216,0.2092707423725003,471
62.639924960952,55.52050709969248,0.21114978872406062,472
62.4326645571561,55.73564534784957,0.2130037706819409,473
62.224483298587934,55.948696528156006,0.2148335551006493,474
62.01529556656657,56.15958936636906,0.21664053745121326,475
61.80428891853124,56.36946088333415,0.21841391526950732,476
61.59157117010763,56.578478783366315,0.22015029346844361,477
61.37726282099346,56.78682754113077,0.22184673008530043,478
61.16224290559458,56.99350849148828,0.2234810499917416,479
60.94650191095403,57.19851744219819,0.2250510638145763,480
60.730049350435834,57.40185858626141,0.22655488428872742,481
60.51291375625047,57.60453059580479,0.22800366553177842,482
60.29514269626771,57.806348998159415,0.2294019743421077,483
60.07680276461359,58.00714609104969,0.23075475520842503,484
59.85707202346467,58.20578484019205,0.2320368237961345,485
59.635887050581616,58.40233651914844,0.23325172894727203,486
59.413197107865344,58.596880786660996,0.2344031705403736,487
59.18896413416832,58.79049178056908,0.2355166180970767,488
58.96316276154276,58.98306049386572,0.23660007361887764,489
58.73578030611854,59.174494689876056,0.2376618412302699,490
58.507724341251944,59.36373281568374,0.23870667597392264,491
58.27917561795449,59.55092161335807,0.23973578923609754,492
58.05033391355485,59.73621621019756,0.24075069450516196,493
57.821256298748224,59.92076621054445,0.24170304331863185,494
57.59185715449782,60.10453807354079,0.24259264604761155,495
57.36206988801894,60.28751502870311,0.2434192377267882,496
57.1311010934629,60.46969707006627,0.2442276148521611,497
56.89907761398631,60.65110096912413,0.24502921731272082,498
56.666138976825636,60.83176026769522,0.24583571161740692,499
56.436004886482664,61.008553196453775,0.24663101304617427,500
56.20773987135619,61.18173549639625,0.24742030785912747,501
55.974859040729534,61.35451276731878,0.2482421021360808,502
55.738588647884896,61.52770760376747,0.24907313615073728,503
55.49941228411071,61.701181654468655,0.24990806122676096,504
55.25781671146901,61.87482172356007,0.25074169869368523,505
55.01524891182072,62.04635376525446,0.2515637017979031,506
54.77164546404047,62.215698120339994,0.2523830919566535,507
54.526955631148695,62.382783514756255,0.2532089661138222,508
54.277511059676016,62.552346692349325,0.2540771432825669,509
54.02261410347456,62.72522197068302,0.25499132431710825,510
53.76699987631368,62.895986080626116,0.25593119754766785,511
53.51468297511602,63.06389759064054,0.25686107003936687,512
53.26519725230127,63.22880871018675,0.2577882711642696,513
53.01515027988158,63.391058387039614,0.25874657974550136,514
52.75936617595386,63.55488318017786,0.2597617424302897,515
52.49713778356174,63.72085117860396,0.26083976076609283,516
52.2324511859453,63.88604626874276,0.2619204986477787,517
51.96575033822391,64.0500565335893,0.2630051076145572,518
51.69750456404747,64.21247634509409,0.26409447507445677,519
51.426903336944136,64.37290635539517,0.26519365361592007,520
51.15292349713548,64.5324533970715,0.2663074805633247,521
50.87603515838763,64.69100846641263,0.2674361659984111,522
50.59671001977544,64.84847932993684,0.2685797312784544,523
50.319548221371655,65.00331140549073,0.269738019283589,524
50.043807728098436,65.15575414732685,0.2709106691393923,525
49.76580119889742,65.3065542309549,0.2721015547138418,526
49.486391803635186,65.45586678959167,0.27329822141459253,527
49.205715897936074,65.60385533517085,0.2744968595033904,528
48.923928857239474,65.75167785805714,0.2756934420895275,529
48.6402975273964,65.89930919817888,0.27689450239547675,530
48.35484727691984,66.04674097087721,0.2780975490680563,531
48.06761615783013,66.19398156102989,0.2792733014075995,532
47.778654917001546,66.33985620964387,0.2804353099062457,533
47.488026977217785,66.48418463654278,0.28158795251288266,534
47.19655428824768,66.62580885491056,0.28277081360975936,535
46.90417024941407,66.76597070709485,0.2839910870673597,536
46.61082729281216,66.90493432568142,0.2852471524245354,537
46.31575103228975,67.04395831790708,0.2865108325101938,538
46.01908734674322,67.18191823641163,0.28778619581676396,539
45.720994791094355,67.3186841125484,0.289077168462453,540
45.42239044204985,67.45413436531663,0.29040528658105075,541
45.123302832673005,67.58935571256971,0.29174887879303957,542
44.82377952833097,67.72446554729963,0.29310386989778753,543
44.52388711988428,67.85959803166804,0.29445715324205124,544
44.22280367039578,67.99370417802524,0.295827792676048,545
43.92046575844932,68.12672948279156,0.2972170332266229,546
43.616076807676286,68.25862782296062,0.2985994016499555,547
43.31066171356348,68.38936147322336,0.2999923554855053,548
43.00451221582023,68.51890108749421,0.30140423961928386,549
42.69867858043649,68.64623961274671,0.30286092197506803,550
42.387877130041645,68.77396970425524,0.3043611778070542,551
42.07128020754951,68.90272862848197,0.30590812209292584,552
41.7548478820505,69.03055681503204,0.3074909042500779,553
41.43897495497904,69.15725302337269,0.3090993612209436,554
41.124084767407034,69.28261601300237,0.31072316007644835,555
40.81137503762224,69.40644454568162,0.3123340421208386,556
40.49890188501956,69.52973728162614,0.3139709486553431,557
40.186605058887906,69.65251518389306,0.3156350880417055,558
39.873697495791276,69.77480759634881,0.3173010261539071,559
39.560312382141845,69.89665225451512,0.31894311043233364,560
39.24659558740723,70.01809527786989,0.3205618710905039,561
38.93270566420903,70.13919116933435,0.32219289983818683,562
38.61427602659686,70.26060274844637,0.3238716138893849,563
38.29065025895641,70.3825123883074,0.3255980859627052,564
37.96552901842054,70.5045151084674,0.32729575514441267,565
37.63873472384823,70.62670733770358,0.3289682459680531,566
37.310102478255175,70.74919388984895,0.3306187298995855,567
36.97964180228489,70.87088805071903,0.3322360080832976,568
36.64753661933875,70.99168919965045,0.33383374681858996,569
36.31398353703211,71.11149671589313,0.33542500825727345,570
35.98078008453188,71.23020998857206,0.33697246398136727,571
35.648442356168545,71.34772839888693,0.3384962190527308,572
35.31751022927888,71.46395132801923,0.34001535919868875,573
34.98854736344356,71.5787781562272,0.34152131217550213,574
34.656015135579366,71.69390810334458,0.34303665410019646,575
34.31939031541825,71.80957385410517,0.3445827320680156,576
33.982506740399515,71.92640683082125,0.3461920356356519,577
33.64532001531493,72.04434833749009,0.3478787208527808,578
33.30779842908795,72.16335644831595,0.34965581127124146,579
32.969177127414625,72.28121999581887,0.351473017338003,580
32.62960515129545,72.39791382518388,0.3533540474503963,581
32.28923788378125,72.51341278147432,0.35532094877840004,582
31.945999533220512,72.62843127234011,0.35747757532740626,583
31.600524316370958,72.74279006739029,0.3598380183872841,584
31.253433765536528,72.85631622490946,0.36241536866572166,585
30.90442915962299,72.97004300453177,0.3651785083198735,586
30.555430271160372,73.08329268054281,0.368159377519676,587
30.206535402430738,73.19629584498023,0.37135375095354517,588
29.858744084447903,73.30809156491753,0.3747887532198939,589
29.517530868842563,73.41870501226441,0.37834863465142415,590
29.182061761592045,73.52816134008965,0.3820562701851602,591
28.846164572214906,73.63648568287286,0.386017642235574,592
28.509858327225835,73.7437031963142,0.39022580511962185,593
28.1731620530225,73.84983903594838,0.3946727559006173,594
27.835348938150855,73.95491835560625,0.39934247879411217,595
27.496593392006716,74.05896631135037,0.404230557878579,596
27.157063481709915,74.16200805906264,0.4093314444582051,597
26.817828495661075,74.26406875859173,0.4146975126479855,598
26.479211884095804,74.36517356675658,0.4203214027782932,599
26.141537097135597,74.46534764022246,0.42619507545333113,600
25.804220013576376,74.56680214155358,0.4323059819424665,601
25.467416015798808,74.66957899717406,0.43863702189964054,602
25.131274143847982,74.77373690363561,0.44517041541543,603
24.79593710387684,74.87716531788098,0.45189966030039885,604
24.46154125222647,74.97993970706949,0.45879036674974105,605
24.12821660296369,75.08213553817684,0.46580761620520267,606
23.795179264518573,75.18382827414587,0.4729464450454682,607
23.462378499434433,75.28509338131838,0.48017302880770324,608
23.129750885817227,75.38600632582397,0.48745324075147656,609
22.79812788086314,75.48664257744002,0.49481170715730116,610
22.467588761446784,75.5870776031235,0.5022141512393525,611
22.13820646216718,75.68738686964403,0.5096264469803674,612
21.809301736289015,75.78863193712631,0.5169980500910603,613
21.481090217480006,75.89068283659245,0.524281581914943,614
21.153774854961565,75.9934179840232,0.5314297391543672,615
20.827384189817064,76.09573808390053,0.5384404224360796,616
20.50177235213137,76.19774375781766,0.5452783350363275,617
20.176780787554062,76.29953562715667,0.5519085574818984,618
19.852399983063215,76.40121431502315,0.5583841634551925,619
19.52876946589154,76.50288044381924,0.5646697439038717,620
19.206016078840594,76.6046346357453,0.570730946563645,621
18.884253980369927,76.70657751246344,0.5766151353926263,622
18.56358464471877,76.80880969617937,0.5822945269025722,623
18.244096861694715,76.91143180889284,0.5877429984120336,624
17.925866735607904,77.01553056701698,0.5929596351183296,625
17.608957687989847,77.1210011561941,0.5979294861658125,626
17.293420455929933,77.22774714701727,0.6026394126181877,627
16.97838553487644,77.3334944827221,0.607065328670337,628
16.663710226585042,77.4381467334414,0.6111918677120698,629
16.34923280625168,77.54159908393046,0.6150053993264664,630
16.035680080442212,77.64592434603367,0.6186052065642538,631
15.723020338235356,77.75101770504193,0.6219877390917793,632
15.411209184271247,77.85678273119456,0.6251520135228074,633
15.102912232787034,77.96124535881111,0.6280197181318367,634
14.79856392191566,78.06436471150393,0.6305872014520008,635
14.498605031865536,78.16609362388228,0.6328527937170364,636
14.203482684236427,78.26637864045667,0.6348345637935293,637
13.911835215604727,78.36605995083936,0.6364959976576686,638
13.623786297740933,78.46523817706776,0.6378313207417943,639
13.339453259469035,78.56401393978562,0.6388632817569903,640
13.052594147517702,78.66248784210785,0.6397247684043619,641
12.762137136514234,78.76076050230674,0.6404363523214673,642
12.471659204532672,78.85991865045683,0.6408654423803,643
12.181150838101996,78.95985747159159,0.6410203419076803,644
11.890583497170875,79.06048053570711,0.6409113171731269,645
11.601563016497442,79.16071370617263,0.6406165926491925,646
11.31403548744832,79.26068276004898,0.6401451166746999,647
11.027940659130968,79.36051347422172,0.6395083289652725,648
10.74246610149281,79.46033162583359,0.6386877477759912,649
10.457694262227417,79.56026299197467,0.6376937938002103,650
10.173694904617077,79.66043334956092,0.6365391526009667,651
9.891270947691167,79.76075465504964,0.6352082861406846,652
9.610311404040123,79.86092504243251,0.6337162529853648,653
9.330698944015538,79.96064264553489,0.6320801500777979,654
9.051564056197076,80.06080551449953,0.6302739850277744,655
8.772932108968941,80.16133399002662,0.6283070809864826,656
8.494815786306386,80.26215679780879,0.6261904975763386,657
8.217215088496822,80.3622249550335,0.6239173354765288,658
7.940117330929942,80.46168939406687,0.6215019794130675,659
7.663497144591153,80.56070104711662,0.6189603994742626,660
7.387316476450117,80.66039694159545,0.6162688727047644,661
7.111524588996282,80.76072257351385,0.6134423851205908,662
6.836058060316591,80.86163182388613,0.610497206205502,663
6.562494186757367,80.96188704567035,0.6074095847028659,664
6.290756862684238,81.06123668401456,0.6041942025254621,665
6.020769982389333,81.15942918393283,0.600866722959436,666
5.75005820116396,81.25741290527198,0.5974190925359438,667
5.478688111296469,81.35515849930361,0.5938783400955339,668
5.206707278525006,81.45264500231538,0.5902722494406271,669
4.935797642455887,81.54985983773798,0.5866108561427159,670
4.665981400394686,81.64679881276666,0.5829060515373373,671
4.3972744074101024,81.74346611962557,0.5791704064348208,672
4.12968617644695,81.83888824226287,0.5753669876044574,673
3.863219878421557,81.93329157963896,0.5715074251483456,674
3.5978723420130008,82.02690253059384,0.5676036510254563,675
3.3336340559548323,82.11973367286802,0.563660943795441,676
3.070489164928838,82.21158376239693,0.5596975344689146,677
2.808415471395363,82.30225155499821,0.5557318804191399,678
2.5466385972076324,82.39273572276231,0.5517896351035424,679
2.2852790430131713,82.48305722820889,0.5478840113269363,680
2.0244446250763373,82.5732454188991,0.5440285238699403,681
1.7642304770986685,82.6621381137143,0.5401227255509993,682
1.504719047073806,82.74955922389987,0.5361875278753901,683
1.2459800986243317,82.83533266060185,0.5322432381992451,684
0.9865790356668892,82.92023572793522,0.5283578191325241,685
0.7268710184978419,83.00436590264943,0.5245488255752048,686
0.467185838729498,83.08782695026771,0.5208335858790596,687
0.20782792012256843,83.17072892642025,0.5172075945602026,688
-0.0464486618561725,83.25244859967866,0.5136837109312091,689
-0.29632251754252786,83.33326268021592,0.5102744343956475,690
-0.5454429197951794,83.4144339757421,0.5069594903778228,691
-0.7938415796065225,83.49603375976724,0.5037446176261517,692
-1.0415628923429787,83.5781416908654,0.500634950856226,693
-1.288502212152384,83.65865980370549,0.49769404435437825,694
-1.5344058527863536,83.73766775694375,0.49492627805537087,695
-1.7790328123673644,83.8152368239967,0.4923358806679277,696
-2.0223164983075126,83.89361590285058,0.4898729357360952,697
-2.2643647274125254,83.97287626720343,0.48753136600474534,698
-2.505298000858588,84.053097575821,0.48530456569442304,699
-2.7450877796129065,84.13338178029821,0.4831676312744697,700
-2.9835564833551262,84.21403074599766,0.4811166025708665,701
-3.2205392161395086,84.29534633820961,0.4791468397835817,702
-3.4567913265814836,84.37741659985738,0.4773259789773734,703
-3.6923413545348596,84.46011575349375,0.475637067919566,704
-3.92723686636638,84.54331802159143,0.4740630787721186,705
-4.1613827306056494,84.62591153310832,0.47265600362110766,706
-4.394541116489907,84.70797594703825,0.47138001742134844,707
-4.626493219774937,84.78958253714453,0.47019982343856154,708
-4.857039261346635,84.87298020181052,0.4691358824334445,709
-5.085998490166905,84.95824021497184,0.46814670648513446,710
-5.313209181704845,85.04544223564177,0.467191789222705,711
-5.538528638813302,85.13248829762017,0.4662867767161619,712
-5.761833189500309,85.21945806009741,0.4653858777309753,713
-5.983018188289671,85.30642279702754,0.46444473537325476,714
-6.202905578268424,85.39344539804443,0.46339571590618733,715
-6.421596833870348,85.48058036674067,0.46220673142020297,716
-6.639218798198318,85.56787382147898,0.4608469018439827,717
-6.854108557070592,85.65634958905376,0.4593653024126685,718
-7.0661075569996346,85.74583158124962,0.45773407017028955,719
-7.275069928846721,85.83614370977129,0.4559271541327328,720
-7.482515888129914,85.9261237949359,0.4538326913227179,721
-7.688337618316055,86.01580118456401,0.45142950333635296,722
-7.8924526715361845,86.1051968412638,0.44869754412448226,723
-8.094058131239791,86.19552325686216,0.44566616072097376,724
-8.29327766930107,86.28700683066606,0.44231602751992793,725
-8.490253984105518,86.37987396191363,0.43862932888174405,726
-8.685894637370602,86.47315113546023,0.434620233089245,727
-8.88022499776921,86.56684254370101,0.4302760932893172,728
-9.073295802635627,86.66094399381802,0.4255859990066134,729
-9.264275594107264,86.75642900299128,0.42048366529087494,730
-9.45309778002951,86.85307117171611,0.4149650492822885,731
-9.639714794741625,86.95064410043723,0.4090273916048324,732
-9.824098100795712,87.047935295235,0.40270236344934207,733
-10.00623818496777,87.14492379258088,0.3960168807121831,734
-10.186144560543033,87.24158024374083,0.38899929366246655,735
-10.362776479673116,87.3381668946495,0.3816558576882231,736
-10.535689991823798,87.43469317754789,0.37400993996348875,737
-10.704453830812035,87.53116223576843,0.3660861910659767,738
-10.86790357864784,87.62757092269582,0.35786614782290854,739
-11.03123409040804,87.72480974578131,0.3493862947840828,740
-11.195209595208258,87.8230296377135,0.3406840079069887,741
-11.35700847060137,87.92118161250797,0.33182418724096646,742
-11.51681146791547,88.01919439590277,0.32284046800298893,743
-11.674818364986198,88.11698832844284,0.31376761778342327,744
-11.831086239492965,88.21567528267623,0.3046180200078678,745
-11.985529472325073,88.31538103516283,0.2954208574790239,746
-12.138081470866398,88.41623136243682,0.2862062944929644,747
-12.288856395433466,88.51715212563757,0.2769610652276663,748
-12.438149156046842,88.61804689514649,0.26772654374587684,749
-12.586273689234096,88.71881085616474,0.2585447079756715,750
-12.733401231176186,88.82053072545234,0.24946200767014856,751
-12.879560321417134,88.92330712398797,0.24052933230861814,752
-13.024798525993672,89.02724067273508,0.23179817535931824,753
-13.168436604662622,89.1302459821786,0.223244971934573,754
-13.31071555869858,89.23240690362715,0.21490841843622338,755
-13.451889073751827,89.3337905180572,0.20682728649244536,756
-13.592061790869574,89.43663314881715,0.19891657850809508,757
-13.7311893149468,89.54098510623514,0.19120275836162381,758
-13.869239935221614,89.6468967006399,0.18371145937923894,759
-14.005448793049002,89.75223223204283,0.1763690349774717,760
-14.139964928585693,89.85702524095538,0.16919870290948708,761
-14.272943724218761,89.96129249757436,0.16222209510379026,762
-14.405292739391335,90.06623392097066,0.15536085953418521,763
-14.537024657919785,90.17205494707841,0.1486327042859894,764
-14.668164847986706,90.27895262670008,0.14205299673319846,765
-14.798751361857043,90.38711562451488,0.13572237614216873,766
-14.928834936301262,90.49672422119792,0.1296502828940085,767
-15.058478992454425,90.60795031228452,0.12384449617632338,768
-15.187013801889133,90.71975749279744,0.11817022883471526,769
-15.31468353715503,90.83207868166647,0.112644279796735,770
-15.441738713038745,90.94483002752774,0.10728065413403579,771
-15.568274461655792,91.05812472947626,0.10218010318651057,772
-15.694230531750744,91.17227303792738,0.097353654704457,773
-15.819553014307845,91.2875684329997,0.09281022209655249,774
-15.945101901526666,91.40527372094239,0.08853308699102028,775
-16.07100403620338,91.5254434054341,0.08451907938078312,776
-16.19739894550176,91.64812360502685,0.0807627640502002,777
-16.323531282121348,91.77236595752744,0.07724561968992012,778
-16.44939787432691,91.89840524739512,0.07395568281717856,779
-16.57500189262518,92.02645948879724,0.07087864909983035,780
-16.7003528519734,92.15553000934737,0.0680410736921595,781
-16.82546660759503,92.28557907596627,0.06543197085096782,782
-16.95036535697162,92.41654380012365,0.06303831587194678,783
-17.07507763761377,92.54953605290905,0.06090988773446079,784
-17.19963833092568,92.68466484143762,0.05904159194054341,785
-17.324088660554718,92.82202240252403,0.05742674815842258,786
-17.44831446716397,92.96168420408706,0.05599301198445259,787
-17.57204620932173,93.10370894150938,0.054739628729403175,788
-17.695020687836028,93.24813853988717,0.053663729361242224,789
-17.817142771242032,93.3949981533788,0.05279659360593734,790
-17.938485394012794,93.5442961671408,0.05214482841230285,791
-18.059127832867993,93.69602419603582,0.05171315288436888,792
-18.179901542468144,93.85015708671578,0.051516382810394556,793
-18.300743101468118,94.00665291331454,0.05154020992279172,794
-18.421601772910183,94.16545297968857,0.05176858913244585,795
-18.54153194589782,94.3254957235959,0.05216403755769294,796
-18.66034018461288,94.4868943443751,0.052706888453363465,797
-18.77783939550281,94.64973688592112,0.05337558710170636,798
-18.89475638545719,94.81507233210178,0.05421848786951909,799
-19.01108481279002,94.9827329799252,0.05521656191371992,800
-19.126831020202708,95.15253435611905,0.056349421075920995,801
-19.241106476553128,95.32328912089203,0.0575991505695286,802
-19.353774825661187,95.49498469631689,0.05895034781437623,803
-19.464706053613234,95.6675833490167,0.060386250765454674,804
-19.574684047354413,95.84222210891927,0.06184436219630616,805
-19.683759543688364,96.019035138675,0.0633144539839587,806
-19.791995963814536,96.19813983066213,0.0647845611656075,807
-19.89856185477302,96.3784368881758,0.06630889105382134,808
-20.003377940042522,96.55978795610697,0.06787060480060837,809
-20.1063712853697,96.74202952389675,0.0694516550910201,810
-20.20838285379822,96.92715893727086,0.0710868432887243,811
-20.30952046238995,97.11497914539054,0.07276570976607738,812
-20.40990461257443,97.30528471228995,0.07447696420926433,813
-20.508760935062902,97.49588962543594,0.07625359383307467,814
-20.606067231694727,97.68698255074116,0.07809450715748556,815
-20.701807646582747,97.87872699866017,0.07999808373452924,816
-20.795226827852105,98.07224741626662,0.08196143969016276,817
-20.886476987021805,98.26745156763758,0.08396079136097707,818
-20.975710335722702,98.46423044652704,0.08597190172733676,819
-21.064732481550394,98.66245828018353,0.08803565890927349,820
-21.153708320568217,98.86199252119256,0.09016002692684653,821
-21.242815433231304,99.06267385184807,0.09235289399198128,822
-21.330590685421598,99.2655260957853,0.09459662563244203,823
-21.417224341138503,99.47057860166761,0.09688725931161578,824
-21.502906664473308,99.67785233298916,0.09922060576207652,825
-21.58857376109308,99.88517386091745,0.10155477594516621,826
-21.67426051267144,100.09253060777846,0.10388867551105549,827
-21.76000814315935,100.29988484044237,0.10622068112858196,828
-21.845118377400798,100.50935967790339,0.10856642988162654,829
-21.929800506082607,100.72088384706123,0.1109195416745807,830
-22.014263819985835,100.93437768964924,0.1132732586726843,831
-22.099463448069855,101.14876707026437,0.11562931049553929,832
-22.18545329815569,101.3641609961977,0.1179783371891903,833
-22.27229362032001,101.58065170443801,0.12031067644377227,834
-22.35930516867581,101.79930075330708,0.12263413527927028,835
-22.446716260553558,102.0199614034959,0.1249347445210188,836
-22.534755213378443,102.24247853052576,0.12719838375713527,837
-22.622742787482903,102.46570252699091,0.12946670839793023,838
-22.710739232767448,102.68966693377844,0.13173915342644218,839
-22.798798457114668,102.91438852142576,0.13401537993254142,840
-22.887875590261487,103.13888119764246,0.13633462738648805,841
-22.978179921855332,103.36333362911732,0.138697315510996,842
-23.069920741697263,103.5879093270458,0.14110439201519476,843
-23.162399776250826,103.8137327394282,0.14352108263602598,844
-23.25565824943018,104.04071162993726,0.1459356837277771,845
-23.349731043136046,104.26873699189349,0.1483367932445916,846
-23.443900859437292,104.49888296076259,0.1507507673966666,847
-23.538345277530826,104.73122919647315,0.15316326317964882,848
-23.6332291924478,104.96584697372938,0.1555605412971294,849
-23.7294506569026,105.20061317484195,0.1578989451905405,850
-23.826993815100767,105.43556553328028,0.16016379104204662,851
-23.92583646926994,105.67071662700242,0.16234077198009733,852
-24.025204242248837,105.90725379179752,0.1644020657671285,853
-24.12521763350044,106.14536150167217,0.16634552476197764,854
-24.225984458361136,106.38520746025665,0.16816922736502227,855
-24.327599844594253,106.62792869436174,0.1699166377956037,856
-24.43014623973135,106.87345393040313,0.1715981370901101,857
-24.53369340714914,107.12170350957058,0.1732246344789604,858
-24.6382984302424,107.37160329382593,0.1747732110647057,859
-24.744005703070876,107.62326229045506,0.17624598356211435,860
-24.85084693557548,107.8767727363639,0.17764537021945415,861
-24.958841157764535,108.13101018240128,0.17895631301762976,862
-25.067994711726257,108.38581111807069,0.18018552972649698,863
-25.17830125546073,108.64098687734075,0.1813398885055668,864
-25.28974175584312,108.89872347008776,0.1824372503757987,865
-25.402284501037524,109.15922633251868,0.18348679267097484,866
-25.515885095072175,109.42269251561585,0.18449791888098835,867
-25.630648188075206,109.68811077024176,0.18540653375089472,868
-25.746827464870123,109.95543917166111,0.18621233626061462,869
-25.864663926188456,110.22461902475997,0.18691472288626526,870
-25.983478329338457,110.49557485992915,0.18757760968024265,871
-26.10331823989315,110.76821444065914,0.1882117927728705,872
-26.22421219720153,111.0424287600324,0.18882821877295067,873
-26.347077274549704,111.31809204398162,0.18940749989242364,874
-26.472072025087712,111.59506174542692,0.18995873298133764,875
-26.599342317882783,111.87317854690292,0.19049093887982851,876
-26.72811377067211,112.15445236681028,0.19106326804546114,877
-26.85833881758844,112.43870711673247,0.1916868917710635,878
-26.989950866487952,112.72576670815131,0.19237328311691781,879
-27.12377186687982,113.013269045351,0.19311257284482763,880
-27.259865240160075,113.30102127000731,0.1939128372275069,881
-27.398281723649824,113.58881375340314,0.194782303023609,882
-27.53740597469989,113.87762000668312,0.19568303955949107,883
-27.677250676781288,114.16741906707854,0.19662897730426576,884
-27.817803145015585,114.45818158654095,0.19763381978296984,885
-27.959932885604864,114.74965601289237,0.19871607371095365,886
-28.10374454480538,115.04136858539678,0.1998794311906055,887
-28.249323742653395,115.33283715805507,0.20112743292048896,888
-28.396737073691995,115.62378502065961,0.20247427353378575,889
-28.546032103457648,115.9141408997479,0.20392519996255387,890
-28.69723737128035,116.20382513659086,0.20548538321302326,891
-28.85036238222174,116.4949356979044,0.20712059124859283,892
-29.005397622952184,116.78739292484747,0.20883554158864906,893
-29.162314553874484,117.08112554362809,0.21063457412248088,894
-29.32106561375336,117.37487074996469,0.212491142790673,895
-29.4815842108537,117.66835183367084,0.2144066771127849,896
-29.64378472720697,117.96129208445495,0.21638200232626598,897
-29.807724244675594,118.25341479124933,0.2184204420683082,898
-29.973602540791376,118.5444432452668,0.22050821347018199,899
-30.14160036686871,118.83410073760326,0.22263100487163523,900
-30.310971885311034,119.12331047133299,0.22478479734039386,901
-30.481691727328666,119.41201794347586,0.2269562261931106,902
-30.65370915575921,119.70017703606406,0.22913147357478106,903
-30.82785562384765,119.98775001872485,0.2313217316186398,904
-31.00419772358539,120.274707544068,0.2335239802309614,905
-31.18278302072308,120.56102864973306,0.23573489717530155,906
-31.36364005401882,120.84648693501344,0.23803269308219302,907
-31.546778338220633,121.13065056505526,0.24040063634714406,908
-31.73218836182429,121.4130960900183,0.2428223727574143,909
-31.919841587988092,121.69362226735012,0.24522672785339716,910
-32.10969045034684,121.97225006022548,0.24760535906431838,911
-32.30166835629918,122.24900881683888,0.24994984818021312,912
-32.49568968175226,122.5249223635905,0.2522999672752354,913
-32.69164978225254,122.79983138259078,0.2546455954941477,914
-32.88942498706747,123.07359332611624,0.25697691402143436,915
-33.088126766760844,123.34608241249839,0.25927552288028743,916
-33.28774877936329,123.61718963529715,0.2615340586462095,917
-33.48825931451571,123.88682275820322,0.26374538439451833,918
-33.69125468374946,124.15490632173474,0.2659311611129465,919
-33.89666512401081,124.42138162990128,0.2680830064836743,920
-34.10440818809375,124.68620675689445,0.27019299126250546,921
-34.31364291222687,124.94935654334431,0.27222699799768457,922
-34.524416862127026,125.21082260473777,0.2741835545563122,923
-34.73675857724847,125.47061332671129,0.27606141533492146,924
-34.950677570515836,125.72875386414553,0.2778881239877133,925
-35.1661643283693,125.98528614322598,0.2796611897977795,926
-35.38319031098625,126.2402688602797,0.2813785750837235,927
-35.60170795751076,126.49257756653219,0.28299042721386025,928
-35.8216506760139,126.74208229212272,0.2844971587984356,929
-36.04293284834262,126.98866145218017,0.2858992578159292,930
-36.265449819161475,127.2343878564077,0.28721508914134375,931
-36.48907791766726,127.47917346051744,0.28844159237531974,932
-36.71367444674906,127.7229553755177,0.28957593382354613,933
-36.93923940776802,127.96569586608393,0.2906587237719933,934
-37.16591549836527,128.2073823555321,0.2916955876208083,935
-37.39382638988265,128.44802742245489,0.2926926794731306,936
-37.62382256445821,128.6864688896228,0.29362425173806406,937
-37.85583425965535,128.9225474389796,0.2944915088072119,938
-38.08977902888439,129.1561205226284,0.29529595715338935,939
-38.3248159038003,129.38826227430056,0.2960216656863531,940
-38.560992449670756,129.61908589418405,0.29667445059919456,941
-38.798337205464094,129.84872973774455,0.2972602792811711,942
-39.03685968891011,130.07615739927334,0.29779797702547955,943
-39.27655038684069,130.3013353382986,0.29829966132004215,944
-39.517380759825635,130.52424678446442,0.29877767618860496,945
-39.760049067437876,130.74587783611864,0.29925542323721843,946
-40.00433333689963,130.96603982603955,0.29974769542547697,947
-40.24999891122473,131.1845692423134,0.30026958797551734,948
-40.496960173983204,131.40132772847738,0.3007932810285659,949
-40.74528054710787,131.6162020854413,0.30132647373142923,950
-40.995010768331625,131.82910426941496,0.3018768654754109,951
-41.24618889067278,132.03997139211788,0.30243439838099645,952
-41.498840282958604,132.24876572057798,0.3030104725103465,953
-41.752977629814495,132.45547467712453,0.3036163371681449,954
-42.0086009308458,132.66011083857072,0.30429357913411387,955
-42.265697501785404,132.86271193810944,0.3050552985953761,956
-42.524241974159864,133.06334086422729,0.3059146714893465,957
-42.78419630107351,133.26088574597273,0.30681624932939916,958
-43.045509746404115,133.45523757647638,0.30775364968272384,959
-43.30811888986469,133.64630411901234,0.30872011268822025,960
-43.571947613524834,133.83619591678666,0.3097270525395738,961
-43.836907128502496,134.02487104361094,0.31078435828214857,962
-44.102895961648095,134.21232111374977,0.31190161738670735,963
-44.36979996757516,134.39638527057176,0.31312668972420105,964
-44.6374923040314,134.5771054396838,0.3144477593614953,965
-44.9058334445918,134.7545403168217,0.3158530859499014,966
-45.17483289606475,134.92975146190548,0.31731519318592777,967
-45.444649212233095,135.10262567675127,0.31883004044610924,968
-45.715428262654115,135.27307491844948,0.32039351185725257,969
-45.987141500191065,135.44202239473557,0.3219709511368768,970
-46.259585979483994,135.60922493527417,0.3235559338678603,971
-46.532546070876286,135.77447291017438,0.32514173407501834,972
-46.806701022855435,135.9366041397594,0.32675372183900614,973
-47.08197790122568,136.09568151246899,0.3283905765325101,974
-47.35829742966173,136.251793072059,0.3300509023342806,975
-47.63482815756918,136.40505201239378,0.33171161371941454,976
-47.911633505524776,136.555596689454,0.3333671647741366,977
-48.18876420986785,136.70359061449005,0.33501178333445913,978
-48.4670041453877,136.85020855270827,0.3366985496402361,979
-48.746223299553876,136.99545888873965,0.33842168675299134,980
-49.02628531763071,137.13938354767774,0.340175644736182,981
-49.30704750926283,137.2808580808069,0.3418801934146908,982
-49.58836083615576,137.41976928767542,0.34353732991396785,983
-49.87006991785715,137.55602912314953,0.3451486741737223,984
-50.15217475513571,137.68957469611476,0.3467509849183003,985
-50.43483073040759,137.82036827479823,0.34833773157956893,986
-50.71818688392948,137.94839728272436,0.3499023083985604,987
-51.002224180897684,138.07466039439714,0.3514025411196531,988
-51.286755531044264,138.1989899055787,0.3528390662297295,989
-51.57158750186639,138.32125165250253,0.3542121432179867,990
-51.8566820495428,138.44035891574913,0.35557875744205086,991
-52.14215650259743,138.55645005154642,0.3569350244780777,992
-52.42812184738226,138.66968857141367,0.35827713571797504,993
-52.71542855071595,138.78124924349262,0.35956779695510227,994
-53.004019534311944,138.89114045242118,0.3608145955468059,995
-53.2938377197432,138.99940412334294,0.36202489290583584,996
-53.58317264795206,139.10491579393857,0.3632146647657024,997
-53.871954557038634,139.20756226435842,0.3643889668994025,998
-54.160101000796914,139.3072554900062,0.3655527043539791,999
-54.44917023511406,139.40393259418502,0.3666840085498219,1000
-54.73906712919147,139.49755584282542,0.3677930326972795,1001
-55.02969655213235,139.5881126572087,0.3688895528833004,1002
-55.32021754060575,139.6756156072286,0.3700045698507163,1003
-55.610690344755646,139.7601024264891,0.3711511090671258,1004
-55.90116887251799,139.841636003887,0.37234196981985773,1005
-56.19244651178917,139.9212904853807,0.3735523135044563,1006
-56.48440910606052,139.99897363308582,0.3747980300480302,1007
-56.77694249864221,140.0746267496279,0.37609448143991664,1008
-57.06993253968032,140.1472385826288,0.37751478298609076,1009
-57.36326507028698,140.21702295289305,0.37905259608413877,1010
-57.65682593145419,140.28421883656668,0.38070158252358305,1011
-57.94975513129371,140.3488765367658,0.3824719733778037,1012
-58.24209389509657,140.41085769881076,0.38437097651218566,1013
-58.53387710590804,140.47004912330468,0.3864058756268369,1014
-58.82587912739785,140.5275626910965,0.38847987174036963,1015
-59.11796677495316,140.58355771926207,0.3905880971344863,1016
-59.410006863759676,140.63822706538915,0.392725005154936,1017
-59.70202793054887,140.69158330441059,0.39495229510213703,1018
-59.99422024073174,140.74345873500914,0.3972616597660995,1019
-60.28677405949036,140.7937191963552,0.3996446415047888,1020
-60.5797179451198,140.84007805913564,0.40205899419545604,1021
-60.872918714506085,140.88245147069188,0.4045072062941966,1022
-61.166243184439274,140.9207723485597,0.40699131346441636,1023
-61.45955815302637,140.95717639130967,0.4094951889405973,1024
-61.75273043700875,140.99164682747298,0.4120236631453027,1025
-62.04562685288803,141.02420042609108,0.41458096307453274,1026
-62.33827593988069,141.05488749701587,0.4171529542875075,1027
-62.63086796114715,141.08379189335832,0.41974636014157285,1028
-62.92359317960338,141.1110310087304,0.4223671495500498,1029
-63.21648014194213,141.1355558613628,0.4250413725333291,1030
-63.509395665061156,141.15732871725075,0.42775638039429237,1031
-63.80220656566604,141.17633699774166,0.4304989963292021,1032
-64.09477965893143,141.1925932782949,0.43332034161315836,1033
-64.38698176100964,141.20613529107024,0.4362181884753407,1034
-64.67867968785117,141.21702592356945,0.439190234049958,1035
-64.97064780036307,141.226339321921,0.4421642763098371,1036
-65.26292098183117,141.23398324973562,0.4451354058157326,1037
-65.55554045735936,141.23989901118426,0.4480981097633111,1038
-65.8476462471567,141.24286152744742,0.45108057586958195,1039
-66.13912419588416,141.24265697601493,0.4540859316441253,1040
-66.42986014797472,141.2390966897258,0.45711692749531,1041
-66.72139333335726,141.23223099321837,0.46018601572857354,1042
-67.013622276545,141.22234917358924,0.463276100214587,1043
-67.30645818603925,141.20976567339727,0.4663698588600142,1044
-67.59817155629173,141.19559234770233,0.4695037653338796,1045
-67.88868628547951,141.17956087104423,0.4726700363407585,1046
-68.17792627144826,141.16143645845753,0.4758610401827389,1047
-68.46746880720697,141.140031786302,0.4790851255898493,1048
-68.75725047215475,141.11538458726596,0.482327418607821,1049
-69.04722052964415,141.0875577494925,0.4855733478352791,1050
-69.33643336086799,141.05762540346038,0.48882331264160384,1051
-69.62469553342405,141.02549531062942,0.4920730430362075,1052
-69.91181995666665,140.99110877301737,0.4953186472076201,1053
-70.19853344660105,140.95345454778237,0.49852108315896393,1054
-70.4848296596321,140.91274645601138,0.5016846211926868,1055
-70.7707149361091,140.86922347425576,0.5048136076629587,1056
-71.05530074411229,140.8229359045073,0.5079626223400077,1057
-71.3384507302957,140.77374539012715,0.5111384558436465,1058
-71.6200348831292,140.72153872987957,0.5143483522907952,1059
-71.9006753437836,140.66841389909376,0.5174850698741893,1060
-72.18009940327755,140.61432477664408,0.5205424510628756,1061
-72.45804703638936,140.55926716720847,0.5235139617490749,1062
-72.73443264534889,140.50109279122256,0.5264072985315849,1063
-73.00934501952244,140.43986453794798,0.5292248797374486,1064
-73.28288563219137,140.37567045212646,0.5319688222380937,1065
-73.55500691532434,140.3086237320666,0.5347513407332161,1066
-73.82551226301655,140.23886273092396,0.5375594495771698,1067
-74.09421775326493,140.16655095732915,0.5403807677070983,1068
-74.36260553524342,140.09166327288975,0.5431159203184879,1069
-74.63052974327606,140.0139858543399,0.5457549721236752,1070
-74.8978698797859,139.93333003403444,0.548287913044437,1071
-75.16287741622442,139.85073219826617,0.5507764459241593,1072
-75.42546990514164,139.7662761976105,0.5532167210493767,1073
-75.68557758288911,139.68007942328347,0.5556053424700824,1074
-75.94388921167526,139.59109289949146,0.5579698389671559,1075
-76.20020501605589,139.4992788906023,0.5603098674062947,1076
-76.45434424656595,139.40462481653734,0.5626257648188346,1077
-76.70705272268172,139.3081293555592,0.5649579465597062,1078
-76.9583558151326,139.2096248042573,0.5673084098417921,1079
-77.20830426262823,139.1089769999882,0.5696801343018559,1080
-77.4568124603174,139.00509922867394,0.5720033562464667,1081
-77.7036584334733,138.89812984267897,0.5742728660844437,1082
-77.94864557545061,138.78823235000635,0.576483907971428,1083
-78.19085681520835,138.67559540611745,0.5786499286784818,1084
-78.43030166412638,138.5604328324076,0.5807633826570079,1085
-78.6670086595529,138.44298360583977,0.5828173290291238,1086
-78.90102536438812,138.32329803695748,0.5848555973729979,1087
-79.13241837265264,138.20123777111948,0.5868747500938308,1088
-79.36127330431381,138.07668960924724,0.5888723317709228,1089
-79.58844063634683,137.94956551595305,0.5909020788611208,1090
-79.81388865929605,137.81980260191077,0.592956250472912,1091
-80.03761103175285,137.6873631334246,0.595028540985632,1092
-80.25797339379692,137.55244833928109,0.5969959657195325,1093
-80.47500745162488,137.4154984404089,0.5988541932899587,1094
-80.68875759528854,137.27697881325307,0.6005994214130846,1095
-80.90018846641424,137.13596626216986,0.6022283556103861,1096
-81.10953789567283,136.9923266270007,0.6037382400554071,1097
-81.3170627397641,136.84594251801437,0.6051268479037422,1098
-81.52213130291925,136.69889931856866,0.6063334677181178,1099
-81.7248704285704,136.55112994865968,0.6073564766597808,1100
-81.9254196438925,136.40260086897064,0.6081943281450678,1101
-82.1231853505169,136.25112606080847,0.6089114987417499,1102
-82.31848782507333,136.09672229811642,0.6095013489215155,1103
-82.5116536859994,135.93942312512831,0.609957843479098,1104
-82.70376170150277,135.7814648761642,0.6102566724727074,1105
-82.89499579206748,135.62293140431854,0.6104139600426322,1106
-83.08555256190871,135.4639401033703,0.6104462085882137,1107
-83.27564132300719,135.3024558977554,0.6103841598458287,1108
-83.4654840473645,135.13864649279077,0.610233671728205,1109
-83.6553153908972,134.97269636416496,0.6100011310546429,1110
-83.84447513813403,134.8045929257197,0.6097594403667438,1111
-84.03305525230736,134.634126549465,0.6095107862271903,1112
-84.2211540384387,134.46110437770545,0.609258412529193,1113
-84.40903785222623,134.2865502386879,0.6090637720516006,1114
-84.5971411278474,134.1105270259508,0.6089288352840544,1115
-84.78590464116168,133.93312278846642,0.608857083227989,1116
-84.9748679550615,133.75445072295955,0.6087632107104868,1117
-85.16431646362969,133.5746491882036,0.6086300105235052,1118
-85.35453556052809,133.39388169835067,0.608441181873225,1119
-85.54490310913332,133.21015090329612,0.6081553833267463,1120
-85.7355364363352,133.02365385546636,0.6077847767251547,1121
-85.92654652669346,132.83459599228982,0.6073421278828144,1122
-86.11894557702594,132.64319114532128,0.6068902415651591,1123
-86.31299995365407,132.44966152445778,0.6064242941005137,1124
-86.50897602266693,132.25423772465956,0.6059405188801554,1125
-86.7062325826503,132.05814481135016,0.6053810149257745,1126
-86.90486793623293,131.8614247114962,0.604751372103921,1127
-87.10497404360261,131.66413612222135,0.6040577844168196,1128
-87.30663654909308,131.4641685017785,0.6032498797935266,1129
-87.50993472822087,131.2615973174454,0.6023384578503362,1130
-87.71494151426558,131.05649803635308,0.6013344689785665,1131
-87.92081592914099,130.85014603105972,0.600242074357626,1132
-88.12745015354754,130.64283897322352,0.5990782292786209,1133
-88.33472368374561,130.43488291943993,0.5978599644001976,1134
-88.54341088651243,130.22659232088836,0.5966360628482279,1135
-88.75353395562871,130.01829000644662,0.5954086082020095,1136
-88.9651087425356,129.81030718999497,0.5941800614954573,1137
-89.17814476924796,129.60178355362038,0.5930026592756356,1138
-89.39264520569441,129.39284487515505,0.5918608132110778,1139
-89.60860687955132,129.18361693226785,0.5907397652566321,1140
-89.82511272195708,128.97422549405718,0.5895182798998573,1141
-90.04197881052644,128.7647963361144,0.5881843526420498,1142
-90.25900853852319,128.55545523380937,0.5867259786644239,1143
-90.47615432199454,128.3475278765229,0.5852403997665958,1144
-90.69351763104902,128.1413622499393,0.5837183759522548,1145
-90.91118725132371,127.93731472464948,0.5821514975881593,1146
-91.12998513170841,127.73455015089226,0.5804877763080039,1147
-91.3498193098111,127.53321946042877,0.5787297056075682,1148
-91.57059148098853,127.33347358485983,0.5768802317538824,1149
-91.79219701311328,127.13426354031745,0.5749129887157873,1150
-92.01452491976295,126.93551805128008,0.5728507750926324,1151
-92.23745787236695,126.73715745691455,0.5707165400720045,1152
-92.46177974176952,126.54029363727157,0.5685593105005481,1153
-92.68752857919863,126.34505237027118,0.5663756919245141,1154
-92.91474243574042,126.15155943374688,0.5641627427462358,1155
-93.14180598606255,125.95874066683758,0.5620113139916263,1156
-93.36874459988931,125.7664996406743,0.5599296717808685,1157
-93.59557096266212,125.57473154096978,0.5579272142489846,1158
-93.82303090920166,125.38353700107258,0.5559357558462482,1159
-94.05095636934838,125.19322207695627,0.5539663612228894,1160
-94.27917293080199,125.00408443927243,0.5520306231399174,1161
-94.50749984227143,124.81619955430017,0.5500156030138389,1162
-94.7357500129465,124.62942067922145,0.5479387361899305,1163
-94.9637300098784,124.44359268591442,0.5458170045868066,1164
-95.19214761414403,124.25855207156913,0.5436947646170744,1165
-95.420964775274,124.07412694016409,0.5415652926018568,1166
-95.6501434427686,123.89013701044544,0.5394217135325945,1167
-95.8796455802939,123.7054075218053,0.5372531325342845,1168
-96.10943313498304,123.519946859233,0.5350446750859582,1169
-96.33946805405718,123.33374663732947,0.5327813151820917,1170
-96.56971225527384,123.14896770864468,0.5305451572770421,1171
-96.8001276862921,122.96558491718734,0.5283388807004117,1172
-97.03067629463045,122.78357310687639,0.5261656931416241,1173
-97.26132002937175,122.60290712373101,0.5239251382820412,1174
-97.49202083831963,122.42356181197624,0.5216091741829152,1175
-97.72274066914794,122.24551201576242,0.5192095322464976,1176
-97.95269565169698,122.06753265338371,0.5166829127312113,1177
-98.18200311817523,121.88937636410934,0.5140490942573221,1178
-98.41077405865073,121.71078740189354,0.5113272510059432,1179
-98.63985893795487,121.5327015595371,0.5086591175438028,1180
-98.86920067761825,121.35506852518908,0.5060540165892798,1181
-99.09874219903372,121.17783798691069,0.5035216482168793,1182
-99.3291722580664,121.00095964411099,0.5010404368860615,1183
-99.56027839392944,120.82438318239643,0.4986359356556507,1184
-99.79185448782802,120.64805828738244,0.49633377303757586,1185
-100.02295494430768,120.47094854070556,0.4941125551768989,1186
-100.25354170825575,120.2932090670863,0.4919823638404244,1187
-100.48357672455312,120.11498660601352,0.4899530539839552,1188
-100.71302192565648,119.93740560823328,0.48793007939949984,1189
-100.94183925996401,119.76039060692861,0.4859105313136723,1190
-101.16999067575829,119.5838661352214,0.483890519276477,1191
-101.39743812045938,119.40775672502342,0.48192999730039865,1192
-101.6241435423365,119.23198690933765,0.48003511685107103,1193
-101.85006888953642,119.05648122109712,0.4782115007287211,1194
-102.07608366828718,118.88116420626798,0.4764102354108499,1195
-102.30231789318033,118.70596040028931,0.47462588535869144,1196
-102.52890792080942,118.53079433862078,0.47285210895449464,1197
-102.75508890717036,118.35460445005242,0.471109012042765,1198
-102.98084182382823,118.17752070415425,0.46940399584046366,1199
-103.20614764235506,117.99966468527467,0.46774370624447864,1200
-103.43173315407749,117.8221356977685,0.46614754160701877,1201
-103.65742395145367,117.64483311663179,0.464647585479606,1202
-103.88305196895325,117.46765631688875,0.463275166352665,1203
-104.10770964973219,117.29050466355662,0.46201688044688133,1204
-104.33139699525114,117.11327753480674,0.46087344324618695,1205
-104.5541140068584,116.93587430874928,0.45984458855989024,1206
-104.77676825886526,116.75720828205121,0.4588985778336111,1207
-104.9995278159044,116.57738427158326,0.4580310364173494,1208
-105.2225670847473,116.39649870908906,0.45723638143173295,1209
-105.44590505973716,116.21682564991902,0.4565421993851563,1210
-105.66940538387998,116.03846152130362,0.45595033966482945,1211
-105.89293804208543,115.86151113566481,0.4554616702538074,1212
-106.11637939150711,115.68390167903377,0.45516247269159077,1213
-106.33961210085403,115.50573796380942,0.4550676583394402,1214
-106.5625251809724,115.32711641725967,0.45519176086541524,1215
-106.78426813695158,115.14911116610605,0.45547138520640806,1216
-107.00489804986412,114.971596433969,0.45590245301348536,1217
-107.22447200067192,114.79444644440724,0.45647997976763455,1218
-107.44379290379995,114.61774925444603,0.4571764849728692,1219
-107.66276245198864,114.44180672838608,0.45798117556952955,1220
-107.88128868001347,114.26692073056736,0.45888220144834857,1221
-108.09928598195522,114.09219320993672,0.45985775440397286,1222
-108.31667508003873,113.91770382445478,0.4608957162521355,1223
-108.53338303864366,113.74352384696775,0.4619828361019854,1224
-108.74934324761789,113.57070225797565,0.4632062676484052,1225
-108.96449545943184,113.3990881242005,0.4645378448910724,1226
-109.17878576856775,113.22853051239221,0.4659490997903144,1227
-109.39232834995917,113.05789239550836,0.46745713726549065,1228
-109.60540542719163,112.88722828112613,0.4690658512534277,1229
-109.81830556598476,112.71658429168146,0.4707790600048622,1230
-110.03116195284598,112.54599816516927,0.47251214539397474,1231
-110.24395238995669,112.37549924951644,0.47424891218391757,1232
-110.45666102165197,112.20510850753031,0.47597248544996057,1233
-110.66837075997756,112.0358245970613,0.47773901776794403,1234
-110.8789103707043,111.86744627195989,0.47954042399002317,1235
-111.08810861949279,111.69977228601277,0.48136846783351045,1236
-111.29670182903804,111.53281522823445,0.48318429468883495,1237
-111.50468682497595,111.36680149790007,0.4849772248856635,1238
-111.71206677497322,111.20195749431728,0.4867362012296549,1239
-111.91885120547376,111.0373097002354,0.4885068923294375,1240
-112.12505597181152,110.87286230865392,0.4902740846883998,1241
-112.33070327146645,110.70861112744184,0.49202264014656183,1242
-112.53656747972157,110.54454359189853,0.4937197521744997,1243
-112.74252809635401,110.3806387372785,0.49535413041207177,1244
-112.94847730542521,110.21686721381184,0.4969144089519075,1245
-113.15357414109423,110.0531912751477,0.4983802541172067,1246
-113.35789153854562,109.88956480414163,0.4997420019511439,1247
-113.56150877511918,109.72593329852529,0.5009898373336092,1248
-113.76451145157355,109.56343378567108,0.5021906240299991,1249
-113.96699152666227,109.40221719995772,0.5033310023692719,1250
-114.1690473011608,109.24243447578685,0.504398065684687,1251
-114.36987587699025,109.08303661770606,0.5054194379324882,1252
-114.56942017583246,108.92395235085651,0.5064045167817247,1253
-114.76762311938671,108.76510201514846,0.5073633791549198,1254
-114.96533518878678,108.60639757969768,0.5082686083421053,1255
-115.16266737277434,108.44774261696733,0.5091140888288075,1256
-115.35973700224105,108.28903231428919,0.5098941579588474,1257
-115.55741356676118,108.13135340148597,0.5106499621042884,1258
-115.75567169629365,107.97480649999729,0.5113713473174368,1259
-115.95449870495068,107.81949223138713,0.5120489902884398,1260
-116.1522412159861,107.66431127583303,0.51266739409859,1261
-116.34889923128226,107.50914204862607,0.5132245935656203,1262
-116.54447275274141,107.35385457982734,0.5137193782677649,1263
-116.73970759959602,107.1995104427487,0.5141424489962897,1264
-116.93444838833543,107.04618510119228,0.5144959559197089,1265
-117.12854607747921,106.89395401899303,0.5147827287334434,1266
-117.32201969310157,106.74267884014401,0.5150132274761123,1267
-117.51505633376487,106.59200739102862,0.5151859395676086,1268
-117.70784944004266,106.4415874980545,0.5153001074378352,1269
-117.90043706931417,106.29128080788225,0.5153557320479836,1270
-118.09270189086051,106.14116278492438,0.515353567440847,1271
-118.28453291599284,105.99130889362715,0.5152951226902138,1272
-118.47582549823092,105.84179459863009,0.5151845875229595,1273
-118.6664813331297,105.69269536453996,0.5150288319766938,1274
-118.85640845827474,105.54408665599819,0.5148354811213401,1275
-119.04477543808815,105.39484401073838,0.5145422784684954,1276
-119.23165838074365,105.2448206900283,0.5141348020666838,1277
-119.41713339444745,105.09386156991644,0.5135989317195175,1278
-119.6029299450121,104.94398917695298,0.5130054255844401,1279
-119.78913682490725,104.79504838703285,0.5123529236790897,1280
-119.97585551062025,104.64689246134051,0.5116409723063948,1281
-120.16229262119235,104.49839693854709,0.5108414300257964,1282
-120.34840693142192,104.34963728424128,0.5099573550584928,1283
-120.5341635581412,104.20068896405147,0.508992485159318,1284
-120.71953396310963,104.05141362282987,0.5079226707095729,1285
-120.90449595449665,103.90145908347084,0.5067547006442501,1286
-121.08903368249983,103.75047316891288,0.5054958169170468,1287
-121.27313761994367,103.59930361769159,0.5041822974016739,1288
-121.45680459789368,103.44782045964774,0.5028205954083466,1289
-121.64003778930632,103.29590210981948,0.5014178439139766,1290
-121.8228467272866,103.14244927533483,0.4999208650630373,1291
-122.00524726538302,102.98756257818087,0.49833385107722994,1292
-122.18726159918792,102.83134264039492,0.4966612207032143,1293
-122.36801069015937,102.67487616388205,0.4949114685702778,1294
-122.54736135512024,102.5180583317896,0.4930971616940506,1295
-122.72518041065982,102.36079271236935,0.4912310936285831,1296
-122.90298806726025,102.20299128600271,0.4893726365821497,1297
-123.080663825511,102.04457439137884,0.48752963912264097,1298
-123.2580998700335,101.88547075249846,0.4857105541087536,1299
-123.43445523522313,101.72561746711821,0.4838526443286886,1300
-123.60980285659954,101.56496003282558,0.4819592702300037,1301
-123.7842220115835,101.40345233241938,0.4800338679113642,1302
-123.95854413753146,101.24204274092632,0.47811431747390526,1303
-124.13270581689429,101.08049647252085,0.4762140534198408,1304
-124.30665631601411,100.91859551185271,0.47434681266260487,1305
-124.4803576031791,100.75515252057265,0.47249420675391895,1306
-124.65378430929911,100.59018846083704,0.47066457846568077,1307
-124.82692374932661,100.4237326801275,0.46886634634803975,1308
-124.99886836409902,100.25582289754843,0.46704701252207376,1309
-125.16946277041264,100.08650522867354,0.4652108406209323,1310
-125.33855792698071,99.91583417430623,0.46336171692570866,1311
-125.50691867644113,99.74485872975828,0.4615159119380799,1312
-125.67457673169677,99.57344473278437,0.4596824090506316,1313
-125.84157648955312,99.40147479162891,0.4578698900502523,1314
-126.0070674881205,99.22786217546548,0.45611526567635663,1315
-126.17095142208319,99.0527284671969,0.45442491589343026,1316
-126.33313632803623,98.87620363495286,0.45280514532028376,1317
-126.49518998392021,98.69821223994802,0.45121396532774016,1318
-126.65704580180609,98.51847337795444,0.44965907135470395,1319
-126.81865621995449,98.33671453019633,0.4481477062232603,1320
-126.97833930448606,98.15288535650504,0.44669551164581994,1321
-127.13607285489675,97.9671577520632,0.4453069822916167,1322
-127.29184101259983,97.77971199728708,0.4439862354765747,1323
-127.44563424443723,97.59172285302236,0.4426856767108128,1324
-127.59744937927535,97.40318193373024,0.4414236152801055,1325
-127.74728958775684,97.21409762426828,0.4402175302267305,1326
-127.89681777845212,97.02449510879642,0.4390872063490806,1327
-128.04606249015637,96.83441631333149,0.43803506100049533,1328
-128.19507128772185,96.643919934508,0.4370627570443843,1329
-128.34300322187863,96.45188150812348,0.4362136361156207,1330
-128.48977584724187,96.25817106287928,0.43547474605651154,1331
-128.63531940248134,96.06266701282789,0.43483275747227945,1332
-128.7795767908061,95.8664560738135,0.4342423173128267,1333
-128.92250361516352,95.66965563708999,0.43370444592403357,1334
-129.0640681624203,95.47239986442369,0.4332194845392573,1335
-129.20499724200968,95.2746258797296,0.43282647246632155,1336
-129.345129133779,95.07607374013486,0.43252468542878764,1337
-129.48432114362856,94.87650027339046,0.4323130221619094,1338
-129.62170378587618,94.67469297090082,0.43215060850626963,1339
-129.75732779769444,94.47064764089633,0.43203529367616755,1340
-129.89125660032047,94.26436847696665,0.43196424764011276,1341
-130.02431211510844,94.05706798743728,0.43194672507134174,1342
-130.1564277450841,93.8489893404305,0.4319843893920224,1343
-130.28755591934154,93.64039247469914,0.4320783005427061,1344
-130.41766811312422,93.43035418341347,0.4322771422300531,1345
-130.5467548117607,93.21894574006171,0.43257921649855074,1346
-130.67482552678695,93.00624680360333,0.4329825992904618,1347
-130.8010012203947,92.7933314988795,0.4333708865369442,1348
-130.92516139364335,92.58009081656108,0.4337484913200584,1349
-131.04719823152678,92.36643251784997,0.4341186945851311,1350
-131.16867001777663,92.15129506926556,0.43452303218720406,1351
-131.2895069857729,91.93482520953447,0.43496282603515923,1352
-131.40966473727036,91.71717806298214,0.4354385680530742,1353
-131.52747084787094,91.49830328837348,0.43597844399597596,1354
-131.64291897993692,91.27794513828805,0.4365795811023785,1355
-131.7560154799044,91.05585625067566,0.43723850285759414,1356
-131.86752521270535,90.83201148417935,0.43795114976038285,1357
-131.97732450277215,90.60660788764922,0.43871284098229674,1358
-132.0853087007711,90.37985089542296,0.43951829208932125,1359
-132.19139218377862,90.15195432732708,0.4403743447863248,1360
-132.29550835499475,89.92314038864902,0.4412803591152055,1361
-132.3976096438548,89.69363967016398,0.4422351670140343,1362
-132.49766750897544,89.4634773264851,0.4432656299197209,1363
-132.5956724401921,89.2324730765023,0.4443678190718057,1364
-132.69163395356765,89.00045502459139,0.44553750409693865,1365
-132.78632642665565,88.76747349645743,0.4467396862030052,1366
-132.87964203773936,88.53380100762419,0.4479673830299525,1367
-132.97149833349638,88.29971845922292,0.4492130842480767,1368
-133.0601848342729,88.06530128658761,0.45048336742174516,1369
-133.14565714718753,87.83041951890884,0.4517793625067632,1370
-133.22788356345183,87.5949515707548,0.45310174671263,1371
-133.30849845313674,87.35899809325304,0.45448437466154246,1372
-133.38750815235093,87.12288191499677,0.4559157746556394,1373
-133.46494436559655,86.88693425018442,0.45738432453697875,1374
-133.54086416827988,86.65128087637271,0.45894499811861267,1375
-133.61535000928515,86.4158421358611,0.4606017221934621,1376
-133.68850970587985,86.18054675654892,0.4623587260900969,1377
-133.75956890291212,85.94434574254099,0.4641506565281882,1378
-133.82851808399002,85.7073900263256,0.46597989357132263,1379
-133.89536675912896,85.46983054073027,0.4678485910703616,1380
-133.9608892853315,85.23280432761804,0.46972939511839323,1381
-134.02497784692468,84.99625688162149,0.47160459763338747,1382
-134.08754999665175,84.76014208298893,0.47345611355592704,1383
-134.1478028358204,84.52343608898039,0.4753125209788837,1384
-134.20586003287644,84.2863149900649,0.4771706914326901,1385
-134.2618642826771,84.04895487705103,0.47902742124056785,1386
-134.31581558781747,83.81131801760819,0.48084005721137363,1387
-134.36757125415133,83.57315285443467,0.48260493116055814,1388
-134.41700761396118,83.33420783057525,0.48431799767664285,1389
-134.46492758378074,83.0944452270726,0.486005345791503,1390
-134.51141360792838,82.85404113363695,0.4876643368915151,1391
-134.5565734993017,82.61317164043817,0.48929218179029904,1392
-134.59963286026786,82.37299891600395,0.49088785921151035,1393
-134.6405821777662,82.13349361204214,0.49245212377093267,1394
-134.6794309650161,81.8946347657612,0.4939855794808573,1395
-134.7169536003595,81.65640981393292,0.4954740406038431,1396
-134.75304226694445,81.41881456205687,0.4969081050007266,1397
-134.78761451636439,81.18185320125205,0.4982781445597803,1398
-134.81986747021008,80.94335228380993,0.4996251800762019,1399
-134.84992479974048,80.70331600435124,0.5009625400747639,1400
-134.8779292028051,80.46174017268422,0.5023036287679651,1401
-134.90388063945954,80.22079822043014,0.5037202535016024,1402
-134.9276364110497,79.98048595242909,0.5052053142536819,1403
-134.94907284520733,79.74080755901501,0.5067523154173172,1404
-134.96899290009605,79.49958962366512,0.508271595588446,1405
-134.98747902305425,79.25683634038072,0.5097668181964393,1406
-135.00463903018357,79.01254351847096,0.5112415714915113,1407
-135.02044436008958,78.76789849478983,0.5127615348061719,1408
-135.034730112663,78.5231025101207,0.5143171939332168,1409
-135.04735675640833,78.27835680570516,0.5158994881140156,1410
-135.0574642730551,78.03484870409125,0.5174750938042816,1411
-135.06511925491523,77.79257401389603,0.5190452583834114,1412
-135.07040732060665,77.55153692923618,0.5206114561344818,1413
-135.07417899369145,77.30956403322038,0.5221981637087384,1414
-135.0764025630021,77.06665951796113,0.5237940550469986,1415
-135.077071686148,76.82281919087409,0.52538825742841,1416
-135.0752978060251,76.57923037382373,0.5269633945552463,1417
-135.07095724652538,76.33609430832084,0.5285152004436049,1418
-135.06394535801607,76.09361223621916,0.5300397869227277,1419
-135.0550840828942,75.85177159425305,0.5315907830037794,1420
-135.04447489946762,75.61034598517047,0.5331616572889469,1421
-135.03224465466874,75.3691090121734,0.5347467093225216,1422
-135.01838383847897,75.12804809824281,0.5362692911787328,1423
-135.0027465771945,74.88736448458168,0.5377190584972548,1424
-134.9852123657619,74.64725941285307,0.5390859693614611,1425
-134.96568609004984,74.40673420913784,0.5403799525939391,1426
-134.94409798634254,74.16576790941734,0.5415917196593417,1427
-134.9204036597305,73.92433116497519,0.5427124353635848,1428
-134.89458406170758,73.68358615759755,0.5437750251420549,1429
-134.8666455307438,73.44370897575875,0.5447757161995853,1430
-134.83661977395917,73.20487570838677,0.5457114911957115,1431
-134.80365632809497,72.96606251285115,0.5465368369801458,1432
-134.76766957462152,72.72722326938724,0.5472422379076253,1433
-134.7285929216682,72.4883034734148,0.5478186315414781,1434
-134.6880321833682,72.25044018114859,0.5482879460259062,1435
-134.64597150100292,72.0137843252644,0.5486441805274619,1436
-134.60242672668227,71.77848683900679,0.5488820142967543,1437
-134.555792044246,71.54349871001939,0.5490006080039621,1438
-134.50613404725203,71.30874866572506,0.5490036995343178,1439
-134.4535383559207,71.07415704872707,0.548895706488242,1440
-134.39885545142036,70.83984965128981,0.5487242161697947,1441
-134.3420536165317,70.6061576866502,0.5484819079153906,1442
-134.2831265028592,70.37340398333595,0.5481625184342037,1443
-134.22283897589335,70.14168917748427,0.5477095041534435,1444
-134.16108004912425,69.9108916823581,0.547133658234938,1445
-134.09777044705262,69.6808815266285,0.5464463783175616,1446
-134.03120921984845,69.45053422919501,0.5457268038945264,1447
-133.961367826593,69.2199084858242,0.5449650440594628,1448
-133.8882367531916,68.98904622229759,0.544152416049793,1449
-133.8134788748179,68.76015863403457,0.5433069631750287,1450
-133.73713541430826,68.53327087737298,0.5424341229948819,1451
-133.65927930534917,68.30840810920351,0.5415406926638463,1452
-133.5783618333893,68.08340944844879,0.5404842578278563,1453
-133.49450667017564,67.85828328261702,0.5392674257913517,1454
-133.4078565143065,67.63302122923963,0.5378930304802501,1455
-133.32006474512704,67.4087980764461,0.5365108395001358,1456
-133.23100134430854,67.18579410291672,0.5351233437799523,1457
-133.14056800454154,66.96418120272286,0.5337343937555902,1458
-133.04704472838748,66.74412285584366,0.5322912928493646,1459
-132.9503839466818,66.52577418705602,0.530782905225705,1460
-132.85055711695716,66.30928193630125,0.5291990767825727,1461
-132.7484623094686,66.09358455950363,0.5275205840473353,1462
-132.64427710597406,65.87858982325737,0.5257583396998802,1463
-132.53820445725134,65.6641887242819,0.5239240871889632,1464
-132.43031093832204,65.45145540192745,0.5219852677951816,1465
-132.3205267834291,65.24046951413534,0.5199434288378335,1466
-132.2088075957009,65.03130233412428,0.5178006464866917,1467
-132.0943885063587,64.82401673634989,0.5156343935617317,1468
-131.9774312394901,64.61866722744178,0.5134407101903703,1469
-131.85811654588545,64.41529992918773,0.5112167692370716,1470
-131.73739008414333,64.2117665823806,0.5088643776940608,1471
-131.61531527543931,64.00807976613444,0.5063860661340923,1472
-131.49198091014406,63.8042269045279,0.5037847428055404,1473
-131.36659354488543,63.60235625966845,0.5010675476949793,1474
-131.2391246401961,63.40242171279003,0.4982458429139969,1475
-131.10956468334086,63.20436876028331,0.4953313682868166,1476
-130.9786690459396,63.00714843242823,0.4923076848669482,1477
-130.8463108816098,62.810894889614715,0.4891889858076713,1478
-130.7123887130283,62.6157255223442,0.4859896155179493,1479
-130.57608057619595,62.42272703275863,0.48267774355401577,1480
-130.4374911184164,62.23177783801309,0.47927341674720664,1481
-130.29674401374234,62.04274797042095,0.47579645562532746,1482
-130.15472781907326,61.854512995383715,0.472310855425481,1483
-130.01144887506945,61.667131609334874,0.46882673419718235,1484
-129.86693889145494,61.48064573881437,0.46535436124474094,1485
-129.71960154324023,61.29508051103834,0.4618933194394377,1486
-129.56950659395775,61.110444312487054,0.4584521796607203,1487
-129.41673649186276,60.92672875952168,0.4550395882844891,1488
-129.2630397912992,60.74292263326621,0.4516415056733361,1489
-129.1085369901104,60.55918944651895,0.4482799823606554,1490
-128.9533739553548,60.37566755702679,0.4449769180529055,1491
-128.79681432117664,60.19465616109377,0.44172475412761225,1492
-128.63888662525176,60.016260073931335,0.43852568191150376,1493
-128.47963843201245,59.84057572589456,0.43538159092910034,1494
-128.31822878966554,59.66649123003968,0.4322986360765053,1495
-128.15457525184877,59.493864037211274,0.42930690183150566,1496
-127.98860805694015,59.32253482812571,0.4264360951507358,1497
-127.82192352887205,59.15254136413946,0.42365193411070357,1498
-127.65448995253429,58.98411842946247,0.42095411846282427,1499
-127.48630098190264,58.81748403839908,0.41834159319225106,1500
-127.31572225698869,58.65163949063994,0.41579859628001575,1501
-127.14278548930902,58.48654705368559,0.4133339615809043,1502
-126.96753507527112,58.3221438397539,0.4109556168439024,1503
-126.79093563812036,58.15954173702794,0.40871768228997285,1504
-126.61322500705003,57.99884975675502,0.4066419837925027,1505
-126.43466003815782,57.84016014016312,0.4047497433401779,1506
-126.25444732710503,57.683548339232786,0.4029573636286452,1507
-126.07239026538436,57.52907304685071,0.4012725425381455,1508
-125.88830492924326,57.37677618576813,0.39970161890643013,1509
-125.70218180326681,57.226682911909506,0.3982901215884413,1510
-125.51418578421101,57.07880161361627,0.3970247278377807,1511
-125.32449445357182,56.93312390909736,0.3958911333843085,1512
-125.1340439176249,56.78962465841389,0.3948678603443674,1513
-124.94288174320687,56.64826193686239,0.3939654419514841,1514
-124.75107452407462,56.508977049709415,0.39319327903084295,1515
-124.5578003318107,56.37070842169668,0.3925576881817098,1516
-124.36299574292165,56.23356925157452,0.3920619534583841,1517
-124.16661001879677,56.097647582793556,0.3917082263078206,1518
-123.96951267043121,55.9630063192985,0.39149487131106786,1519
-123.7718463968335,55.829683197289405,0.3913968250233055,1520
-123.57377292406524,55.69769079777537,0.3913879670225563,1521
-123.37456541817585,55.56821644584214,0.3914704228280603,1522
-123.17425558725438,55.441444615782586,0.391635361042774,1523
-122.9728878241169,55.317543011738614,0.3918730442468965,1524
-122.77051922625733,55.19546265150893,0.392203305692554,1525
-122.56721955956499,55.07511549247571,0.3926167459602258,1526
-122.36307127479594,54.95638833671053,0.3931032860356023,1527
-122.15726193695701,54.839356636637724,0.39363824489931615,1528
-121.94973129134604,54.724284523803746,0.3942215858431615,1529
-121.74042542594006,54.61141097433371,0.39485244144240245,1530
-121.53020433985128,54.50073600244427,0.3955989833780272,1531
-121.3191948808986,54.392020633576244,0.39646113652091935,1532
-121.10753658175383,54.28500073785265,0.39743852365814714,1533
-120.89447409020947,54.17960083636995,0.39846754993621725,1534
-120.68000423388003,54.075934128904606,0.39953908046884623,1535
-120.46413018305066,53.97408865980849,0.4006432251569105,1536
-120.24776903023505,53.873141238911685,0.401804864762758,1537
-120.03110469547246,53.77333503916228,0.4030052048516074,1538
-119.81433378377078,53.67487969303312,0.40422499783998234,1539
-119.59675798203021,53.580137286332196,0.40550744475919265,1540
-119.37843119663671,53.489267138146026,0.40684054321354046,1541
-119.15941367648182,53.40241179728254,0.40821229068921366,1542
-118.9397720497215,53.317511033004564,0.40952305364448355,1543
-118.71957925069913,53.2346570834548,0.41076207510841367,1544
-118.49891455654519,53.15390864619159,0.4119179183323511,1545
-118.27786358472193,53.075290877372694,0.4130649016803705,1546
-118.05651829748065,52.99879539345268,0.41420623555487396,1547
-117.83497699984241,52.92438027029529,0.41534505459700605,1548
-117.61318259358859,52.85316995505864,0.4164836764733303,1549
-117.39092261467816,52.7852776442448,0.41760397780780306,1550
-117.16799094169576,52.72079137890911,0.41868783502749696,1551
-116.9436036950899,52.6587879430052,0.41970705105128436,1552
-116.71804626965903,52.599510510612355,0.42066261451263726,1553
-116.49160406076923,52.54316871512163,0.42155536267670524,1554
-116.26530828795674,52.490924754267006,0.4224520064606213,1555
-116.03928896741697,52.44271574164202,0.4233478288943631,1556
-115.81368245795181,52.39845363539827,0.4242384903324592,1557
-115.590707278072,52.356546126486776,0.4251327802195903,1558
-115.36972286558972,52.31716300468832,0.4260329538820604,1559
-115.14563898425422,52.2804362588754,0.42699491630553577,1560
-114.91970567779562,52.246460243424764,0.42793513406164974,1561
-114.69242080751631,52.21529156601075,0.4288325890585682,1562
-114.46427589314403,52.186949100942215,0.42966664020912937,1563
-114.23559437792031,52.16190703206692,0.4304857000235232,1564
-114.00653164837226,52.14000604376897,0.4312895810219605,1565
-113.77723674937604,52.12105327963146,0.43207892576585677,1566
-113.55158159488604,52.10405012501152,0.43283558061690186,1567
-113.3289256197341,52.0893697098762,0.43356168964258024,1568
-113.10492441206596,52.078329277745205,0.43423338392950434,1569
-112.87976506639731,52.07101268412394,0.4347840980846185,1570
-112.6536283347915,52.067470242648604,0.43520934320638033,1571
-112.42538339954682,52.068211753783906,0.435511195437656,1572
-112.19547025069394,52.07311773579709,0.4357268485040955,1573
-111.96431143873377,52.08203935832948,0.4358582618524453,1574
-111.73231207362102,52.09479844264461,0.4359076774362236,1575
-111.5011650521472,52.11069443399811,0.43585129509771725,1576
-111.27096868071143,52.12959317128508,0.4356931547315823,1577
-111.04181492403926,52.151326952609885,0.4354373712607573,1578
-110.81378939832534,52.17590835641653,0.43515799086554496,1579
-110.58697137839528,52.203530242339646,0.43486173618098817,1580
-110.36143379737355,52.23435192921986,0.4345559333833218,1581
-110.13724326422835,52.267299279222314,0.43429600068271096,1582
-109.91446003263252,52.30224232338918,0.43406781921372806,1583
-109.69313801467769,52.339009166810456,0.4338583265944155,1584
-109.4733247463555,52.379571998431665,0.4337018558438722,1585
-109.2550614561278,52.42369184200299,0.43358205952075646,1586
-109.03838303061123,52.47110456563072,0.4334840243177992,1587
-108.82592847303486,52.52025560023536,0.4332578553518087,1588
-108.61717613366308,52.571566292418325,0.43290292489155147,1589
-108.40714515532105,52.6268993327993,0.43249213625062805,1590
-108.19627792388049,52.68509254586597,0.4319994793150157,1591
-107.9849946125796,52.745936308720786,0.43140871685604654,1592
-107.77369319748621,52.80918745745033,0.430704498062844,1593
-107.56722449952986,52.87429012469536,0.429866515953231,1594
-107.36500979226741,52.9414644124922,0.42890367242889,1595
-107.16312990401912,53.0123717839454,0.42780782456362126,1596
-106.96173704963394,53.08684873103843,0.42659309301019543,1597
-106.760970759919,53.16470658948499,0.4252742013073782,1598
-106.56095789321154,53.24474544375089,0.4239730155699677,1599
-106.36090504498685,53.32693174204716,0.4226184297198293,1600
-106.16074562406237,53.4111984019895,0.42119368053729844,1601
-105.95927523952528,53.49843087897293,0.41965419472608423,1602
-105.75843743847899,53.58948951908553,0.41805620377019465,1603
-105.55866824783806,53.68423178072697,0.4164038944631363,1604
-105.36038783924974,53.78249835169492,0.41470271777954426,1605
-105.16533053932832,53.87995496672418,0.4130984694746669,1606
-104.97325058726446,53.97680286636201,0.41154888545712454,1607
-104.78278028216167,54.07417906118542,0.40973453158483464,1608
-104.59027030826367,54.1737785557254,0.4076872292127622,1609
-104.3950166808999,54.27578790874931,0.405430184754073,1610
-104.20097690476112,54.381350496201605,0.4030020063952329,1611
-104.00853468309401,54.49038876086179,0.4003977167815714,1612
-103.81806737720497,54.60280418248014,0.397612791212676,1613
-103.62994600753983,54.71847727845517,0.3945454878545222,1614
-103.44362769416915,54.83666763130768,0.3912341240110894,1615
-103.25930270622726,54.95710272581874,0.3876990482220652,1616
-103.07621632517007,55.079731401727685,0.3839714681003133,1617
-102.8901898171037,55.20657924102551,0.38007971678048186,1618
-102.70072135584198,55.337693402129915,0.37604323686287755,1619
-102.51179463932262,55.47191490526595,0.3719138937200628,1620
-102.32532170552612,55.60683744519531,0.36776364914822307,1621
-102.14116619416255,55.742720959589256,0.36360830232468055,1622
-101.96002779929323,55.88017799531615,0.35945169477152256,1623
-101.782206983446,56.01908487541926,0.355310186225252,1624
-101.60800262394696,56.159288574832345,0.3512006079507149,1625
-101.4367796869426,56.30257889651148,0.347118069000335,1626
-101.26743986502353,56.44893318419572,0.34310385408753796,1627
-101.10016946637917,56.597827367751776,0.3391841415721837,1628
-100.93513418718098,56.74872899156033,0.33538552460269033,1629
-100.77415729201377,56.89785972834317,0.3317558658032363,1630
-100.61701362566134,57.045817017160175,0.3283054923262325,1631
-100.46272581907382,57.19562578979764,0.32499654951229673,1632
-100.3112114257181,57.34729443121192,0.3217535803069337,1633
-100.16237531309304,57.50081455473044,0.3185805847754703,1634
-100.0153638241771,57.65616099285391,0.3155077346654674,1635
-99.87021185982108,57.812091905169545,0.31248934946733525,1636
-99.72693527958211,57.96832638903674,0.3095147434379332,1637
-99.5847850512346,58.126530564811404,0.306561610528816,1638
-99.44071784666129,58.288962091594016,0.30373393758183975,1639
-99.29425324780937,58.45542600722969,0.3010426715769061,1640
-99.1503086915962,58.62394013128729,0.2984098666239201,1641
-99.0115546133161,58.78956396463026,0.29587691922316156,1642
-98.87794819841064,58.95271886102013,0.2934284592894137,1643
-98.74796443519139,59.11625365752563,0.2910135451545252,1644
-98.61644489009385,59.28180045183458,0.28869694961912834,1645
-98.48266496710686,59.449508070083496,0.28648372091788843,1646
-98.34994291657084,59.61772132927884,0.2843740791594231,1647
-98.21822800351785,59.78624736989282,0.28238293352070365,1648
-98.08745680879096,59.95487656188363,0.2805252682480105,1649
-97.95680735048852,60.12655460120049,0.278642115303534,1650
-97.82634622690138,60.30084965299777,0.27673384877425383,1651
-97.69612100964775,60.47733826731335,0.2747996344340606,1652
-97.56752160851028,60.654405482217456,0.2728725554563737,1653
-97.4415555127461,60.82945023677505,0.27081379188136595,1654
-97.31831944310595,61.00225451786803,0.26865523349069376,1655
-97.1979069494503,61.17258354202057,0.2664265991044942,1656
-97.07917738095448,61.341320252604405,0.2637561664874222,1657
-96.96140296101933,61.509376525244754,0.26066001531574273,1658
-96.8437160373163,61.67990306899552,0.25746717856438306,1659
-96.72593268625997,61.85284537701509,0.2542509649944383,1660
-96.60785629978442,62.028157327452305,0.25108166309684093,1661
-96.48943932729964,62.204847795664655,0.24789156163267403,1662
-96.3707832466057,62.382613868528566,0.24473476557291945,1663
-96.25197685113427,62.56115472906101,0.2416613591719589,1664
-96.1330962486345,62.74017165559531,0.238836254153325,1665
-96.01532366076165,62.91714933332593,0.2355709975425,1666
-95.89847674483843,63.09225546060634,0.23208322270921558,1667
-95.78313151155479,63.266327088452655,0.22888713332413463,1668
-95.66938705730557,63.43923739130633,0.226112092934663,1669
-95.55734406420736,63.6108490622398,0.22388049988419,1670
-95.44635895135595,63.78200039999134,0.22210356899223221,1671
-95.33464890098506,63.95502748377247,0.22087558528353696,1672
-95.22209023667237,64.13006447278357,0.220328355164277,1673
-95.10944782112857,64.30704848495255,0.22080753886111357,1674
-94.99672799862715,64.48571957961582,0.2223824253173324,1675
-94.88392442893064,64.66583458631425,0.22511509295626583,1676
-94.77215257578945,64.84476728842863,0.2290874158403358,1677
-94.66270964341513,65.01742624280361,0.23368609331983578,1678
-94.55553616831541,65.18408186783901,0.23909550361560689,1679
-94.44945863720218,65.34841816070151,0.2458558406555159,1680
-94.34261809436994,65.51531064505379,0.2539845374297461,1681
-94.23481475406707,65.68522678976964,0.26354227969401506,1682
-94.12748324496958,65.85566364228492,0.27473683839223145,1683
-94.02039841997077,66.02659185114143,0.28759954300662877,1684
-93.9133287897487,66.19799045003352,0.3021529647170487,1685
-93.80563885480993,66.37083294521949,0.3186515397824409,1686
-93.69752443288785,66.54490971075434,0.33703744352062337,1687
-93.58917024275274,66.72002789092355,0.3572461881569577,1688
-93.48165750080616,66.89361158068267,0.3792201189854677,1689
-93.37699498339609,67.062098799406,0.40223796303081644,1690
-93.27515890697839,67.22550212380159,0.42635241148973724,1691
-93.174456819399,67.38676722999327,0.45223007388372205,1692
-93.07251082224899,67.55063966720176,0.4797123960120208,1693
-92.96915680862598,67.71746532198354,0.5086802928843666,1694
-92.86602205658933,67.88462804796622,0.5390507600972035,1695
-92.76490921662268,68.04903543168305,0.5700058719242226,1696
-92.66558203675758,68.21118638651204,0.6015577295637256,1697
-92.56668864879023,68.37354361081096,0.6341243692610148,1698
-92.46823222411675,68.53617837919514,0.6676179829539625,1699
-92.37020959193643,68.69917035145085,0.7019415512808234,1700
-92.27351883357267,68.86020775194811,0.7370872497102637,1701
-92.17831216723768,69.01894259976699,0.7729403894789818,1702
-92.08474181132364,69.17501852892319,0.8093778254684653,1703
-91.99295998604286,69.32807079006598,0.8461258914726574,1704
-91.90221131218941,69.4801260649032,0.8832470071848618,1705
-91.81247993473478,69.6312472426912,0.9206530621517298,1706
-91.7237436429242,69.78249169105541,0.9583274119158124,1707
-91.6341587304741,69.93673339763446,0.9963482678131038,1708
-91.54335417590622,70.09441886812698,1.0346231954022806,1709
-91.45163635363653,70.25183264337149,1.0732779176164853,1710
-91.35916540826608,70.40871897954703,1.1121710847023367,1711
-91.2660856289005,70.56483051784144,1.15115683548458,1712
-91.17343301701345,70.719628316739,1.1901307264361352,1713
-91.08372576700044,70.86986798195956,1.2290462643070832,1714
-90.99676885593053,71.01588596724483,1.2677320705423856,1715
-90.91125798432745,71.15997202683188,1.3066482827455748,1716
-90.82588884391218,71.30471379690843,1.3464002536211765,1717
-90.74046640997543,71.4504969938103,1.3868492873519571,1718
-90.65523995685737,71.59751031027679,1.4259401236242233,1719
-90.57007946839607,71.74574535802012,1.4637989616372444,1720
-90.48484858610658,71.89521051907276,1.5005446769492046,1721
-90.40031218216261,72.04374493229993,1.5376027926265265,1722
-90.31648928375016,72.19137375425484,1.5749015824467434,1723
-90.23339891795634,72.33812214145726,1.6123727932224599,1724
-90.15106012015,72.48380143243585,1.6496070266743657,1725
-90.06949192312477,72.628009141113,1.686510599546298,1726
-89.98871335961739,72.77034278140322,1.7229907723136786,1727
-89.90799762317438,72.91039985719392,1.7590445289294834,1728
-89.82615770463552,73.05317747904301,1.795372885138251,1729
-89.74310956182119,73.19927308776403,1.8320182590903669,1730
-89.66086055258427,73.34413609031806,1.8684843545274616,1731
-89.57939164928278,73.48786710842529,1.9047656229771315,1732
-89.49868382417914,73.63056676377272,1.9408599135026372,1733
-89.41781047660345,73.77332176249529,1.9765963500499604,1734
-89.33658451405039,73.91602728796704,2.011968661979503,1735
-89.25481250167381,74.05858690861649,2.0469726926658396,1736
-89.17313708201293,74.19971267779576,2.081203133931877,1737
-89.09180163978482,74.33910273346177,2.114613334944498,1738
-89.01104797414354,74.47645521356746,2.147155833167023,1739
-88.93186213620145,74.61146826518697,2.1787646062520136,1740
-88.85228529759104,74.74743973691884,2.210180291572456,1741
-88.77202729834256,74.88473437831637,2.24150209841634,1742
-88.69283055225871,75.01915628938673,2.2719122161049246,1743
-88.61476403104423,75.15065935259511,2.3014111548744625,1744
-88.53790146311404,75.27918906534225,2.3299972730829728,1745
-88.46232132244391,75.40566863467825,2.3576046358781535,1746
-88.38606477943718,75.53342106330317,2.38508299309134,1747
-88.30884167306097,75.66283625548625,2.412592729795671,1748
-88.23171370996502,75.79192946158368,2.4398452024759285,1749
-88.15462380969028,75.92069648745256,2.4669164783685233,1750
-88.07751489163175,76.04914152410805,2.4938827002689523,1751
-87.9995840387984,76.17727713964457,2.5207571760674474,1752
-87.92092955331093,76.30512429728526,2.547608047692287,1753
-87.84164339499748,76.43271234534187,2.5745030795351727,1754
-87.76255701773113,76.56007902516782,2.6015848685897756,1755
-87.68359431339906,76.68727045278186,2.628972782778766,1756
-87.60467917374459,76.81434112936203,2.656786190084202,1757
-87.52573551802985,76.93916793307281,2.6850471935284315,1758
-87.44668723842089,77.06180536523084,2.7138571541540117,1759
-87.36745822715024,77.18229954201493,2.743316753344067,1760
-87.28933371413618,77.30167430879726,2.773196837893062,1761
-87.21248969549383,77.4197535786106,2.8035707110770542,1762
-87.13711168057951,77.5363612646465,2.8345085618146593,1763
-87.06339469109514,77.65132127973267,2.8661218595344917,1764
-86.98882053227189,77.768057251948,2.898343771302948,1765
-86.91309904396233,77.88705970885374,2.9312037633565806,1766
-86.83803777468619,78.0064445375764,2.9639019335845616,1767
-86.76342426272174,78.1263081661482,2.9963286137424485,1768
-86.68905238848632,78.24675540794546,3.028364697994727,1769
-86.61397652625921,78.36669951570971,3.0617418876090405,1770
-86.53815862144948,78.48603986462295,3.0966701893788633,1771
-86.46156061937464,78.60467582983162,3.1333631586505213,1772
-86.38414447149901,78.7237067198094,3.1705371775314912,1773
-86.30587212317373,78.84325411846076,3.208215350512131,1774
-86.22670551970569,78.96344799493744,3.2464135339640205,1775
-86.14735245693103,79.08322679630338,3.285193175499672,1776
-86.06761949982739,79.20251505352661,3.3245828868736527,1777
-85.98731955557442,79.32123729773954,3.364604333712892,1778
-85.90643361075213,79.43833196902568,3.4052618514994952,1779
-85.82511070511464,79.55392903931337,3.446522864956961,1780
-85.74350622071904,79.66815009554757,3.488347928078197,1781
-85.66162012753887,79.78329434375998,3.530898386388219,1782
-85.57929704217177,79.89948336746835,3.5741245590553983,1783
-85.4963879232923,80.01684713548657,3.617971480262184,1784
-85.4120042403053,80.13432406922124,3.6630652326503994,1785
-85.32616502300571,80.25183870484176,3.709222798940057,1786
-85.2388893011413,80.36931557851436,3.756261614825899,1787
-85.15184950172976,80.48667924382976,3.8041392997421712,1788
-85.06507733895174,80.60385423714771,3.852679103341411,1789
-84.97861721123063,80.72076509495855,3.9017057854458055,1790
-84.89161864205298,80.83733634647476,3.9507830835441156,1791
-84.80398333050866,80.95349252562146,3.999801970711191,1792
-84.71561931780275,81.06915816640803,4.04865266504744,1793
-84.62644096981204,81.18545771516364,4.097463517327746,1794
-84.53636900910824,81.3025379122918,4.146150003980105,1795
-84.44533050025487,81.42055388341024,4.194628583104283,1796
-84.35325887275312,81.53748312818827,4.2429899661587465,1797
-84.2600938757086,81.65348077239095,4.291146232558191,1798
-84.16578160039342,81.76869355667782,4.339011802208496,1799
-84.07027447705234,81.88424593829967,4.385886945315112,1800
-83.97353128220391,82.00006244994485,4.431810694933112,1801
-83.87551713450489,82.11606762441441,4.4768192150879695,1802
-83.77711105221705,82.2321860003365,4.521311778241536,1803
-83.678458906405,82.34834211366959,4.565246821671986,1804
-83.57971925238473,82.46446050051762,4.608583009290653,1805
-83.48090160121221,82.5804656920348,4.651477987527303,1806
-83.38186642710932,82.69628222087955,4.693896230093518,1807
-83.28248688852096,82.81183461983066,4.7358039473657625,1808
-83.18190298104001,82.92824733219649,4.776902721353884,1809
-83.08016861099536,83.0456670984698,4.817217734541636,1810
-82.97734402672238,83.16424904437504,4.856773641045533,1811
-82.87424166693685,83.2829567719122,4.895738120159928,1812
-82.77077908400858,83.40173996890067,4.934147373477576,1813
-82.66688651454234,83.52054832329505,4.972038131223912,1814
-82.56250688405405,83.63933152820124,5.009065106689657,1815
-82.45759579707314,83.75803927104933,5.045324525974701,1816
-82.35212154240216,83.8766212394462,5.080909972730586,1817
-82.24515753131135,83.9950271109617,5.115888411725028,1818
-82.1365293539273,84.11320657120899,5.150378642391719,1819
-82.02606894249968,84.23110930590835,5.184496519623008,1820
-81.91526796713237,84.34868501694092,5.218525601611034,1821
-81.80398372938944,84.46588339095598,5.252544559091222,1822
-81.69209255723364,84.58265411483083,5.286630552954443,1823
-81.57874396674974,84.69894686578905,5.321001176075712,1824
-81.46400772053005,84.81471133194161,5.355798787678586,1825
-81.3479662654077,84.92989720154841,5.3911650675834855,1826
-81.22980717002754,85.04445415190507,5.42728614680337,1827
-81.10947018275601,85.15833186948475,5.464314198089402,1828
-80.98690139404447,85.27148004083213,5.502401016712806,1829
-80.8637066079093,85.3860343764414,5.541872230769301,1830
-80.73985728431289,85.50196133479416,5.582795828975383,1831
-80.61534390939029,85.61924414485537,5.625241083993116,1832
-80.48852261985408,85.73569677669379,5.6694634668424975,1833
-80.3594092712675,85.85131923071513,5.715453766602565,1834
-80.22802606123774,85.96611150734553,5.76320579245618,1835
-80.09530909313207,86.08105972345265,5.811738121142728,1836
-79.96146131917693,86.19595844651967,5.860956790401411,1837
-79.82669837579473,86.31061062936325,5.91076368559375,1838
-79.6903410222061,86.42482759977167,5.961053855178903,1839
-79.55246219673887,86.53842907970287,6.011695924334341,1840
-79.41314117976701,86.65124317637436,6.062554441279119,1841
-79.27246359223369,86.76310638111514,6.113587002981183,1842
-79.1305213973257,86.87386357013142,6.164765823788716,1843
-78.98741290026939,86.98336800488595,6.2160593430990625,1844
-78.8439885810524,87.09148133590485,6.267697857382485,1845
-78.70020404760955,87.19807359468241,6.319565657776521,1846
-78.55602759202856,87.30302319800091,6.37154560110094,1847
-78.41069433586905,87.40840295329454,6.423151670802965,1848
-78.26435332142543,87.51412481949542,6.474293642590975,1849
-78.11715993286059,87.62012591109365,6.524876913436497,1850
-77.97002173154492,87.72516857525869,6.575934819077109,1851
-77.82295140484749,87.8290180290257,6.627412957380773,1852
-77.67597432413594,87.93145625978502,6.679261079156047,1853
-77.52745041525287,88.0325285342225,6.731213995968305,1854
-77.37778003023377,88.1319990266896,6.783105340820144,1855
-77.22736193529487,88.22965077804845,6.834771691488891,1856
-77.07568575144276,88.32528568703626,6.885955320589988,1857
-76.92689466168024,88.41798500808397,6.9355617415319415,1858
-76.780392504624,88.50774244614598,6.983609124380878,1859
-76.63427852635442,88.59505730610292,7.030980272593101,1860
-76.48864151824455,88.6798457383222,7.077628525975912,1861
-76.34358295570317,88.762040663559,7.123508583706107,1862
-76.19830942695636,88.8425778548553,7.168648717002578,1863
-76.05277971118178,88.92121833635477,7.21297428836558,1864
-75.90695892935905,88.99774828765314,7.25641269922113,1865
-75.76007270773108,89.07197903540381,7.298973496765828,1866
-75.61225423177622,89.14374706975761,7.3407287844676885,1867
-75.46363668663402,89.21291403625386,7.381752780151758,1868
-75.31509909085426,89.27936674017701,7.422318657997203,1869
-75.16661924659851,89.3430171363812,7.462506372993414,1870
-75.01818129781424,89.40380233514841,7.502399504596724,1871
-74.86886816882314,89.46168459037472,7.542210412780232,1872
-74.71850862167679,89.51665132291077,7.58192731695341,1873
-74.56693141805866,89.56871510894513,7.621543419949459,1874
-74.41375411893705,89.61865324722811,7.661155492768782,1875
-74.25920662695191,89.66637455129187,7.700797191607725,1876
-74.1035156732456,89.71181927883127,7.740507797915286,1877
-73.9469048179827,89.75495913162105,7.780343023207118,1878
-73.7929507281909,89.79505773289657,7.819276624957005,1879
-73.64117139587249,89.83230374006838,7.857591581637922,1880
-73.4879651108704,89.86669710382924,7.896249664308592,1881
-73.33319868981567,89.89804915728408,7.935244451072922,1882
-73.17673894901723,89.92619638889781,7.9745723894101666,1883
-73.01936025186032,89.95318646937372,8.013521134281532,1884
-72.8610974804771,89.978922970013,8.052100839761449,1885
-72.70199185871981,90.00335138791053,8.090319017972657,1886
-72.54209097093262,90.02427313411067,8.128477253626942,1887
-72.3814487243626,90.04170078642032,8.166622245513015,1888
-72.22012536812161,90.05567207811737,8.204800164285817,1889
-72.05818748285161,90.067235988362,8.243220769687822,1890
-71.89570800408134,90.07627512635001,8.281865223267436,1891
-71.73276620911429,90.08270564186878,8.32071566859441,1892
-71.569447714034,90.08647722086111,8.36005775222903,1893
-71.40584447909349,90.08757309361819,8.399931604348252,1894
-71.2420548062999,90.08601003099145,8.440380451202637,1895
-71.07727579368205,90.08085224805004,8.481017239974927,1896
-70.91145035897577,90.07238903205958,8.521828610298337,1897
-70.74452141964682,90.06093482567854,8.5628012021095,1898
-70.5765936179683,90.04661540372419,8.604215297469747,1899
-70.40793332354133,90.02936787966894,8.646115406863347,1900
-70.23880690568713,90.00915452235276,8.688548079636723,1901
-70.06931900565277,89.98694885266748,8.731109311198963,1902
-69.89941254611564,89.96255801261238,8.773748436550429,1903
-69.72903044943669,89.93582268473322,8.816413734083737,1904
-69.56015766315511,89.90533104417226,8.858837522541286,1905
-69.39311525849638,89.87114074373811,8.9009087055167,1906
-69.2282385763021,89.83333249551883,8.942513695477183,1907
-69.06513139215811,89.79201006478354,8.983474252636324,1908
-68.89954825558453,89.74820015593954,9.024802963075828,1909
-68.7311340021775,89.70221930318544,9.06659826265461,1910
-68.56223078323748,89.65479955857987,9.108449895784393,1911
-68.39293690137468,89.60599961976592,9.150311392988066,1912
-68.22334431672827,89.55591172483952,9.19213771967712,1913
-68.05428450641192,89.50247565547205,9.233620490580044,1914
-67.88568136364287,89.44583395909291,9.27471742592563,1915
-67.71745878148884,89.3861459533795,9.315385642108943,1916
-67.54970237129479,89.32358772036362,9.356174827613094,1917
-67.38265947457825,89.25835212091368,9.397070378242143,1918
-67.21657743266142,89.19064878609048,9.43806154058629,1919
-67.05079601949461,89.12169020249664,9.479042251176482,1920
-66.88539451133506,89.05151410436831,9.519987595819906,1921
-66.72044584204338,88.98018338122395,9.560875831636096,1922
-66.55601660670182,88.9077860818719,9.601414858788626,1923
-66.39216705540089,88.8344354078735,9.641493201019268,1924
-66.22895109585835,88.7602697160976,9.681000816837912,1925
-66.06777764825165,88.68356649968672,9.720106637199446,1926
-65.90894003582513,88.60455321048765,9.758660551813357,1927
-65.75273475277109,88.52346778171389,9.796516187866889,1928
-65.59946145326218,88.4415447165064,9.833823930830567,1929
-65.44533893235474,88.35973735416745,9.871696530347165,1930
-65.28991689495871,88.27828466616232,9.910183363098684,1931
-65.13544239211764,88.19526481710841,9.947996311846044,1932
-64.9819185936621,88.11095032598382,9.98499996772439,1933
-64.82934232716622,88.0256220967293,10.021064735515012,1934
-64.67770407603312,87.93935559023014,10.056552277144718,1935
-64.52698798632007,87.8520208371888,10.091413552178441,1936
-64.3771718618016,87.76349625322065,10.125608806909696,1937
-64.22748132444895,87.67388245300614,10.159208343436186,1938
-64.0780368724196,87.58350226616062,10.19215723967856,1939
-63.92894631943203,87.4926869071513,10.224410766254394,1940
-63.78105063751954,87.4015621652642,10.25558052021107,1941
-63.63427689321438,87.31004838179567,10.28560107733825,1942
-63.48854581078843,87.21807428298173,10.314414639113247,1943
-63.343025943426426,87.12459087976127,10.342095319068541,1944
-63.197780711829914,87.02974910597175,10.368574677261618,1945
-63.052860852358464,86.93369989518344,10.393792956293703,1946
-62.90905023393461,86.83878019371113,10.417708744858468,1947
-62.76621884114316,86.74515770350988,10.440298902711772,1948
-62.62423031622496,86.65301689660679,10.461548972442131,1949
-62.483103694333074,86.56135910329262,10.481463969586002,1950
-62.34301338412233,86.47018013229567,10.50004880343838,1951
-62.20412745197837,86.3794841772792,10.51731714151847,1952
-62.065700080597274,86.28709780199739,10.533308381251086,1953
-61.927718585642026,86.19302519859177,10.548028902247799,1954
-61.79015759850937,86.09726217379473,10.561494068558176,1955
-61.652979049127396,86.00198215804605,10.573576567768823,1956
-61.51613219984106,85.907180957562,10.584320077108861,1957
-61.379553628598565,85.81286276345385,10.593776050443699,1958
-61.244820631930786,85.71805407159098,10.60212374688486,1959
-61.11185710141788,85.62298127915624,10.609434933328277,1960
-60.98058692858493,85.52787078318094,10.61579005934183,1961
-60.85018817350593,85.43273515602952,10.621103452375822,1962
-60.72074011396367,85.33737315397882,10.625437059731329,1963
-60.59231568556362,85.24158353312095,10.628860303287556,1964
-60.46407391684936,85.14537886023496,10.63164572994196,1965
-60.335906988519184,85.04898553168096,10.633896477150898,1966
-60.207694396932986,84.95262994356163,10.635724591428856,1967
-60.08021051708147,84.85653850364659,10.636975901145767,1968
-59.953477543696465,84.7609376096471,10.637739803714485,1969
-59.827511329331166,84.66605365910078,10.63811264262104,1970
-59.702321394976394,84.57091313604971,10.638169128785862,1971
-59.57791091065812,84.47552023147651,10.638021193725901,1972
-59.45427670429838,84.37987075105173,10.637787488411508,1973
-59.33140926251305,84.2839521165747,10.637506201543303,1974
-59.20929272927998,84.18774336368713,10.637272313945472,1975
-59.08790490647823,84.09121514272738,10.63718699738426,1976
-58.967217246509506,83.9955296368939,10.637057035365379,1977
-58.847194865581265,83.90086293299086,10.636943812883146,1978
-58.72779653775105,83.8073911176915,10.636912791935753,1979
-58.60897471639332,83.7131042765876,10.63662366605429,1980
-58.49067549204533,83.61816172662802,10.636095123352913,1981
-58.3728386132567,83.52270601438644,10.635346984155454,1982
-58.255397475286316,83.42806282875581,10.634499381666874,1983
-58.13827914054766,83.33456338162718,10.63359626155302,1984
-58.02140432938785,83.2425304996506,10.632683381321392,1985
-57.90543326660089,83.15107871674303,10.631761232923402,1986
-57.790118607788095,83.06029188192394,10.630863488940333,1987
-57.675213008700965,82.97023707388188,10.630025331730472,1988
-57.56137667763865,82.88216452544735,10.629050381293874,1989
-57.44853033562819,82.79632998261202,10.627961630622208,1990
-57.33660104593331,82.71298080625401,10.626781846113909,1991
-57.22386882622342,82.63115604406907,10.625626925009762,1992
-57.11026074169256,82.55086408014567,10.624529483405855,1993
-56.995697515546695,82.47209652820813,10.623522590096494,1994
-56.88174691640896,82.39602815946259,10.622568448289316,1995
-56.76832966621735,82.3228392540659,10.621656376139846,1996
-56.655372829142465,82.25270170705734,10.620775767218273,1997
-56.54190226090772,82.18457910751614,10.61988129757625,1998
-56.4276896448715,82.11840437232257,10.618991009178211,1999
-56.312506664552856,82.05409364804972,10.618122641723515,2000
-56.197032570731885,81.99056022513281,10.617329144797761,2001
-56.08120711250759,81.92789214705665,10.61662025869964,2002
-55.96497638133813,81.86615230190384,10.616005723423388,2003
-55.84903863801134,81.80657834240802,10.615426624140072,2004
-55.73319727448501,81.74940505134015,10.614872996007088,2005
-55.61726836715598,81.69485044126186,10.614334421028683,2006
-55.500334842000505,81.64290192664001,10.613901108207594,2007
-55.38239352980062,81.59331633822167,10.613587437493416,2008
-55.26344760363182,81.54583373648929,10.613408015143687,2009
-55.14259901630534,81.50039122696789,10.613270373052277,2010
-55.01969555540519,81.45712297060159,10.61319066898427,2011
-54.89458500866397,81.41614635802985,10.613184456438068,2012
-54.7687685701914,81.37636210821802,10.613255878921905,2013
-54.64210671397484,81.33763186528324,10.613417278101954,2014
-54.514472598503275,81.29979211799058,10.613680315874626,2015
-54.385006227932806,81.26286801609108,10.614019707979331,2016
-54.25376150921853,81.22707338124083,10.614432060043846,2017
-54.12079869166412,81.19259687970194,10.614913071372305,2018
-53.98693019585928,81.16058811979804,10.61548108727785,2019
-53.85207357457212,81.13098001992962,10.616137842885317,2020
-53.716159065003,81.10368872828596,10.616884318155682,2021
-53.57912959488316,81.07762752947414,10.617760091993093,2022
-53.44094076884136,81.05288446733493,10.618764938787429,2023
-53.30156087599112,81.02952243035026,10.619898179664805,2024
-53.16097088334193,81.00856524473305,10.621120506057107,2025
-53.01916445049039,80.9898200525869,10.62241277586847,2026
-52.87614792146122,80.97307722580035,10.623755167338935,2027
-52.731940331175046,80.95712427348728,10.625102454639958,2028
-52.58657339103445,80.9419234630623,10.626442859422331,2029
-52.44009149692565,80.92741190658401,10.627763697059168,2030
-52.29255171899432,80.91470147328343,10.629142854930874,2031
-52.144023820335256,80.90390117078447,10.630572294236908,2032
-51.99459024845492,80.89510323648713,10.632043749522394,2033
-51.84434612885256,80.88936923058428,10.633515150335949,2034
-51.6933992791128,80.8865524139993,10.634989025189782,2035
-51.541870201177694,80.8864976625764,10.636467374039768,2036
-51.38898452638162,80.8880553669078,10.637992192253884,2037
-51.234720057339786,80.89125906771203,10.639547473795982,2038
-51.07906093893055,80.89612553543247,10.641117061419788,2039
-50.921997651277586,80.90364086225765,10.642735577732171,2040
-50.76352702490237,80.91358284191381,10.644409966161769,2041
-50.60365223253119,80.92572088298958,10.646147321041203,2042
-50.44329035632819,80.9388299232577,10.647924394973074,2043
-50.2826253189771,80.95286803839389,10.649746436480658,2044
-50.12185372756485,80.96777653384297,10.651618618431142,2045
-49.960277313456835,80.98347993971701,10.6534132752228,2046
-49.79794998581445,80.99988601999367,10.655124819097908,2047
-49.63493199606306,81.01688576838414,10.656746605062706,2048
-49.47128993658383,81.03435340667957,10.658396732108883,2049
-49.30709674319304,81.05214638796444,10.660082749310888,2050
-49.14243169396155,81.07010539504442,10.661812054529081,2051
-48.97738040082179,81.08925425516861,10.66352205529689,2052
-48.81203482478873,81.10962231699533,10.665217396198576,2053
-48.64649326907329,81.13123054405257,10.666902042197028,2054
-48.480698654117504,81.15409151259612,10.668584304654134,2055
-48.31443851824875,81.17820941399789,10.670257235992624,2056
-48.14750674198782,81.20358005449033,10.67191328450609,2057
-47.97986528114397,81.22899094323795,10.673548131938903,2058
-47.81164415155166,81.25419891209081,10.675160719293112,2059
-47.64297971129747,81.27894402262379,10.676749383342237,2060
-47.474014645539164,81.30513557148019,10.678403347532784,2061
-47.3048979964553,81.332496850001,10.680126195896438,2062
-47.13578514836122,81.3607511495268,10.681921587967175,2063
-46.965930278086525,81.38764956951428,10.683802105062945,2064
-46.79533338501321,81.41332627223225,10.685769712022518,2065
-46.62399446861146,81.43789864961909,10.68782652442092,2066
-46.453566911553054,81.46365334079844,10.689944360973648,2067
-46.284063397531924,81.49069096776539,10.692123487566892,2068
-46.11550929451261,81.51911215255157,10.694364094623522,2069
-45.94628926029592,81.54880368550558,10.69666820782852,2070
-45.77644134977528,81.57943854629484,10.699039711628664,2071
-45.60600361783577,81.61068971454264,10.701482414916933,2072
-45.43575995298622,81.6424439954568,10.703978449684303,2073
-45.265593024966584,81.67480201014186,10.706527476776245,2074
-45.0953918456432,81.70786437969537,10.70912893051886,2075
-44.92430594121226,81.74053180763761,10.711749585739506,2076
-44.752392391910355,81.77268270986973,10.714382419647528,2077
-44.579708278014486,81.8041871171109,10.717019956279536,2078
-44.406310671477414,81.83610658839979,10.719688620129078,2079
-44.23225665114326,81.86851659036154,10.722389884879913,2080
-44.057603295838014,81.90149258957882,10.725124997655564,2081
-43.883153520738226,81.93511005714748,10.727853691659607,2082
-43.70880902222069,81.96944445892423,10.730572607495258,2083
-43.53447783878942,82.00457126076086,10.733277857236619,2084
-43.36007435862084,82.03936601428326,10.735992393574573,2085
-43.18551930587487,82.07368197902164,10.73872682226602,2086
-43.0107397468913,82.10736402935628,10.741491371434183,2087
-42.83492324679569,82.14144856530747,10.744229151205621,2088
-42.658164937520496,82.17598589838289,10.746933782982998,2089
-42.48055995098326,82.21102634005456,10.74959805759239,2090
-42.30294925754535,82.24640638428207,10.752230517458704,2091
-42.12527260902253,82.28174869938931,10.754835838568177,2092
-41.94747609936803,82.31667595369584,10.75741794187163,2093
-41.7687663259384,82.35102463261367,10.759999674769361,2094
-41.58925744704019,82.38484504763521,10.762583605746688,2095
-41.40906362096279,82.41818751021374,10.765171699217545,2096
-41.22904484168846,82.45110233498656,10.767808537142532,2097
-41.04915988498154,82.4836398325838,10.770502878277972,2098
-40.8693738687298,82.51585031362433,10.773263179352528,2099
-40.68965825308495,82.54778408894937,10.776075986360466,2100
-40.50999084028023,82.57949146936454,10.778945150555597,2101
-40.33035577467306,82.61102276566514,10.781874070159095,2102
-40.14999770177438,82.64341437714192,10.78490699111019,2103
-39.969068833712505,82.67651117943981,10.788050556515126,2104
-39.787721382554814,82.71016643329997,10.791311258528946,2105
-39.60594584064873,82.74325569082039,10.794636373323332,2106
-39.423570969700926,82.77585441730635,10.798031638998685,2107
-39.24042553139924,82.8080380780154,10.801502189574014,2108
-39.05724584337944,82.84086823566334,10.805100819902826,2109
-38.87402873514389,82.87421492063362,10.808829906708963,2110
-38.6907773782788,82.9079565484364,10.812691600297422,2111
-38.507501298536624,82.93979391404464,10.816619867032816,2112
-38.32421635207324,82.96960543306437,10.82061780117864,2113
-38.1409447372199,82.99726113595048,10.824687741847017,2114
-37.957714975986946,83.02600858819102,10.828838270595078,2115
-37.77456194948009,83.05594002672711,10.833064519061999,2116
-37.59152688084404,83.08716445877258,10.837360939562927,2117
-37.40700394570429,83.11860773944831,10.841723205191721,2118
-37.22103436828056,83.15019021008031,10.846148257213958,2119
-37.033653030595524,83.18184059706029,10.850632357388694,2120
-36.84654188036501,83.21131001387,10.855172994531145,2121
-36.659735799915396,83.23852718711878,10.85976892230072,2122
-36.47327601374671,83.26341245826177,10.86441821470479,2123
-36.28630251655699,83.2880637845424,10.869153804928349,2124
-36.09870115010416,83.31240150671984,10.873965007779347,2125
-35.91035775609087,83.33635435064278,10.878840760599118,2126
-35.72206573722257,83.35985943267364,10.883742991971033,2127
-35.53387900191015,83.38286224987009,10.888665434958241,2128
-35.34585780065511,83.40531668441702,10.893601218691211,2129
-35.158068726003634,83.42718500305642,10.89858030975561,2130
-34.97058471269089,83.4484378584271,10.903591081009745,2131
-34.78348503754212,83.46905428829004,10.908621603386123,2132
-34.59594775899144,83.48902171087369,10.913643807543492,2133
-34.40789677124769,83.50833593334667,10.918652709908347,2134
-34.21925596846817,83.52700114796707,10.923642873937697,2135
-34.02994924478396,83.54502993185974,10.92863194420443,2136
-33.83990049424915,83.56244324753932,10.933621430638045,2137
-33.64903361086653,83.57927044260815,10.938612541202652,2138
-33.45818004944087,83.59554925443335,10.943613141119839,2139
-33.26743177073845,83.61132580191722,10.948618135236696,2140
-33.07688707761839,83.62665458908116,10.95362220197451,2141
-32.88574305678273,83.64138467892055,10.958643319224851,2142
-32.69394263039274,83.65515970266304,10.963683558351018,2143
-32.50142872057086,83.66763167661989,10.968744915257014,2144
-32.30905180792773,83.67867482826807,10.9738096350737,2145
-32.116922879403894,83.6883855873445,10.978879418561624,2146
-31.925159264034786,83.69686876870402,10.983955740053966,2147
-31.73297707237036,83.70423756739996,10.989066479340945,2148
-31.54033825091379,83.71061356791462,10.994207107744334,2149
-31.347204746120557,83.71612673981271,10.999373096627256,2150
-31.15353850133152,83.7219015311725,11.004506656332135,2151
-30.959301463634063,83.72787924579394,11.00961435459403,2152
-30.764455580041414,83.73401795770667,11.014702306288282,2153
-30.569124531805016,83.73810650696906,11.019747584538747,2154
-30.373593715425574,83.74011973928175,11.024757098832483,2155
-30.178148527402797,83.74003250030326,11.029737079080938,2156
-29.982912630600357,83.74000564077163,11.034663362152713,2157
-29.787847971820803,83.74003077511503,11.039559768640597,2158
-29.59291649779803,83.74011628799836,11.044449137764422,2159
-29.398080161549313,83.73908742196453,11.04924986655224,2160
-29.2033009106994,83.73676389596147,11.053991624751335,2161
-29.00854069284934,83.73297381404281,11.058702270104877,2162
-28.813015617268636,83.72776748373936,11.063442186805286,2163
-28.616843012258133,83.72141742209179,11.068245467973139,2164
-28.420133863941135,83.71420453122306,11.073144621207458,2165
-28.22373865459602,83.70620427942158,11.078193355135774,2166
-28.027600305254825,83.697286696603,11.083407749750798,2167
-27.831661736926044,83.68733019778264,11.088802526053017,2168
-27.63602759516246,83.67622158428364,11.09443736850962,2169
-27.440964250191264,83.66385604278814,11.100318883354117,2170
-27.2467380722156,83.6501371450817,11.106452695346853,2171
-27.05270786545582,83.63617675686378,11.1129252956106,2172
-26.85897193235581,83.62211742595936,11.119727550634737,2173
-26.665622233155172,83.60811847040188,11.126850025031128,2174
-26.472744391395594,83.59315606483936,11.13428414378871,2175
-26.28041768394515,83.57720086185161,11.142002612838741,2176
-26.088715045506063,83.56023189908515,11.149977911627513,2177
-25.897703068442922,83.54223659845698,11.158259101419503,2178
-25.70744200310876,83.52321076794411,11.16681496230092,2179
-25.51798575768948,83.50315860058336,11.175614651889148,2180
-25.3286360624306,83.48209267262826,11.184621927233376,2181
-25.139589523710697,83.46003394799044,11.193795149904815,2182
-24.951030063600015,83.43701177562434,11.203093058986246,2183
-24.763128919807794,83.4130638892971,11.212516063389497,2184
-24.576044645748972,83.38823640812747,11.222027809990868,2185
-24.38992311052989,83.36258383627484,11.231592625187735,2186
-24.205643335116577,83.33616906532635,11.24116856381348,2187
-24.023170437457203,83.30906336917013,11.250727011379016,2188
-23.842463193335643,83.28134640675471,11.260239957435996,2189
-23.662728197824407,83.25409231252965,11.269711671752344,2190
-23.484066925459867,83.22719208037077,11.279100249586547,2191
-23.306568166449413,83.20055347433602,11.28836469233535,2192
-23.130308033794964,83.17191502176709,11.297528957808336,2193
-22.955349949337283,83.14120125705146,11.306544761592821,2194
-22.781744650641862,83.10833671447085,11.315365253710995,2195
-22.609530186277357,83.07444584119982,11.324026871220608,2196
-22.438731924419596,83.03967537786154,11.332472838528304,2197
-22.269362548935995,83.00418045010784,11.34064849410474,2198
-22.100676223792426,82.96812456841387,11.348397843541386,2199
-21.93281564671804,82.93167962890021,11.355679250016454,2200
-21.765904488993947,82.89502591271292,11.36245236023515,2201
-21.60079323323673,82.85813826609841,11.368751808755876,2202
-21.437412116535913,82.82078609765813,11.374549958497193,2203
-21.27567869168495,82.78274720102978,11.379820984435613,2204
-21.115659549786887,82.7440215773126,11.384571366271983,2205
-20.95757032300006,82.70483143348399,11.388781061710132,2206
-20.801613959176144,82.66540736156361,11.392432067029855,2207
-20.647073163037877,82.62577451431092,11.39553076676944,2208
-20.493957448186663,82.58575261082571,11.398088332665854,2209
-20.342257301784,82.54516975522836,11.400118050507794,2210
-20.191944184280043,82.50386243592068,11.401721755110323,2211
-20.042970529832754,82.46167552697779,11.402932966932227,2212
-19.895269746158597,82.41846228749014,11.40378792450167,2213
-19.74966377354731,82.37429818632451,11.404300879537466,2214
-19.606216032344392,82.32948089535482,11.404522912987106,2215
-19.464977258589037,82.28431647149637,11.4045075973906,2216
-19.325077945508475,82.23890553412892,11.404221452990615,2217
-19.186375394919068,82.19314326765681,11.403720424691885,2218
-19.048707882199977,82.14693324151581,11.403062269450032,2219
-18.91280221700012,82.10018741342452,11.40229885862453,2220
-18.778626688589224,82.05282612371741,11.401476171636865,2221
-18.646136901943215,82.00477809778224,11.400641999983865,2222
-18.515275780179323,81.95499435484957,11.399759500466333,2223
-18.38597355925035,81.90362582668767,11.398864085052296,2224
-18.258147790835757,81.85082344498632,11.397992373665483,2225
-18.130957504260714,81.79772423370815,11.397101546438838,2226
-18.004450265612594,81.7442736889061,11.396226182491436,2227
-17.878654614544768,81.69042569169221,11.395401464975151,2228
-17.75358006476673,81.63614251089633,11.394475974422507,2229
-17.62921710297922,81.58139479761368,11.393503845116655,2230
-17.505537189453108,81.52616158801943,11.39253830533748,2231
-17.38414615485258,81.47043030713529,11.3916791805249,2232
-17.264990090818497,81.41419676184594,11.390955236684448,2233
-17.14800874684917,81.35746514414303,11.390394786866475,2234
-17.032389694131318,81.30024803024965,11.38998824821231,2235
-16.918215380378154,81.24256638270126,11.389766576904497,2236
-16.805555569016168,81.18444954913232,11.389759974149062,2237
-16.693559778397127,81.12593525949922,11.390037250202978,2238
-16.582104336530772,81.06706963124556,11.390627397894889,2239
-16.471046544996366,81.00790716689404,11.391558957065666,2240
-16.361878079316156,80.94731084527045,11.392795177781771,2241
-16.254430872997943,80.88512973320624,11.39435168653447,2242
-16.14853051743155,80.82121289750724,11.396243203742161,2243
-16.042504586141476,80.75660931686475,11.39841873028378,2244
-15.93647675081158,80.69139026508287,11.400879173254742,2245
-15.830551656694983,80.62563540106416,11.403624080748237,2246
-15.72556075740566,80.56041886407257,11.406565221245938,2247
-15.621415263129816,80.49563164723288,11.409683415654236,2248
-15.51801369975532,80.43118151393028,11.41295752198037,2249
-15.416149471162985,80.366006906534,11.416450860410865,2250
-15.31586380096848,80.30025456517899,11.420154372679246,2251
-15.217191570646474,80.2340796151285,11.424057641549904,2252
-15.119253761754312,80.16644565131205,11.428120310596427,2253
-15.021904505165487,80.09730236262867,11.432330940184832,2254
-14.924985247489916,80.02659943795241,11.436676505081333,2255
-14.829232307107084,79.95647257420083,11.44118489436251,2256
-14.734629828688071,79.8868882311132,11.445826812903086,2257
-14.641155614748502,79.8178296386974,11.450571757715808,2258
-14.548781130021972,79.74711079032065,11.45544393749244,2259
-14.457471492789617,79.67473168611436,11.46042428787673,2260
-14.367185479210494,79.60069232619176,11.465492913950126,2261
-14.277875523070385,79.52499270975308,11.470709001568494,2262
-14.18948771624715,79.44763283712334,11.476034346602871,2263
-14.101961808494803,79.36861270860186,11.481430593879749,2264
-14.015231202923614,79.2901183298281,11.48693799784921,2265
-13.92922296479855,79.2121664713754,11.492518505684593,2266
-13.843857817226837,79.13479067406614,11.498134517738393,2267
-13.75830430880725,79.05585524151381,11.50375656024107,2268
-13.672625861020022,78.97541048485071,11.509363342314796,2269
-13.586873211072165,78.89350671516671,11.514934026041374,2270
-13.501830246962413,78.81118033791357,11.520405022526083,2271
-13.417366955006493,78.72827622804608,11.52574839390248,2272
-13.333346979381963,78.64464764563205,11.530936353369254,2273
-13.248881782844627,78.56135614788896,11.535994553204393,2274
-13.163977707401088,78.47849397176822,11.540884413129383,2275
-13.07862841075316,78.39617012446084,11.545567957036873,2276
-12.993722431209793,78.31232437903407,11.550013564177592,2277
-12.909396124781663,78.22708251311052,11.55419601870087,2278
-12.825779505349892,78.14057030428425,11.55809070873643,2279
-12.74299624273541,78.05389962060605,11.561844582040603,2280
-12.661163666748969,77.96699080333153,11.565462394530806,2281
-12.580392765056157,77.87977257881388,11.568950714235239,2282
-12.500626459102659,77.79218205887464,11.572238439620289,2283
-12.421639602750984,77.70416473980443,11.575314055570319,2284
-12.343200707723732,77.61567450299525,11.578167330563037,2285
-12.265233667779963,77.52667361532565,11.580821730452433,2286
-12.187817759783508,77.43713272890884,11.583275594037097,2287
-12.111025918454168,77.3470308809603,11.585528770218135,2288
-12.034924736440164,77.25635549437402,11.587543251308269,2289
-11.959574464120802,77.16510237660293,11.58932160448066,2290
-11.885029009732119,77.07327572020648,11.590867605003096,2291
-11.810428378273587,76.980888101195,11.592186234321872,2292
-11.735645726775223,76.88796048205299,11.593283683609727,2293
-11.660541527977971,76.79452221035982,11.594167352120376,2294
-11.586778692438825,76.70061102219113,11.594854730069422,2295
-11.514528457993809,76.60627303599507,11.595353783874389,2296
-11.443962062481498,76.51156275533839,11.595673763562313,2297
-11.374343184841848,76.41534315358815,11.595825186002964,2298
-11.305674996400727,76.31746329802456,11.595819865406188,2299
-11.237954326356077,76.21777225589389,11.595670899473907,2300
-11.171171659571721,76.11731900836187,11.595374926251974,2301
-11.105311140516653,76.01617482882597,11.594951312854421,2302
-11.040350571516772,75.9144193757927,11.594420558987366,2303
-10.975515574403042,75.81312678407157,11.593843673782006,2304
-10.910926650126916,75.71218804665685,11.593243722088056,2305
-10.846691615334183,75.61151092678153,11.59264520344091,2306
-10.78365144279587,75.5088339536381,11.592000322201875,2307
-10.72173319792195,75.40408166060516,11.59132629176017,2308
-10.660857603994199,75.29717858103336,11.590641231487561,2309
-10.600939038823535,75.1902352546141,11.589957238903006,2310
-10.541885541239266,75.0831929848878,11.589299946213506,2311
-10.483598807917545,74.97600984565008,11.588695816304282,2312
-10.42522835642664,74.86866068088692,11.588110418762204,2313
-10.366818581846783,74.7611371054208,11.587546471756815,2314
-10.308401194954023,74.65344750432666,11.587007146616108,2315
-10.250741061325378,74.54441712089682,11.586443957950454,2316
-10.193689140706478,74.43386567438729,11.585854827189111,2317
-10.13709005070523,74.32162126917862,11.585237751316633,2318
-10.080943788920738,74.20872030860835,11.584625156179523,2319
-10.025405737901961,74.09522987389464,11.584025046186982,2320
-9.970624938041043,73.98123381652096,11.58344572791229,2321
-9.915836528038968,73.86563284319219,11.582895793919969,2322
-9.861008797357094,73.7483221394439,11.582384152227977,2323
-9.806097351165013,73.6292052759266,11.58192001290491,2324
-9.752698509012319,73.50819421142354,11.581456943749746,2325
-9.700755191607776,73.38520928706834,11.580990904527985,2326
-9.650210319670336,73.26017922913167,11.580517779565424,2327
-9.60026097471113,73.13424106125754,11.580083561987465,2328
-9.551005459839402,73.00756248638552,11.579686291011221,2329
-9.502535736007454,72.88032797772159,11.579324308014073,2330
-9.454937422719572,72.75252495827364,11.578941053349801,2331
-9.408289797131188,72.62394379953292,11.578542716122882,2332
-9.362665794244249,72.49439164326212,11.578135334576196,2333
-9.31722444533975,72.36369240037614,11.57771206475109,2334
-9.271857934115278,72.23168675301689,11.577272791621029,2335
-9.226445759965781,72.09823215358978,11.576817173783331,2336
-9.181016461949314,71.9632028255733,11.576318006781948,2337
-9.135747620552097,71.82648976227529,11.575780046477586,2338
-9.090804131950916,71.68800072727181,11.575207595849712,2339
-9.04708404643821,71.54667416209865,11.574661620100347,2340
-9.004571508486487,71.40265680667605,11.57414212095886,2341
-8.963244320422614,71.25610378605425,11.57364910020253,2342
-8.923073940169878,71.10915079554958,11.573182580221383,2343
-8.884025486172938,70.96155885859109,11.57274255868995,2344
-8.846057734711838,70.8131141540194,11.5723290335052,2345
-8.808377283311604,70.66264192303933,11.571913428906946,2346
-8.771085606485256,70.51018409142588,11.57149744453017,2347
-8.734271494433557,70.35579935522048,11.571082553628331,2348
-8.698011052842727,70.19956318049626,11.57069663990266,2349
-8.662367703264644,70.04156780389688,11.570335174587765,2350
-8.627392182937456,69.88192223233031,11.569993629040052,2351
-8.59312254466413,69.72075224339109,11.569626930041064,2352
-8.559584157002103,69.55820038434449,11.569247499496356,2353
-8.526789704194336,69.39442597272404,11.568867381921915,2354
-8.495646748280341,69.22939127623573,11.568521028307599,2355
-8.466310672384976,69.06286151113537,11.56820647357276,2356
-8.438930517470018,68.89461866395331,11.567921601749097,2357
-8.412741419898493,68.72467531158915,11.567648315434925,2358
-8.387711668743783,68.55327462301518,11.567391751606788,2359
-8.36379686876251,68.38067653747164,11.567156745349282,2360
-8.340939940535927,68.20694394262347,11.567022708606764,2361
-8.319071120672296,68.03194267614256,11.566986771087567,2362
-8.298107961462335,67.85555534596267,11.567046364609201,2363
-8.278117054714642,67.67768133143028,11.56712048982315,2364
-8.259314034009968,67.49823678140638,11.567206579378476,2365
-8.241901848602858,67.31715461502107,11.567301764016637,2366
-8.225909039210453,67.13438452120052,11.567422555321532,2367
-8.21118973645435,66.94989295923503,11.567565630983715,2368
-8.197585386635918,66.76366315868194,11.567727517786262,2369
-8.18508647543901,66.5756951196931,11.567897637917627,2370
-8.173832530488387,66.38600561268473,11.568077917376973,2371
-8.163950395078743,66.1946281783413,11.568270055751933,2372
-8.155554227911413,66.00161312746717,11.56849328399524,2373
-8.14874550363112,65.80702754132749,11.568745149470331,2374
-8.143613012550448,65.6109552714544,11.569023124130085,2375
-8.139325298212754,65.4134969387577,11.569304919651136,2376
-8.135777715198916,65.21476993511705,11.569587706131514,2377
-8.13284659160209,65.01490842267292,11.569868427243307,2378
-8.1305509526294,64.8140633345792,11.570086675446241,2379
-8.129052523468031,64.6124023738584,11.570242339780842,2380
-8.128494002806404,64.41011001379823,11.570334629847466,2381
-8.129744902234785,64.2061875846523,11.570407206145127,2382
-8.132754484705009,64.0006308937126,11.570469770776075,2383
-8.137459328840116,63.79344413339937,11.570531648324984,2384
-8.143037490078584,63.58463988008401,11.570635375514637,2385
-8.149555561431589,63.374239096741505,11.57077827255506,2386
-8.157061109414554,63.16227113146482,11.57095758413581,2387
-8.166490236151317,62.94877371850308,11.571158498315901,2388
-8.178020522299606,62.733792976243514,11.571393360583995,2389
-8.191816864174172,62.51738340819909,11.57167428991076,2390
-8.207869747040082,62.30179390943719,11.571978861636829,2391
-8.225995248411591,62.08711252372882,11.572308889015869,2392
-8.245996761447284,61.873452450255144,11.572665732439518,2393
-8.266919159958,61.65756612337567,11.572988110966696,2394
-8.288695851687594,61.4393780766752,11.573289425453375,2395
-8.311241217886073,61.218812843722944,11.57358209511749,2396
-8.335358172901365,60.99798096481226,11.573916946401193,2397
-8.361091112209245,60.776823743958765,11.574304738271303,2398
-8.388471746924743,60.555299255447515,11.574755550231028,2399
-8.41677326595796,60.332396250610344,11.575246359496896,2400
-8.44615739460264,60.10831178049656,11.575779886514702,2401
-8.476766831633174,59.883251281277964,11.576357945676289,2402
-8.50947108776443,59.65742857446248,11.57704819752659,2403
-8.544219425682245,59.43106586611861,11.577866499741653,2404
-8.580948423717052,59.20439374744026,11.578828256962503,2405
-8.618836136645562,58.97743737329933,11.579867756828882,2406
-8.657949157805186,58.75001646325621,11.580995039837049,2407
-8.698335054005753,58.52195912199278,11.582219089405665,2408
-8.74076820416513,58.29331566099494,11.583589128834836,2409
-8.785102738447986,58.064358597119266,11.585116183973264,2410
-8.831180102658756,57.83536883234939,11.586810525622615,2411
-8.87808321883992,57.606421832354975,11.588599080305027,2412
-8.925783547842618,57.37738762752885,11.590482300151582,2413
-8.974233523983834,57.148144633386934,11.592459278203615,2414
-9.024274119107677,56.91759355844245,11.594579837831027,2415
-9.075987781496318,56.685835024548666,11.59684650947719,2416
-9.12944427506599,56.45296965354392,11.599260841943774,2417
-9.183793114502532,56.220084159019805,11.601777088584232,2418
-9.238910628141353,55.987073726646244,11.604400231768489,2419
-9.29465411777679,55.75384192721376,11.60713389477206,2420
-9.351769421556162,55.520300717681174,11.60995755634386,2421
-9.41024385554541,55.28637043918331,11.612885372704435,2422
-9.470052051427416,55.051979817983145,11.615929914480141,2423
-9.531155957768501,54.81607987298803,11.619089429399653,2424
-9.59350483729328,54.57882153673869,11.622367467398814,2425
-9.657035268353804,54.340355741763545,11.625765917250899,2426
-9.720925303535859,54.101819511537535,11.62931357498797,2427
-9.78524153613157,53.863158342921665,11.633007307310624,2428
-9.85003153287153,53.624326117891954,11.636842546312884,2429
-9.916977238115308,53.38429901240969,11.64090977609945,2430
-9.98610084937209,53.14325311460186,11.645198465759064,2431
-10.057418221934835,52.90136451258077,11.649697404748958,2432
-10.12928546384236,52.65979538455288,11.654387753670486,2433
-10.2016930623613,52.41851638272409,11.659262641993518,2434
-10.27461247818906,52.17750654440737,11.664314444093474,2435
-10.34964955044821,51.93576720289904,11.669391962925706,2436
-10.426750370551076,51.693499601588165,11.674494558370819,2437
-10.505854687692441,51.45090498385665,11.679619702645311,2438
-10.58615006705802,51.209170683429726,11.684852523482839,2439
-10.667718957208358,50.96829250802243,11.690189321766438,2440
-10.750631122293985,50.72827465046543,11.695625190277465,2441
-10.834036081248376,50.48694368147111,11.701134311424884,2442
-10.91781016210707,50.24430379364886,11.706709210344973,2443
-11.001810666353443,50.00035079443479,11.7123410529245,2444
-11.086783429084107,49.75725811259316,11.718086415803034,2445
-11.172715766305522,49.515021555635556,11.723949602907158,2446
-11.259582309607918,49.27364531618359,11.7299340120655,2447
-11.348090849351316,49.03095596722666,11.736047147940166,2448
-11.438035265053736,48.78695770113805,11.74228104464348,2449
-11.529203094018008,48.54164632513145,11.748626905574442,2450
-11.621537253964487,48.29620917508911,11.75499520248238,2451
-11.715136048372633,48.0508474945848,11.761392128352535,2452
-11.81009143848616,47.80576252717322,11.767822366007879,2453
-11.905581478777902,47.56115551423593,11.774415318375942,2454
-12.001517378821816,47.3172276992663,11.781150601455087,2455
-12.097797663784863,47.07418032572219,11.788007378097333,2456
-12.195215740181492,46.831014724446725,11.794979004493973,2457
-12.293812832288042,46.58770993281365,11.802053437933173,2458
-12.393623822151707,46.34423660302775,11.809218257998584,2459
-12.49376968359169,46.101756914581316,11.816432112869132,2460
-12.594104546606749,45.860446955383935,11.823683527430187,2461
-12.694469856785464,45.6204828133086,11.830960422416279,2462
-12.796347781573512,45.38084066503468,11.838298353767003,2463
-12.89956708232829,45.14147439209927,11.84568248453717,2464
-13.003956520355706,44.902329490881314,11.853097751097403,2465
-13.108599015105833,44.66454298519188,11.860438155733007,2466
-13.213478711022061,44.42826580762018,11.867702831322566,2467
-13.318573410305902,44.193648890728866,11.874889929094433,2468
-13.42385457457457,43.95964325297391,11.882057584645239,2469
-13.529287322074781,43.72617762067152,11.889206288095846,2470
-13.634830428822069,43.49317233496703,11.89633600086199,2471
-13.740436328524378,43.26053935131777,11.903509056616832,2472
-13.846051112934719,43.02818224052458,11.910732513937488,2473
-13.95161453157357,42.7959961882135,11.918013355708489,2474
-14.05780583061782,42.56506791045538,11.925303301143597,2475
-14.164396691501816,42.335498028417675,11.932616431574264,2476
-14.271158795596799,42.1073871632503,11.939966299709852,2477
-14.378025552868545,41.87864992999697,11.947344306300497,2478
-14.485092095668984,41.64937018020004,11.954758945746097,2479
-14.592453556310844,41.419614995100886,11.962218032705453,2480
-14.700043338828069,41.191620692338134,11.969672770395645,2481
-14.807633124750422,40.9654375823737,11.977115759483537,2482
-14.914994595546224,40.74111597565567,11.984538543502172,2483
-15.02206116143043,40.51652017623932,11.991953203301199,2484
-15.128927954899993,40.291683724939745,11.9993531703293,2485
-15.235690108415312,40.06662339227261,12.006730969793553,2486
-15.341535184609668,39.84352518179444,12.014239550640436,2487
-15.446390248582427,39.62238909342064,12.02187853530406,2488
-15.550176023185024,39.40321512702788,12.029647848102684,2489
-15.654460300027388,39.183817280586474,12.037451214338953,2490
-15.759163801646407,38.96417878356871,12.04529225741739,2491
-15.864213592727769,38.74426609516021,12.05317414753574,2492
-15.96954307815295,38.52522881756464,12.061163689081457,2493
-16.075092006729463,38.307222075720404,12.069254049730255,2494
-16.180806469399293,38.090392609416966,12.077438472525964,2495
-16.285893058278877,37.874664950331955,12.085703317248681,2496
-16.390465933244236,37.65974142627054,12.094047676251,2497
-16.494639254116446,37.445315979872554,12.102470641720972,2498
-16.598365456740822,37.23128799019641,12.110947775516161,2499
-16.701435248872965,37.01776227107198,12.11947031935783,2500
-16.803639338229367,36.80483525117018,12.128029363820021,2501
-16.90493015680633,36.59259497301192,12.13674860343579,2502
-17.005421863656103,36.38112109566122,12.145629435623006,2503
-17.105228617781144,36.17048489301287,12.154674088173593,2504
-17.205210419698865,35.96074925659239,12.163789560857502,2505
-17.30532604502791,35.75196868982976,12.172944482643931,2506
-17.405540611525876,35.544189311007685,12.182107708882212,2507
-17.505825579463327,35.3374488533808,12.191234414255923,2508
-17.606158751030303,35.13177666493704,12.200305307938049,2509
-17.706524270558063,34.92719370851799,12.20930117447993,2510
-17.80691262604849,34.72371256366944,12.21782492686043,2511
-17.90732064602473,34.52133742259404,12.225944743117786,2512
-18.007751501163302,34.32006409236369,12.233725630089374,2513
-18.10730714100159,34.11889390009825,12.241365705594276,2514
-18.205835352489554,33.918011318429485,12.24888248634364,2515
-18.303183922572043,33.71758404970066,12.25629152582651,2516
-18.400108201545336,33.51874911989932,12.26365926525468,2517
-18.496624044773437,33.321435255153524,12.271024587585316,2518
-18.592753649772664,33.12556279645307,12.27842471461734,2519
-18.68777971519885,32.931043697740456,12.285864717294933,2520
-18.78189250668749,32.73778153027005,12.293376344096123,2521
-18.8752822898399,32.54567148014105,12.300989455816278,2522
-18.968885174752582,32.35361425810505,12.308747856916238,2523
-19.062736042941843,32.161693715521096,12.316670083299341,2524
-19.156876118104186,31.96997693347207,12.324772934176758,2525
-19.25044539682955,31.77950031231697,12.333232044330021,2526
-19.343329720174744,31.59009195640484,12.342048544959702,2527
-19.43541492916815,31.401571584927005,12.351223114128874,2528
-19.52749443160738,31.21396435547031,12.3607027080678,2529
-19.619622135278867,31.027500859414815,12.370498200171856,2530
-19.711858290130746,30.842403303000665,12.380619557718543,2531
-19.80336192198029,30.658671684031123,12.391091669859064,2532
-19.894037898574393,30.476083796075862,12.401915139117577,2533
-19.983791087634316,30.294409047548392,12.41308981287649,2534
-20.073433923377475,30.113622284874726,12.424676941992166,2535
-20.16303934036654,29.933903788765644,12.436661917759166,2536
-20.252686615326276,29.75542545479015,12.449029904874918,2537
-20.342461367646305,29.578136972797246,12.461665497208708,2538
-20.432455559720985,29.401765826086205,12.474548798854608,2539
-20.522767496105445,29.226031112817726,12.487658932280462,2540
-20.612594257004826,29.05085736450222,12.501065501633137,2541
-20.701878762368782,28.876374550713305,12.514752123295281,2542
-20.790563932127935,28.702704255867832,12.528702111536019,2543
-20.87859268648172,28.529959679568357,12.54284253191668,2544
-20.96590794548889,28.358245636040127,12.557142240078246,2545
-21.052452629190746,28.187658554353835,12.571569412040324,2546
-21.13907722744088,28.017086567176808,12.586139786726,2547
-21.225892728869763,27.84638712756306,12.60081863267758,2548
-21.313016464296922,27.67540091828765,12.615570916302643,2549
-21.399664534046174,27.506137855389788,12.630332746940566,2550
-21.485798885626703,27.338421851008682,12.645070185628878,2551
-21.571381466504647,27.172076817267133,12.659748764821543,2552
-21.65728179428779,27.005940576510756,12.67432578657731,2553
-21.743629883816734,26.84004247728486,12.688750325262536,2554
-21.83056209210275,26.674403482997093,12.702970926649598,2555
-21.917313551689013,26.509036169688077,12.716917099925494,2556
-22.0038652361834,26.343944730170172,12.730518930177166,2557
-22.09019811917912,26.179124972102176,12.743705898377803,2558
-22.176293174423893,26.01456431795821,12.75640570382468,2559
-22.262131375550197,25.850241805069235,12.768563871637262,2560
-22.347693696176876,25.686128085612502,12.78012524732069,2561
-22.432961108437375,25.522185424309964,12.791537949557227,2562
-22.517914585775127,25.35836770267257,12.802831801234664,2563
-22.6025351016092,25.194620417041207,12.814039494217035,2564
-22.686803626633917,25.032080592954035,12.825017950042813,2565
-22.770701133861195,24.870899162847223,12.835762035141471,2566
-22.854208596259117,24.711227059132376,12.846268276927887,2567
-22.937306990092125,24.552015300653924,12.856571122056494,2568
-23.019977288933443,24.393192613590386,12.866684122666312,2569
-23.10220046633555,24.234679338955583,12.876622718349836,2570
-23.1848650631175,24.076387435237,12.886423922770849,2571
-23.268120120920937,23.918220473658096,12.896107102181332,2572
-23.35212102355563,23.760073640295886,12.905693661312846,2573
-23.436121926565637,23.603033647114756,12.915165753860293,2574
-23.520122829583578,23.447201115679825,12.924544709517471,2575
-23.60412373219857,23.292676667532135,12.933853594466889,2576
-23.688870480223112,23.138361014053572,12.942996436548047,2577
-23.774207690207415,22.984132570169184,12.95197391409955,2578
-23.859986320881855,22.82986136566748,12.960787611417933,2579
-23.945317827057977,22.67660895558659,12.969549242079895,2580
-24.030221235079033,22.52445080619133,12.97826495985772,2581
-24.114715571244908,22.373462383723663,12.986942655013332,2582
-24.19881986925378,22.22153314911591,12.995532896580766,2583
-24.282553155359214,22.06872179833317,13.004046594629747,2584
-24.365934455828604,21.915070257043002,13.012495942649696,2585
-24.448982789877583,21.762789686350974,13.020880948455261,2586
-24.531717184078556,21.611905241762713,13.02918941867538,2587
-24.614156664962234,21.46244207876371,13.037410443418418,2588
-24.696320262778055,21.313225439473857,13.045542092826828,2589
-24.778227004713855,21.164058273165466,13.053591425636961,2590
-24.8598959179419,21.014735143952024,13.061566784031642,2591
-24.94134602594661,20.86624214421659,13.069480901635009,2592
-25.022596355350846,20.718579274021273,13.07733128698853,2593
-25.1036659327356,20.571746533408305,13.085116807615481,2594
-25.184573788455364,20.424757830295103,13.092818004184965,2595
-25.265338948349946,20.277818600610512,13.10043631186866,2596
-25.34598043824917,20.131125895126274,13.107974373794395,2597
-25.427263122951775,19.985854474583416,13.11542139207426,2598
-25.50905064531394,19.841979183051297,13.122772722691769,2599
-25.591212990349455,19.699474864604475,13.130024854134584,2600
-25.672880650425295,19.556130355064777,13.137170369048231,2601
-25.754091678736376,19.411903728825447,13.14421757243994,2602
-25.834884128496288,19.266736289985264,13.151175826240785,2603
-25.915296045396182,19.122738577959645,13.158056734148131,2604
-25.9953654829291,18.979835126649135,13.164854520220098,2605
-26.07513049454778,18.837950469936363,13.171564540992769,2606
-26.15462913430175,18.697009142117537,13.178042399059356,2607
-26.233899455614452,18.55693567706259,13.184298060627825,2608
-26.312979511873703,18.417654608626833,13.190341491855978,2609
-26.391907360138813,18.278104378295204,13.196236678269901,2610
-26.470721052999362,18.13841495578298,13.202003590555757,2611
-26.549458643040673,17.998707925651793,13.20766257683975,2612
-26.628158179277573,17.86008257966305,13.21318611934686,2613
-26.70685771518115,17.72243829624609,13.218596868549069,2614
-26.78559530418733,17.58567445381533,13.223917474868413,2615
-26.86440900379682,17.448704338699045,13.229138173671664,2616
-26.9433368666934,17.31163276521651,13.234275613482003,2617
-27.02241694555989,17.17455616253506,13.23934621624894,2618
-27.102433131820618,17.038548669756153,13.244423307809239,2619
-27.183268095175343,16.90348450930058,13.249519458359366,2620
-27.26481084748868,16.76923790359938,13.254647464581547,2621
-27.346210904171894,16.634696980036125,13.259791781918466,2622
-27.42752534460407,16.499941397594114,13.264967360106144,2623
-27.50881124816349,16.365042430104577,13.27018914881444,2624
-27.59012569442566,16.230062966303485,13.275456265122667,2625
-27.67152576283001,16.09505750974754,13.280791208893667,2626
-27.753068532816467,15.960072178841726,13.286216328921514,2627
-27.83390351139642,15.826130795723202,13.291805170196627,2628
-27.913919710817034,15.693057272107959,13.297564829048286,2629
-27.992999801093934,15.560675519674433,13.30350270373991,2630
-28.07192768273836,15.427823361344227,13.30953695863731,2631
-28.15074140876237,15.294530145236143,13.315672992272358,2632
-28.229479032179746,15.160816834318036,13.32191582560371,2633
-28.30817860151733,15.027895919515478,13.32833803472855,2634
-28.38687816909984,14.895993799692107,13.334942489449205,2635
-28.46561578722188,14.7653368736974,13.34173221053321,2636
-28.54331074251843,14.636430761041222,13.348563701262687,2637
-28.620234165326337,14.508971501620035,13.355441077138257,2638
-28.69832582474118,14.381180196322351,13.36250066249966,2639
-28.777488209511905,14.253069422485838,13.369760079340399,2640
-28.857628564926504,14.124643372310322,13.377201886175639,2641
-28.93865889292412,13.995897852863388,13.384809094493335,2642
-29.02068241324171,13.866820287053034,13.392513073601439,2643
-29.10358179524532,13.737389711571968,13.400291587471962,2644
-29.187246050505323,13.607576777988564,13.40812247554936,2645
-29.27082468532647,13.47854366282472,13.415994456758533,2646
-29.354374778917613,13.350466454244774,13.423887523753706,2647
-29.437953410457958,13.223521240399684,13.431781820155384,2648
-29.51959132448514,13.098163326382855,13.439551671075426,2649
-29.599410610020147,12.974038440765545,13.447191093006378,2650
-29.679195656383648,12.8485778042513,13.454819915734493,2651
-29.75959478987238,12.723097676282732,13.46243678068899,2652
-29.840515254523115,12.597921932433279,13.470014271353303,2653
-29.92186905102109,12.47336815942976,13.47752555632724,2654
-30.00301354354743,12.352245585359048,13.484790478525639,2655
-30.083986788318253,12.233866629154011,13.491794182011338,2656
-30.164826853893928,12.114602203427145,13.498578878148896,2657
-30.245571793483734,11.99441457508108,13.505235252649765,2658
-30.32625966046699,11.87325762601047,13.511757001091736,2659
-30.408047276026227,11.75033728866655,13.518180678319137,2660
-30.490739612545738,11.626944663879451,13.524492554563764,2661
-30.574151159303646,11.503378471344066,13.530679935587512,2662
-30.65810591887985,11.379931141929646,13.536731165306632,2663
-30.740199872462554,11.257907601934798,13.542581457218677,2664
-30.820742204188228,11.13690326981422,13.548245270842106,2665
-30.901151355841712,11.015038623135723,13.553808629864506,2666
-30.981484403087713,10.893425531492104,13.559272254572914,2667
-31.06179842521966,10.772189772170211,13.564637995257232,2668
-31.142896344739963,10.65145712574975,13.569899959305618,2669
-31.223772293165723,10.530153452177895,13.575020887314109,2670
-31.30416624053419,10.408182321254353,13.579999796227465,2671
-31.383072317787377,10.2844528220361,13.584845331806036,2672
-31.461293442382207,10.16025710748839,13.58957778791333,2673
-31.538886692809303,10.035892850211225,13.594200676048253,2674
-31.616654986026052,9.91263543307203,13.598780647144823,2675
-31.694500017602735,9.790560321880992,13.603342639343902,2676
-31.772329825213532,9.669742982413961,13.607886690019349,2677
-31.849312945177804,9.550258876981012,13.612396810936254,2678
-31.92552548906531,9.430983559218339,13.61680458070911,2679
-32.001043563937905,9.311770289547967,13.621104789766695,2680
-32.07706204532691,9.191724379272198,13.625297729995369,2681
-32.153423958697225,9.072036307537598,13.629422599816403,2682
-32.22998184679339,8.952904172478572,13.63348447614383,2683
-32.30659776566517,8.834519783406837,13.637489832686839,2684
-32.38202451611906,8.717808224819736,13.641425515090322,2685
-32.45637625776487,8.602794652629418,13.64528816415022,2686
-32.529767150179005,8.489504222734626,13.649075704160683,2687
-32.60367270676043,8.37764136505762,13.652891540165225,2688
-32.678459192428335,8.266589773532427,13.656748470693774,2689
-32.75246035484144,8.156053865408625,13.660525897335724,2690
-32.82568332903661,8.04605879617877,13.66420513349895,2691
-32.898130493365976,7.936629721303079,13.667768625063376,2692
-32.970918238237346,7.827052232362844,13.671206614906001,2693
-33.043579459648356,7.717505559656748,13.674513228891568,2694
-33.11583668534833,7.6081626453748195,13.677674979189641,2695
-33.18741561419176,7.49919014286027,13.680679642609022,2696
-33.25783390922075,7.392967122449602,13.683549557043428,2697
-33.32722475833368,7.2891854309600745,13.68626809367343,2698
-33.39572135633148,7.186070354666612,13.688797972543316,2699
-33.464818250945285,7.081847185677795,13.69123293035173,2700
-33.534900732368314,6.976207771855633,13.693584425953059,2701
-33.60506740597688,6.87153118303475,13.695712031223298,2702
-33.67518904866839,6.767984073222532,13.69760284435713,2703
-33.74513802283677,6.665739385278348,13.699244963937362,2704
-33.814788276381826,6.564976350885968,13.700600851687652,2705
-33.884696038991265,6.461380819197912,13.701787702089115,2706
-33.95486448441762,6.354311327150456,13.702824446270329,2707
-34.024557269445715,6.246700992210872,13.703688048752834,2708
-34.09394563377993,6.138524659746451,13.704382134530935,2709
-34.16320081709126,6.029757175113239,13.704911687600566,2710
-34.23187854980808,5.920287224133192,13.705222849523633,2711
-34.299742583130985,5.810461740766172,13.705315666558054,2712
-34.36655349714508,5.7006255626663425,13.705191109819637,2713
-34.431322851968716,5.592107519579547,13.704851071347502,2714
-34.4966829908934,5.482343028965228,13.704403725519963,2715
-34.56303823103846,5.370973628008896,13.703872328576983,2716
-34.63018688485009,5.2594281437194,13.703204241957412,2717
-34.69814480799789,5.147656265294903,13.702408186143858,2718
-34.766934198329324,5.035607681954715,13.701494014151637,2719
-34.83567602627593,4.923232078883912,13.70048351123626,2720
-34.904237105651994,4.810479144605114,13.699390795502405,2721
-34.97248425024412,4.697298567633701,13.698231193056806,2722
-35.04044598913962,4.58582604215871,13.697010435731237,2723
-35.10831258878124,4.476028028526131,13.69574426688916,2724
-35.17627431549902,4.367887757346251,13.694449562402054,2725
-35.24435972047292,4.259219223942334,13.6930953354309,2726
-35.31243561734238,4.15002242766525,13.691681170001027,2727
-35.380368819720395,4.0402973678594165,13.690207480629718,2728
-35.44818786678808,3.930044044278106,13.688697121423278,2729
-35.5160830247963,3.819262457832591,13.687156171354166,2730
-35.58424455996371,3.707952609424809,13.68559169088687,2731
-35.65150137980521,3.5970144284722467,13.683988555470858,2732
-35.71779164705751,3.4866145693200887,13.682358486679927,2733
-35.783044011086915,3.3769259751127616,13.680713998780748,2734
-35.84792344678873,3.2691139736975603,13.679059523894876,2735
-35.91354555287341,3.1622587207678974,13.677384006409707,2736
-35.97991350121302,3.05618832098063,13.675699111352957,2737
-36.046290966494716,2.949753168132827,13.6740259066035,2738
-36.11284919685386,2.841203704275385,13.67235365543974,2739
-36.179759433228405,2.730256931862921,13.67068983324058,2740
-36.24775229159595,2.6184171482749306,13.66898998251352,2741
-36.31688247332551,2.50570950916729,13.667260643918862,2742
-36.387209436417606,2.392159170211829,13.665508414738063,2743
-36.457436036603355,2.2786912155525245,13.66373183923486,2744
-36.525700983954,2.166976583681901,13.661969411975397,2745
-36.59216600571057,2.056905220593402,13.660219407101085,2746
-36.658838415592726,1.9478929023692637,13.658440437108425,2747
-36.72681479444105,1.8372702258487656,13.656599153315,2748
-36.79607928891379,1.7245822972257991,13.654695159010132,2749
-36.86587654001093,1.6101838037628946,13.652763604604676,2750
-36.93635876041669,1.4941502124707198,13.65080656731696,2751
-37.007678162787265,1.3765569903509003,13.648826048828939,2752
-37.07907938444259,1.2584656921601844,13.646823969970999,2753
-37.15054657063835,1.1397463482311585,13.644802180592666,2754
-37.22205752434851,1.0202773739939492,13.642762454969084,2755
-37.293583711231626,0.8989594777740271,13.640747784029772,2756
-37.365090248659314,0.7758932810852621,13.638763943540443,2757
-37.436535911763755,0.6511794054012406,13.636816935701734,2758
-37.508780698505824,0.5259045687151399,13.63486282280254,2759
-37.581938769283674,0.39996395740501156,13.632905758237921,2760
-37.65612428442158,0.2732611429766426,13.63094974435995,2761
-37.730543827981535,0.1469079907227096,13.629009432152518,2762
-37.805143490583276,0.02104704774145332,13.627090521961993,2763
-37.879863020520744,-0.10416236863533074,13.62519863856063,2764
-37.95554340511836,-0.23073017162582513,13.623348215157506,2765
-38.03227977664275,-0.35848027285018624,13.62154287642513,2766
-38.11016726733003,-0.48723658393817326,13.619786246998952,2767
-38.1883934337792,-0.6158369289135349,13.618071141376216,2768
-38.266885340829155,-0.7443106560897778,13.616399182589706,2769
-38.345563711032355,-0.8726787286845211,13.614771918091549,2770
-38.424342924601646,-1.0009537248704015,13.613181940614432,2771
-38.50313101959389,-1.1291398376480621,13.611632496364798,2772
-38.58182969177878,-1.2572328749227464,13.610126680465173,2773
-38.661241876560766,-1.3874062602194506,13.60864968449239,2774
-38.74142465375556,-1.5196558006573215,13.607208001868027,2775
-38.82243510319137,-1.6539856885027953,13.605807823965625,2776
-38.90342272298232,-1.7882225005191388,13.604422621454567,2777
-38.98427652455495,-1.922370429808955,13.60305197857988,2778
-39.06487917704935,-2.0564252843801536,13.601694950991433,2779
-39.14601457773209,-2.190374482571759,13.600341191880535,2780
-39.227720779849754,-2.324197061326521,13.5989905506024,2781
-39.31003583657335,-2.457863672460641,13.597642272450711,2782
-39.39299780085271,-2.5913365826440704,13.596316607254266,2783
-39.47664472578695,-2.72456967340582,13.595015593914479,2784
-39.561014664398144,-2.8575084411483322,13.593740818274167,2785
-39.64523810530297,-2.9912899149754857,13.592486453921067,2786
-39.72918503396322,-3.126065027999062,13.591258880109946,2787
-39.81271909359477,-3.2619847133744493,13.590063947496265,2788
-39.89660515538671,-3.398986078670741,13.588878422226264,2789
-39.980862244445326,-3.53679241423752,13.587708797449896,2790
-40.065509385849296,-3.6751270104357556,13.586560811258375,2791
-40.149884920704665,-3.812727069011022,13.585490388344375,2792
-40.23388182384963,-3.949521316837372,13.584500708693984,2793
-40.317388313384185,-4.085430095687642,13.583594593581505,2794
-40.40028785045663,-4.220365362327876,13.582765626175576,2795
-40.484501183661436,-4.356030547262755,13.581977256783201,2796
-40.57028041720947,-4.492654144156279,13.58122550427922,2797
-40.65561823870411,-4.629868894571122,13.58051875993205,2798
-40.74036560678028,-4.767800576322923,13.57986800848776,2799
-40.82436713782631,-4.906574967272615,13.579283555087494,2800
-40.90836867025832,-5.045117927393956,13.57879086321257,2801
-40.992370203602945,-5.183333027590112,13.578391329712469,2802
-41.07637173730783,-5.321115453638896,13.578085822871348,2803
-41.16037327713774,-5.459551919331046,13.577874682737296,2804
-41.244374823674406,-5.598743046304327,13.577757720668437,2805
-41.32837637746479,-5.738789456208482,13.577734219459302,2806
-41.41237793263514,-5.878591857531916,13.577801007657975,2807
-41.49637948860986,-6.0180286657724835,13.577952460403306,2808
-41.580381044733485,-6.15696991130266,13.578182424267315,2809
-41.66363676141042,-6.296477156972306,13.578505821234671,2810
-41.746302023524855,-6.4366258680750095,13.578919443642832,2811
-41.82852587370388,-6.577491509954312,13.57941970622529,2812
-41.91119685760054,-6.719149543555256,13.57999377224673,2813
-41.99429594902482,-6.861675435211879,13.580639150125567,2814
-42.07780412175096,-7.005144651270489,13.581352895217565,2815
-42.16170234307845,-7.148432744960428,13.582120804906532,2816
-42.24597158562095,-7.291392976485623,13.582937027649342,2817
-42.330592821910926,-7.433870220925223,13.58379518333371,2818
-42.41554703080706,-7.57690088130798,13.584715001021447,2819
-42.50081518604658,-7.720535268570523,13.585683494348256,2820
-42.58637826132963,-7.864823693661546,13.586687374890493,2821
-42.67221723037486,-8.009816467532456,13.587714977542445,2822
-42.75831306690269,-8.155563901115924,13.588756260513119,2823
-42.84464674459645,-8.30211630535678,13.589800879952184,2824
-42.93045337878021,-8.44733799056807,13.59085979051804,2825
-43.01586932765111,-8.591262496448856,13.591926047329496,2826
-43.10102460704647,-8.73390659247541,13.59299255438191,2827
-43.1867887487022,-8.877456278550074,13.594043193594182,2828
-43.27312369935292,-9.021911554892656,13.595072415343992,2829
-43.35999140569492,-9.167272421735468,13.596074443450316,2830
-43.447353820531816,-9.314524971428122,13.597051861844651,2831
-43.535172889305485,-9.46346376833786,13.59800090421411,2832
-43.623410557471395,-9.61389176198153,13.598917634330762,2833
-43.712028770827104,-9.765620286931401,13.599797946480917,2834
-43.799870687382615,-9.915510793716068,13.600684164830033,2835
-43.88713133343329,-10.064007693380958,13.601562135124185,2836
-43.9751149965161,-10.212524711866534,13.602395153154141,2837
-44.06376459796687,-10.361267285367035,13.603182766007183,2838
-44.15302305902802,-10.51043246495225,13.603924520698365,2839
-44.24208745438883,-10.659995100277746,13.604641568226917,2840
-44.331056087135224,-10.809707829139771,13.605337457659958,2841
-44.4200209180381,-10.959314904250352,13.606015888958545,2842
-44.50981341205946,-11.108766009552037,13.606639425403497,2843
-44.60035746356873,-11.258216270536193,13.607207915891166,2844
-44.69157696684135,-11.407812427570235,13.607721058239214,2845
-44.78264997650412,-11.55867893278465,13.608198079381157,2846
-44.87365576998724,-11.71074031940224,13.608638526814852,2847
-44.96466728245352,-11.863921120699642,13.609041947935772,2848
-45.056496952505825,-12.01814586519657,13.609424475835523,2849
-45.149049646266455,-12.173339087217206,13.609799209303358,2850
-45.24223022981554,-12.329425321098888,13.610179322574842,2851
-45.335197716926785,-12.485343013918314,13.610572281323904,2852
-45.428012359695344,-12.641222134858868,13.610979860755615,2853
-45.52072806789225,-12.797184268021335,13.611403911451694,2854
-45.61413826134998,-12.954328699700818,13.61183748852316,2855
-45.708128779408746,-13.112554808951849,13.612284441573097,2856
-45.80258546136635,-13.271761974842391,13.612748620148214,2857
-45.89664829409858,-13.430863489281888,13.613223061067238,2858
-45.99035850288842,-13.589964166152896,13.613709614873127,2859
-46.08375097069364,-13.749160434256542,13.6142100564789,2860
-46.178507662416116,-13.909526418999974,13.614734978822952,2861
-46.27466345943116,-14.070936343156472,13.61528415534451,2862
-46.372259585292085,-14.233264429474643,13.615857359469043,2863
-46.46969018136605,-14.395398819032014,13.616447396140195,2864
-46.566996472766185,-14.557419170290297,13.617059739958696,2865
-46.66421334227868,-14.71939675663048,13.617699789892953,2866
-46.762115183030126,-14.882380553454068,13.618372877879098,2867
-46.86056880730625,-15.046219629129073,13.619084249994142,2868
-46.95944102734996,-15.21076305203734,13.619839076755275,2869
-47.05785280257149,-15.374873803489294,13.620636668456147,2870
-47.15582633134569,-15.538606386682147,13.62147049471452,2871
-47.25337746971805,-15.702006919732764,13.622333949513072,2872
-47.35126158446358,-15.86609922281509,13.623195648260307,2873
-47.44932646101765,-16.030707209018203,13.624058231985282,2874
-47.5474198847738,-16.195654791445726,13.624924039650695,2875
-47.645551374214776,-16.361965795742613,13.625821748232951,2876
-47.743892169738565,-16.52968633905013,13.626747546174759,2877
-47.8426135117444,-16.698870923664806,13.627697546369825,2878
-47.940979054169276,-16.867396437399226,13.6286874575407,2879
-48.038991968701446,-17.035317383567318,13.629713391741035,2880
-48.136649084696046,-17.202679880403434,13.630771536389988,2881
-48.234686734877094,-17.369307834935956,13.631851983044541,2882
-48.33293367659444,-17.534802954283023,13.632953417656896,2883
-48.43121866710108,-17.698758560439714,13.63407454497848,2884
-48.5286246098167,-17.85977350341707,13.635231836813817,2885
-48.62649702976468,-18.021229500445585,13.636363633192868,2886
-48.72506583554378,-18.183558384621257,13.637454647749609,2887
-48.82394858701694,-18.346000464364753,13.63853450378947,2888
-48.92297404558986,-18.50878213952186,13.639599312343268,2889
-49.02197097261701,-18.672129809952203,13.640645259873166,2890
-49.12092985489569,-18.836056054080274,13.64164197272967,2891
-49.22000290457175,-19.000359627578668,13.642591339067812,2892
-49.319342333740096,-19.164839286138882,13.643495095974444,2893
-49.418938628954926,-19.329507606829935,13.644401148538705,2894
-49.51862055161922,-19.49459098951552,13.645305532308823,2895
-49.618216863083724,-19.66031583407276,13.646204509267914,2896
-49.71771805037209,-19.826694719013858,13.64703936992208,2897
-49.817276325617186,-19.9935263999941,13.647814078713072,2898
-49.917043900901625,-20.160609632687954,13.648532373512491,2899
-50.01626540816349,-20.32675708640614,13.649256805129042,2900
-50.11492499202391,-20.491972953752388,13.64999111103347,2901
-50.213000454763346,-20.656253042252736,13.650739255057733,2902
-50.31211669085031,-20.821770768306973,13.651473034381022,2903
-50.41225150232169,-20.988521939554925,13.65219086310066,2904
-50.51338903345069,-21.15651074874601,13.652891155323315,2905
-50.61386633633352,-21.323563779853988,13.653583109484888,2906
-50.71366755561241,-21.489685225489236,13.654267140975925,2907
-50.812770493588516,-21.654870893185258,13.65494374054242,2908
-50.912800045124555,-21.821294199240352,13.655586857666675,2909
-51.01373401218977,-21.988950951264524,13.656202683139513,2910
-51.11555653899253,-22.15784534197756,13.656797256759205,2911
-51.216604677040756,-22.32580395539021,13.657401158623607,2912
-51.316862571006595,-22.492830984131896,13.658010727020972,2913
-51.416308023219536,-22.658922235755696,13.658622375593225,2914
-51.515820081945876,-22.826251131931095,13.659218700482363,2915
-51.61553193391735,-22.994813479114725,13.659807668090627,2916
-51.715576765869976,-23.164613468919182,13.660397169277655,2917
-51.815926023212036,-23.333477673459868,13.661003890066564,2918
-51.91638943905121,-23.501410286621887,13.661633718250567,2919
-52.01677674638759,-23.668407117168005,13.662292541526526,2920
-52.11705941232839,-23.83565550124839,13.662971596891996,2921
-52.21737062525743,-24.00335668120256,13.66366707338069,2922
-52.31784357350048,-24.171711899389052,13.664375084447743,2923
-52.41844971832013,-24.34070857760936,13.665134885363711,2924
-52.51899879108835,-24.510120318510776,13.6659504375833,2925
-52.61930052312985,-24.679720724754198,13.66682592900663,2926
-52.719326364418905,-24.848297306335375,13.667751115229137,2927
-52.81920950185807,-25.015829099465314,13.66872093882096,2928
-52.91908312223219,-25.182286755236255,13.66973049325172,2929
-53.019826275521226,-25.349818539227634,13.67073759662185,2930
-53.12141676355735,-25.518395103673747,13.671741191427731,2931
-53.223838730416865,-25.68799548591665,13.672740069179339,2932
-53.32542922565149,-25.856421114839232,13.67380580565343,2933
-53.426172393824864,-26.02365102770809,13.674925943059847,2934
-53.52604603714889,-26.189655876713346,13.676088476464251,2935
-53.62667505229726,-26.35658392225781,13.677242509772093,2936
-53.72803724118836,-26.524405816623336,13.67837664171864,2937
-53.83011674798345,-26.69310059719759,13.679479622062162,2938
-53.93125063098521,-26.861669606457323,13.68054225844544,2939
-54.031423036269786,-27.03031408777139,13.681557454505398,2940
-54.13061176762166,-27.19923528457093,13.68251826475523,2941
-54.23044170620476,-27.368420606982895,13.683459201155896,2942
-54.33089065247316,-27.53764365654556,13.684377770948354,2943
-54.43194274906405,-27.70667803476427,13.68527193437601,2944
-54.53193506110244,-27.875511176442817,13.686105751988613,2945
-54.630851734711925,-28.0443443249681,13.686868239109382,2946
-54.728670573722695,-28.21337872378932,13.687548637439146,2947
-54.82701645928003,-28.382601782792822,13.688208209417885,2948
-54.92586719183309,-28.551787103531474,13.688842952213982,2949
-55.02520691401211,-28.720708287523266,13.689449618006513,2950
-55.12428027216304,-28.89033885523204,13.689993299103314,2951
-55.22323947997494,-29.06067461298021,13.690466257744646,2952
-55.32223675114,-29.231719752242377,13.690861284651602,2953
-55.42051670920833,-29.401300850983326,13.691180560774265,2954
-55.51806349888665,-29.5694221018751,13.691416083033792,2955
-55.61485492252312,-29.736079312513983,13.691560452204742,2956
-55.71251587777169,-29.903445897897875,13.691633534444426,2957
-55.81102416673609,-30.07151766574349,13.691623588821752,2958
-55.910363933762554,-30.24029880886762,13.691519704953205,2959
-56.00887222719899,-30.407615912417388,13.691344191477942,2960
-56.106533191713936,-30.57347316905258,13.691093801934528,2961
-56.203324629611814,-30.73786638635523,13.69076634672456,2962
-56.30087143957112,-30.90296897953317,13.690308621727748,2963
-56.3991514236438,-31.068776756281878,13.689714397650544,2964
-56.49814872612693,-31.235293909396734,13.688978124744926,2965
-56.59785382417536,-31.401333103190296,13.6881825404048,2966
-56.69826354510517,-31.56669309450234,13.687322207445094,2967
-56.79938105841083,-31.731172640131962,13.686393047709208,2968
-56.8995624634138,-31.895770422849267,13.685346012375595,2969
-56.99881093141856,-32.06050740540589,13.684185140879185,2970
-57.097123291494626,-32.2254129357496,13.68291545409803,2971
-57.19614344447336,-32.38953864208583,13.681539113023593,2972
-57.29586822114982,-32.55313607860764,13.680055401610892,2973
-57.39630079449611,-32.716456799468425,13.678464585324072,2974
-57.495797256965666,-32.87953855071638,13.676750138760521,2975
-57.59436077836963,-33.04220524437417,13.674917988035302,2976
-57.69198818622242,-33.20428079252461,13.672974889666035,2977
-57.79032338853545,-33.365802915110116,13.670960110711434,2978
-57.88936321617827,-33.52702316635788,13.668866970518737,2979
-57.98911084219651,-33.688193100453425,13.666689920948812,2980
-58.088668206324606,-33.84935045709095,13.664474709928207,2981
-58.18788309341451,-34.01031914963203,13.662220353642637,2982
-58.286603288259336,-34.17092309144228,13.659927378257027,2983
-58.38483831195384,-34.33218610870709,13.657495559246478,2984
-58.48275940540652,-34.49415431834511,13.654919990690438,2985
-58.580537809530526,-34.65688222242369,13.65219652166377,2986
-58.67743718177715,-34.81923280201786,13.649325593294064,2987
-58.77346069213709,-34.981055124563056,13.646312263510046,2988
-58.86860516830302,-35.14219825755544,13.643162345140544,2989
-58.964514519164716,-35.302725076230914,13.639893225253136,2990
-59.0611855756859,-35.462912290136856,13.636514229807016,2991
-59.158621511011006,-35.62303660877903,13.633035515269292,2992
-59.255178417147086,-35.78316093406807,13.62943949133128,2993
-59.35085946399212,-35.94313433339069,13.625739672107406,2994
-59.44566147914648,-36.102805874195724,13.62195017560777,2995
-59.54122837168112,-36.26223843149444,13.618092692682032,2996
-59.63755697257488,-36.42170871482949,13.614176851342052,2997
-59.73465045498935,-36.58149343370177,13.610212959104448,2998
-59.83086491038145,-36.7416554899553,13.606217016298668,2999
-59.92620350874546,-36.902043951038515,13.602191136232342,3000
-60.02066307777537,-37.06250788446113,13.598138187111896,3001
-60.115887517217715,-37.22191025199447,13.594088438220822,3002
-60.21187365642422,-37.38030555712604,13.590040719677939,3003
-60.308624666860844,-37.53773991816215,13.58599484307092,3004
-60.40540423184589,-37.69643707975769,13.581940802709134,3005
-60.50238359234203,-37.85644315875843,13.577878373874691,3006
-60.5997339893169,-38.01781265715683,13.573808237853584,3007
-60.69671907989614,-38.17940855644776,13.569690675435915,3008
-60.79334203408912,-38.3410799241005,13.56552402479463,3009
-60.88959967960474,-38.502675827646414,13.561307227996911,3010
-60.98769532412116,-38.665491752676516,13.556968828337123,3011
-61.08750925754977,-38.82954761488501,13.55252377393017,3012
-61.1889328687711,-38.99487381130644,13.547987012997753,3013
-61.290961061474434,-39.16031131436014,13.543384283866374,3014
-61.3905423850797,-39.321991457047446,13.538878983448432,3015
-61.488009813230626,-39.48051587009429,13.534457623350344,3016
-61.5859148701162,-39.639908140311434,13.529934193524424,3017
-61.68408631357377,-39.799992181236206,13.525312806102358,3018
-61.78235290139523,-39.960591906417335,13.520597497655178,3019
-61.88070511697614,-40.121531228131595,13.515870963530297,3020
-61.97929517274901,-40.282634057191814,13.511137696481958,3021
-62.078275281087684,-40.44372430442295,13.506402717713627,3022
-62.17689008042297,-40.60483970906561,13.501658838818622,3023
-62.27512371739742,-40.76623182529856,13.49690628785624,3024
-62.3729539963455,-40.92815220736468,13.492145745762905,3025
-62.47200579360236,-41.08965248256742,13.48736444806758,3026
-62.57225691143279,-41.25076199905121,13.482575381181702,3027
-62.67369149422207,-41.4115017197808,13.477791833464714,3028
-62.77464662366967,-41.574070242103474,13.472971446354013,3029
-62.8751064443811,-41.738488528928166,13.468114257541757,3030
-62.97504875873274,-41.90478592836855,13.46322022914336,3031
-63.074445017554744,-42.07180026112507,13.458232115949016,3032
-63.173260337041825,-42.23935543953091,13.45315312537637,3033
-63.271453491094306,-42.407275375990956,13.447985936205257,3034
-63.37063032607212,-42.57439787616623,13.442800636723067,3035
-63.47074961761287,-42.74075228844399,13.437597453329419,3036
-63.571776483477194,-42.90635957603306,13.43237661236295,3037
-63.67293653494657,-43.07123232391864,13.427106666884127,3038
-63.774362959251114,-43.2353747233961,13.421802945312924,3039
-63.87618894349356,-43.398782580641864,13.416480473934266,3040
-63.97838596725001,-43.563629322637574,13.411162869814474,3041
-64.08076376279735,-43.72991075837895,13.405862701971913,3042
-64.18313206243822,-43.897631082011515,13.40059231291111,3043
-64.28546230568841,-44.06461686665401,13.395385413397243,3044
-64.38788767979293,-44.23087230358976,13.39025789812833,3045
-64.49054137186648,-44.39639319898159,13.385225586171607,3046
-64.5926490128295,-44.56335298695164,13.380273739666304,3047
-64.6941757201719,-44.731747475076965,13.375415873025908,3048
-64.79508026915572,-44.90158085614346,13.370665198582579,3049
-64.89696849897963,-45.07067968871362,13.365984457125421,3050
-64.99979918493992,-45.23904816568597,13.36138395438846,3051
-65.10353744446321,-45.406682094784415,13.356873316525395,3052
-65.20650133201362,-45.57575491866455,13.352420196880498,3053
-65.30865596516259,-45.7462624449562,13.348028709878982,3054
-65.40996011926055,-45.91820886650339,13.343701988348457,3055
-65.51127379260353,-46.090406840258915,13.339477700787093,3056
-65.61271114401845,-46.262655121938984,13.335349618034952,3057
-65.71438633228448,-46.43475246728089,13.331310831349617,3058
-65.81715936570195,-46.60649762509832,13.327346806806446,3059
-65.92098901776724,-46.77768935253511,13.323454975406671,3060
-66.02584040418662,-46.94812640669744,13.31963201313545,3061
-66.12935086322365,-47.116321494600086,13.31594248384241,3062
-66.23135945987637,-47.28222325850947,13.312401259696578,3063
-66.33169416005826,-47.44576985938612,13.30902291060233,3064
-66.43091768906102,-47.60787506213522,13.305812840743144,3065
-66.53208387873791,-47.77275027621361,13.302608655906935,3066
-66.6354686216601,-47.94093843700742,13.29939278925083,3067
-66.73789822154217,-48.10881216148128,13.296327361574647,3068
-66.8393377945099,-48.27619536201935,13.293411163248841,3069
-66.93974611438797,-48.44291195108024,13.290642682508041,3070
-67.03998317925087,-48.60779974097499,13.288030163298963,3071
-67.14016315027598,-48.77088807878968,13.285552391183916,3072
-67.240400188508,-48.93219792649073,13.283188000587073,3073
-67.34155432557901,-49.09392785970099,13.280824784170516,3074
-67.44358433694485,-49.256098841727,13.278455719811435,3075
-67.5464553403498,-49.41874022097499,13.276072879428007,3076
-67.64848536932581,-49.58188974554392,13.273746145229808,3077
-67.74963954203162,-49.74559353401426,13.271466381438561,3078
-67.84987663439824,-49.909906090178666,13.26922415019947,3079
-67.95080248582602,-50.07270428240075,13.26702554495753,3080
-68.0523758723523,-50.23404261464011,13.264852973869266,3081
-68.1545619121412,-50.393967205675665,13.262688694021953,3082
-68.25658622518617,-50.55350188828619,13.260531391889863,3083
-68.35858199730251,-50.71247057337789,13.258376575168102,3084
-68.46068241425286,-50.87069717187404,13.25621967598567,3085
-68.56285894602591,-51.02920550865689,13.25405723661796,3086
-68.66492132553591,-51.1880417039322,13.251867284232812,3087
-68.76667928572645,-51.34726026305429,13.249627846000916,3088
-68.8681042763327,-51.505937983208554,13.247355130639693,3089
-68.96932948743813,-51.66435157269298,13.24504472500001,3090
-69.07048810906484,-51.82277773982013,13.242692442363802,3091
-69.17155160379082,-51.98127937316262,13.240256879755806,3092
-69.27232970248338,-52.139705542044176,13.23773784515502,3093
-69.3726321359648,-52.29790531580123,13.235135070979965,3094
-69.4724303626831,-52.455941583569675,13.232474852694557,3095
-69.57185757277941,-52.61409105365223,13.229751229417595,3096
-69.67104695633437,-52.77263043436687,13.22695839119714,3097
-69.77087755233,-52.93162260573186,13.224083733501448,3098
-69.87132716135572,-53.09091663554235,13.221127443551142,3099
-69.97237992620934,-53.250361591546735,13.218089784077032,3100
-70.0723729156494,-53.41100646974295,13.215028209456879,3101
-70.17129027479248,-53.572922543917365,13.211939737751955,3102
-70.2691098065185,-53.73618947306355,13.208821915471614,3103
-70.36745637681534,-53.898709279780476,13.205736895940547,3104
-70.4663077886734,-54.06056162323753,13.202674184929107,3105
-70.56564818719816,-54.22181777741111,13.199624345166946,3106
-70.66472221982544,-54.383526730881286,13.1965357796247,3107
-70.76368209953836,-54.54553754984871,13.193393161845252,3108
-70.8626800392585,-54.70769930052304,13.1901819203272,3109
-70.96170651488403,-54.86887495765281,13.18692759496706,3110
-71.06059028616686,-55.029119026413916,13.183617424679797,3111
-71.15916011271702,-55.1884776268473,13.18023970527056,3112
-71.25740650115848,-55.34917449743157,13.176849813255371,3113
-71.35548166633333,-55.51125575508155,13.173432914508613,3114
-71.45353782309114,-55.67477590185053,13.169975760448517,3115
-71.55156543829956,-55.837611820578665,13.166477472315737,3116
-71.64939327164522,-55.999818016427305,13.162929970137867,3117
-71.74685008266526,-56.16144060941694,13.159326834846478,3118
-71.84392636740006,-56.32350342541733,13.155664496640025,3119
-71.94077433867348,-56.48583037525697,13.151922607939584,3120
-72.03754620923574,-56.648245369763686,13.148082557646049,3121
-72.13514005434689,-56.81177222565586,13.14407154301589,3122
-72.23355270353038,-56.976457061544124,13.139860571529843,3123
-72.33278732858591,-57.14235438111352,13.135422009782783,3124
-72.43194584330811,-57.30734107510633,13.130880067278696,3125
-72.53087603426168,-57.47147164862231,13.126216735749047,3126
-72.62942568785097,-57.63479222161104,13.121416498348578,3127
-72.7276043274181,-57.798326620114324,13.116440881205726,3128
-72.8255831926157,-57.961898754787036,13.111267649390465,3129
-72.92353352301535,-58.12533253627635,13.105876908468186,3130
-73.02146484379159,-58.289651789952714,13.10018318455218,3131
-73.11922494121256,-58.45490263573567,13.094172659375158,3132
-73.2166616015599,-58.621139578674395,13.087833326728319,3133
-73.31378431590237,-58.786239502364396,13.081178507751053,3134
-73.41076432603435,-58.95025690851829,13.074207676570108,3135
-73.50777287358686,-59.1132379137066,13.066922270215375,3136
-73.60481948411737,-59.276206342995955,13.059271675597858,3137
-73.70175194160751,-59.43898611010316,13.051251245985148,3138
-73.79841802997372,-59.601401128738935,13.042857920126043,3139
-73.89482727081547,-59.76447522396248,13.0341581631577,3140
-73.99115090573578,-59.92825451233348,13.025150693858372,3141
-74.08756017634047,-60.09279349554169,13.015836345069516,3142
-74.18406457587555,-60.255969056492226,13.006188301862075,3143
-74.2805118903661,-60.417835699923415,12.996230572761267,3144
-74.37674990568158,-60.57843954542798,12.985988978194491,3145
-74.47278815579025,-60.74000433097759,12.975547549785077,3146
-74.56879788225288,-60.902576173065185,12.964911235238139,3147
-74.66495032663062,-61.06620957331092,12.954087322829098,3148
-74.76125498151883,-61.22878141418465,12.943089270021618,3149
-74.85755963298055,-61.39034620048591,12.931936743972262,3150
-74.95371206691573,-61.55095005186229,12.920651752251937,3151
-75.05046765778184,-61.711616786321784,12.90921544608038,3152
-75.1478422591685,-61.87217031572092,12.897646510625044,3153
-75.24585806685671,-62.03243455184135,12.88596566961827,3154
-75.34289019257565,-62.19244724504128,12.874104203688788,3155
-75.43896083677183,-62.352459948996305,12.862080462615058,3156
-75.53408585755176,-62.51272421744292,12.849914155062926,3157
-75.62992819746655,-62.673277765591486,12.83768852066873,3158
-75.72650371019853,-62.83394450538126,12.825413033344295,3159
-75.8238345916233,-62.99454834867666,12.813099054563043,3160
-75.92104180317214,-63.15512703691145,12.800782610210453,3161
-76.01799215985352,-63.315932125602714,12.78846558878535,3162
-76.11455247659737,-63.47721517025238,12.776151992770172,3163
-76.21075128364828,-63.63802781251878,12.763793907191614,3164
-76.3067788494997,-63.798399398454976,12.75138956049216,3165
-76.40282544247832,-63.9583508889689,12.738938917505022,3166
-76.49891962660354,-64.12008086618866,12.726452579102277,3167
-76.59492821440226,-64.2836102943502,12.713932129332221,3168
-76.69071801841628,-64.44896852281431,12.70138096430912,3169
-76.7870634048498,-64.61400726981118,12.688945597773357,3170
-76.88399925704368,-64.77875588351388,12.676582352705706,3171
-76.98156680042736,-64.9432353268658,12.664250647589158,3172
-77.07816018531244,-65.10844428851384,12.651777876670716,3173
-77.1738206346083,-65.2741815248021,12.639153543716027,3174
-77.268583028878,-65.44024579212801,12.626369115402456,3175
-77.36322175971836,-65.60664966006532,12.613379842549305,3176
-77.45760364215873,-65.77361952899662,12.600163566108593,3177
-77.55159549115241,-65.94138179928997,12.586699863505855,3178
-77.64597168795352,-66.10896294897398,12.572948439054327,3179
-77.74076711536003,-66.27636717055545,12.558888341557704,3180
-77.83602299827632,-66.44359027132515,12.544500205282015,3181
-77.93087933578839,-66.61160577454999,12.529800588560006,3182
-78.0252219647258,-66.78018728281594,12.514783145498773,3183
-78.11893672184681,-66.94910839869377,12.499443342191782,3184
-78.21281702296005,-67.11835653527814,12.483860304864695,3185
-78.30691677963905,-67.28813293554056,12.468020332683531,3186
-78.40129624563957,-67.45863884236292,12.451912216381732,3187
-78.49436857294155,-67.62887560173426,12.435633754440026,3188
-78.58619401349002,-67.79882225048603,12.419156521146851,3189
-78.67682647676943,-67.9684494403475,12.402455488141413,3190
-78.76796697062376,-68.13870551206801,12.385536870792892,3191
-78.85966940212687,-68.30933891147967,12.368359631761441,3192
-78.95199402052502,-68.48009808431028,12.350886433316132,3193
-79.04409983848181,-68.65094530483931,12.333230289889293,3194
-79.13589172425384,-68.82205666240984,12.315360472971792,3195
-79.227274545982,-68.99360824631256,12.2972510861051,3196
-79.31906073917375,-69.16457622404951,12.278773020405334,3197
-79.41132323995214,-69.33491447710469,12.259890035482996,3198
-79.5041413265147,-69.5045685017124,12.240569967970622,3199
-79.59669305155171,-69.67467533011565,12.220904010819895,3200
-79.68890230998986,-69.84538589616216,12.20085180900601,3201
-79.78069299663633,-70.01685113364196,12.180378066059873,3202
-79.8727348570681,-70.18900814738912,12.159417036804971,3203
-79.96479639542122,-70.3615802306916,12.137950934568266,3204
-80.05665245800036,-70.53429067671276,12.115966729317863,3205
-80.14824596327968,-70.7070765991542,12.093355377750425,3206
-80.2396879022998,-70.8800889290757,12.070147121424181,3207
-80.33109560826838,-71.0534785974245,12.046376052500248,3208
-80.42168516614548,-71.22619663248697,12.021977822842976,3209
-80.5114185211935,-71.39817176070312,11.99698576544491,3210
-80.60025761849104,-71.56932432333761,11.97143630871695,3211
-80.68816442597766,-71.74175228109084,11.945439285737182,3212
-80.77510088903108,-71.91537597553682,11.919001414682416,3213
-80.86102895302008,-72.09012413334204,11.892133188853538,3214
-80.94681813130522,-72.26494776394267,11.86485775519825,3215
-81.03259844197083,-72.43999779833662,11.837191312215417,3216
-81.11850624526895,-72.61542516740546,11.809153909007712,3217
-81.20377665310403,-72.7901808997219,11.780652068711307,3218
-81.2883906373604,-72.96419372134112,11.75173373415308,3219
-81.37232916973979,-73.1373839731429,11.72244971707079,3220
-81.45557323721833,-73.31086352617788,11.692651532082268,3221
-81.53810381433632,-73.48475815771074,11.662344314561018,3222
-81.61990187555831,-73.65919364498278,11.631534709846965,3223
-81.70260181210092,-73.833095831625,11.600399899864097,3224
-81.7861972800571,-74.00636828838236,11.56897385934225,3225
-81.87069461989472,-74.17890620068282,11.537293281078462,3226
-81.95445944994842,-74.35278239345546,11.505329651265345,3227
-82.03751079530775,-74.52789205175985,11.473126495647572,3228
-82.11986768107502,-74.70413874576369,11.440729529557407,3229
-82.20154912018401,-74.88044833736615,11.4082576780469,3230
-82.28257414048149,-75.05694660307817,11.37574624001362,3231
-82.3629617697226,-75.23375931937107,11.34323330785445,3232
-82.44273102420799,-75.40981235098332,11.31062849406383,3233
-82.52190092882297,-75.58500926776294,11.2780070733201,3234
-82.60049050828412,-75.75924525439379,11.245445981178342,3235
-82.67926465230808,-75.93360701418828,11.213079467222691,3236
-82.75808700247738,-76.10819517003476,11.180942186245389,3237
-82.83682754257443,-76.28311034471334,11.149071058108023,3238
-82.9155243379907,-76.4594392526386,11.117437783388661,3239
-82.99438351148038,-76.63707707723684,11.086046855693068,3240
-83.0736175280908,-76.81592738697296,11.054904656290441,3241
-83.15253759285173,-76.99371614138113,11.02386194975722,3242
-83.23120078517695,-77.1703469106391,10.992927682833939,3243
-83.30966418432314,-77.34571487976847,10.962111481611695,3244
-83.3887307363255,-77.52090675378065,10.931372756777051,3245
-83.46830213702863,-77.69602315568204,10.900699088193468,3246
-83.54828642450337,-77.87116470839022,10.870078433247551,3247
-83.62785212803203,-78.04643204515993,10.839365931656051,3248
-83.70707535596188,-78.221925786592,10.808578045098779,3249
-83.78603221659498,-78.39774655328702,10.777730480165552,3250
-83.86554467241376,-78.57399495805038,10.746754867051072,3251
-83.94553344612531,-78.7507716236811,10.715635992307426,3252
-84.02592560268633,-78.92817717290951,10.684357358968708,3253
-84.1050011017013,-79.10511233296248,10.652979884227419,3254
-84.18268700594963,-79.28145552034952,10.621485105634138,3255
-84.25890403579137,-79.45707676651031,10.589853880971154,3256
-84.3352200150125,-79.63303761142687,10.558148577737796,3257
-84.411555665485,-79.80941352199098,10.526395357225205,3258
-84.48783805131822,-79.98627996501337,10.494620154232788,3259
-84.56325472463375,-80.16371241489924,10.46293435421819,3260
-84.63790082033647,-80.34178633656865,10.431358344942074,3261
-84.71187147327069,-80.52057719492642,10.399912967104854,3262
-84.7860076602836,-80.69896053465075,10.368450491637919,3263
-84.8602491279539,-80.876789616572,10.336968348948087,3264
-84.93454196501105,-81.0539093163057,10.305463214337086,3265
-85.00809276390879,-81.23135604774899,10.273840296790512,3266
-85.08101568626307,-81.40918012027313,10.24210941375663,3267
-85.15342489365561,-81.587431843259,10.210278872573685,3268
-85.22618039941764,-81.76616151555001,10.178494011643552,3269
-85.29924097880523,-81.945419448155,10.14678227598823,3270
-85.37257174931904,-82.12525595200493,10.115170582130954,3271
-85.44539831829965,-82.3057213477227,10.083615453708125,3272
-85.51785387406987,-82.48686594427949,10.052140298777013,3273
-85.59007160491316,-82.66874005065097,10.020767468296578,3274
-85.66202297283759,-82.85139397807589,9.989461129813622,3275
-85.73351770949668,-83.0348780392953,9.958244913565203,3276
-85.80436554652029,-83.21924254705758,9.927140939682348,3277
-85.87528378167377,-83.40333788933397,9.89623966965783,3278
-85.94625021459083,-83.5869921707626,9.86556265686986,3279
-86.01724898706202,-83.77002511076974,9.83513047308302,3280
-86.08752474550052,-83.95344796822091,9.804796367372901,3281
-86.15722970488369,-84.13728589645793,9.774579595139642,3282
-86.2265160801666,-84.32156404884337,9.744497146654098,3283
-86.29628193704849,-84.50630756678447,9.714798779800862,3284
-86.36652410415455,-84.69154160535966,9.685516016904442,3285
-86.43724575235879,-84.87729131956964,9.656679851791452,3286
-86.50680296311691,-85.06358188678568,9.628094584290649,3287
-86.57519890787768,-85.25043846219786,9.59976923733945,3288
-86.64243041578177,-85.43788620108995,9.571710644164053,3289
-86.71014139440389,-85.6247503253524,9.543945494418159,3290
-86.77832867063861,-85.81083378466299,9.516441885994773,3291
-86.84699541355117,-85.995931143498,9.489166029148027,3292
-86.91540529173129,-86.18102850101685,9.462284113408751,3293
-86.9837295476805,-86.36612585580018,9.435750538002269,3294
-87.05213942385156,-86.55122320642258,9.409519400073675,3295
-87.12064443686154,-86.73632055434018,9.383448001606721,3296
-87.18909237232016,-86.92141790194364,9.357492926965243,3297
-87.25733101580823,-87.10651525162513,9.33160970341728,3298
-87.3261157310221,-87.29161259192645,9.305994789428361,3299
-87.39546237405271,-87.47670992317597,9.280614964373115,3300
-87.4653931432253,-87.66180724560478,9.25543776266089,3301
-87.53428314373694,-87.84690457909248,9.230423750066999,3302
-87.60215457439887,-88.03200192399424,9.205526568806835,3303
-87.66902329167134,-88.2170992807187,9.180700615956939,3304
-87.73655224684566,-88.40219663147201,9.155795695793037,3305
-87.80475729609425,-88.58729397664905,9.130772660789594,3306
-87.87366063783612,-88.77239131655804,9.10559228793565,3307
-87.9416373745593,-88.95748866877122,9.080392406214315,3308
-88.00870970496855,-89.14258603354587,9.055135000803613,3309
-88.07489348540923,-89.32768341118584,9.029783340255625,3310
-88.14185166652001,-89.51278078278459,9.004254931498224,3311
-88.20960010463408,-89.69787814891748,8.978499905738602,3312
-88.27816099831757,-89.8829755100576,8.952469375725487,3313
-88.34590945303552,-90.06807288722382,8.926065989467528,3314
-88.41286766735999,-90.25317028052272,8.899261622892658,3315
-88.4790514975129,-90.43826769011822,8.872028680283362,3316
-88.5461238916221,-90.62336509419035,8.844490630303378,3317
-88.61410070561021,-90.80846249290094,8.816627842674547,3318
-88.68300413762456,-90.99355988629982,8.788422348177615,3319
-88.7519551473366,-91.17865728616064,8.759784868924394,3320
-88.82082054660778,-91.3637546941774,8.730711703504403,3321
-88.88946714724212,-91.54885211201601,8.70120020746463,3322
-88.9579234876526,-91.7339495390014,8.671298966247894,3323
-89.02637983675343,-91.91904697282824,8.641009756834421,3324
-89.0950264633866,-92.10414441116032,8.610335790668094,3325
-89.16389190836239,-92.28924185247115,8.579333808262882,3326
-89.23284298330131,-92.47433929825002,8.548016039103,3327
-89.301746499756,-92.6594367499468,8.516396524649211,3328
-89.37046925842898,-92.84354811757416,8.484387658120177,3329
-89.43887807328018,-93.02687883841637,8.452015904262046,3330
-89.50683975810887,-93.20962596458668,8.419308709147648,3331
-89.57438286561796,-93.39296425380009,8.386338481933976,3332
-89.6416976636674,-93.5768685474687,8.35316373892807,3333
-89.70897442004791,-93.7613136869776,8.319844204394128,3334
-89.77624167740392,-93.94627451758336,8.286285267371715,3335
-89.84336624625904,-94.13172588454064,8.25255170628032,3336
-89.91021493709448,-94.31764263309202,8.218708299469624,3337
-89.97756214063394,-94.50399959521624,8.184973454046869,3338
-90.04544273830142,-94.69077161425369,8.151405457587124,3339
-90.1138979537563,-94.87793353343773,8.118063805713836,3340
-90.18132191727737,-95.065460218016,8.084881452349878,3341
-90.24775585306695,-95.25332651140259,8.051900150332298,3342
-90.3132346429755,-95.44150725707328,8.019161954344675,3343
-90.37944026804512,-95.62997728233779,7.986435602848211,3344
-90.44640760987684,-95.8187114306738,7.95376549106861,3345
-90.51417789235076,-96.0076845454965,7.921194202204472,3346
-90.58189109779543,-96.19687147970295,7.888862836939927,3347
-90.64943306387458,-96.3862470786022,7.856814957905312,3348
-90.71668962822497,-96.57578618750655,7.825093070634692,3349
-90.7835466176717,-96.7644775604861,7.793623610966457,3350
-90.84988987270278,-96.95250147914206,7.762432666128007,3351
-90.91560523368483,-97.14002983994673,7.731544435595549,3352
-90.98074028024891,-97.32821224499246,7.701017942676269,3353
-91.0455043078276,-97.51699838085933,7.670848961510393,3354
-91.11010661182257,-97.70633793413968,7.641031756126517,3355
-91.17459475958478,-97.89618059244025,7.611608071839246,3356
-91.23885458889278,-98.0864760461356,7.582588703049024,3357
-91.30277193750001,-98.27717398560578,7.553983236055451,3358
-91.36714022779967,-98.46822409189642,7.52568506498719,3359
-91.43201336873098,-98.65957605358312,7.497687054902014,3360
-91.49745161151884,-98.85117955918206,7.469980032325199,3361
-91.56261395498645,-99.04199821604146,7.442504510756186,3362
-91.62740526673319,-99.2321871506792,7.415248788650486,3363
-91.69173041424435,-99.42189310449274,7.388198748195323,3364
-91.7556560050842,-99.61224052536434,7.361335517718923,3365
-91.81941036106313,-99.8031539438499,7.334674652749476,3366
-91.88322180397692,-99.99455789053621,7.308229141676435,3367
-91.94715692741275,-100.186376896841,7.282060005338717,3368
-92.011120596256,-100.37853549807116,7.256139041255464,3369
-92.07501767537961,-100.57095822955279,7.230436008323719,3370
-92.1387530293137,-100.76356962628225,7.20494986205806,3371
-92.20223152268832,-100.95629422330288,7.179669538896975,3372
-92.2653580201191,-101.14905655567574,7.154582087660668,3373
-92.32894496919143,-101.34178114674317,7.129704348021287,3374
-92.39306530582832,-101.53439252980385,7.105004495777497,3375
-92.45779830823591,-101.72681523809068,7.080449121207199,3376
-92.52157614454761,-101.91798773198833,7.056036779507324,3377
-92.58447809612363,-102.10803998096843,7.0317196437002165,3378
-92.64657710188153,-102.29709356944662,7.007448602970527,3379
-92.70868564058742,-102.48744769307157,6.983259743283182,3380
-92.77070857965333,-102.67922393818904,6.959117390442551,3381
-92.83255078656386,-102.87255227628728,6.934985190793216,3382
-92.89502469504343,-103.06637113566597,6.911006359206626,3383
-92.95820324130804,-103.26060504996302,6.8871311397623005,3384
-93.02216570382456,-103.45517855271213,6.863310531578695,3385
-93.08534424950157,-103.6490301036854,6.839593486889958,3386
-93.14781815948608,-103.84228967211658,6.815950525723366,3387
-93.20966037244054,-104.03507884214034,6.7923536023338995,3388
-93.27168335402285,-104.2284968968648,6.76873024308153,3389
-93.33379196918698,-104.42244321674558,6.745022308501602,3390
-93.39589108282709,-104.61681718220527,6.721172867088115,3391
-93.45879314475972,-104.81151816344703,6.697057101604711,3392
-93.52257109069213,-105.00644553844445,6.672639148057547,3393
-93.58730419858611,-105.2014986850688,6.64788374648779,3394
-93.6521704887865,-105.39559089565228,6.622980428833191,3395
-93.71709385523825,-105.58882698583581,6.597912207995044,3396
-93.78199819170254,-105.78130338606391,6.572664361714171,3397
-93.8460615493638,-105.97409424575619,6.547145705227658,3398
-93.90936320581916,-106.16707378690217,6.5213454409100216,3399
-93.97197609628356,-106.36011623153367,6.4952544320105625,3400
-94.03471267099488,-106.55330961153727,6.468948977566297,3401
-94.09747779940929,-106.746955793669,6.442414320652532,3402
-94.16017635090242,-106.94135664463064,6.415638044817947,3403
-94.22362076581214,-107.13561410754829,6.388477313059306,3404
-94.28788398197881,-107.32980784076503,6.360913781003013,3405
-94.35304527937825,-107.52400911736066,6.332930463180954,3406
-94.41753685139754,-107.71926693858995,6.304570776167491,3407
-94.48143797537216,-107.91543037105366,6.275820901805992,3408
-94.54482158625018,-108.11234848139094,6.246668833817079,3409
-94.60850011751467,-108.30888423003681,6.217285802526327,3410
-94.67237843581587,-108.50509212240358,6.187634132218274,3411
-94.73636140760144,-108.70101827868527,6.157679469037953,3412
-94.80035392678614,-108.8988864405664,6.127432110277492,3413
-94.86426085960247,-109.09874272804316,6.096868498590047,3414
-94.9279870722927,-109.30064164617896,6.0659687007834,3415
-94.99159912801075,-109.50246007293232,6.034886568929722,3416
-95.05532535098881,-109.70425250901766,6.003616482687179,3417
-95.11939406522188,-109.9060650699055,5.972157729109523,3418
-95.18387186789535,-110.10793548861265,5.940436197546958,3419
-95.24866362520333,-110.30989311502819,5.908422026301962,3420
-95.31367420311878,-110.51195891379982,5.876089808062757,3421
-95.37880846575877,-110.71414546234544,5.843525885554038,3422
-95.44397127880393,-110.91645695493206,5.810712665699253,3423
-95.50906750770042,-111.11888920056951,5.777637840326798,3424
-95.57400201873845,-111.32142962411116,5.744220681165348,3425
-95.63867967717349,-111.52405726428044,5.710449295092343,3426
-95.70300534803377,-111.726742774551,5.676316545375553,3427
-95.76779149748813,-111.93064832689898,5.641748305491792,3428
-95.83311106446318,-112.13595000864757,5.606740653543545,3429
-95.8990433300858,-112.34282390694221,5.57129389574324,3430
-95.96402045825899,-112.5502462136417,5.535536827785189,3431
-96.02812172785919,-112.75817080981922,5.499452311375844,3432
-96.09142007520292,-112.96654319137033,5.463028493025745,3433
-96.15472795318348,-113.17530046118576,5.4261272381859245,3434
-96.2179502266238,-113.38437134742748,5.388719400638975,3435
-96.28099176012302,-113.59367619300936,5.350780213044009,3436
-96.34466502130168,-113.80432686122991,5.312120619427662,3437
-96.4090429481012,-114.0164491280982,5.27275976287932,3438
-96.47420482068323,-114.23016876946464,5.232719731064938,3439
-96.53932866048795,-114.4444116578053,5.192047561267959,3440
-96.60433835859008,-114.65908136516428,5.150736870915478,3441
-96.66915780585708,-114.87407307835561,5.108784523780402,3442
-96.73296504711328,-115.09025970069187,5.066287876038892,3443
-96.79583935692246,-115.30731421006342,5.023268290087238,3444
-96.85785366741648,-115.5249095843518,4.979751054244684,3445
-96.91982041634601,-115.74194652045063,4.935671989212425,3446
-96.98164447269055,-115.95873107719488,4.891053938683584,3447
-97.04323070521694,-116.17556092818586,4.845922992680059,3448
-97.10539156278438,-116.39251152545458,4.800493780667248,3449
-97.16819997993754,-116.60943612794195,4.754777286781184,3450
-97.23173523330526,-116.82617960924547,4.708789251632123,3451
-97.29517537479387,-117.04377838731335,4.662359122229349,3452
-97.3584442967075,-117.26228277347796,4.615522195519201,3453
-97.42146589125048,-117.48174307898431,4.568317014935566,3454
-97.48341819318529,-117.70220962582869,4.520748665039441,3455
-97.54438048135843,-117.92373272259056,4.472886836315897,3456
-97.60442569219269,-118.1463626778549,4.4248040881295605,3457
-97.66527384772728,-118.36894986376142,4.37657007683354,3458
-97.72699788131658,-118.59132238271667,4.328251544209115,3459
-97.78967706842846,-118.8132999518161,4.279918100961638,3460
-97.85248944308752,-119.03490773502034,4.231651954824856,3461
-97.91535890062214,-119.25637632510006,4.183449900360624,3462
-97.97820933614537,-119.47792792958452,4.1353119784526315,3463
-98.04021878977792,-119.69956256735384,4.086866618214672,3464
-98.1014665366105,-119.92105802942419,4.038194188726755,3465
-98.16202550923924,-120.1421837217214,3.989375134225002,3466
-98.22361574412682,-120.36291446341045,3.9405031614531767,3467
-98.28631017962695,-120.58343053338993,3.89162636986028,3468
-98.35018809624229,-120.80390382528888,3.8427931607353107,3469
-98.41442754923459,-121.02548395943923,3.7937280002194558,3470
-98.47895242867563,-121.24812062427861,3.744517675666079,3471
-98.54368662462198,-121.47176350826064,3.6952466337719656,3472
-98.60780815756277,-121.6953762195029,3.645843333011393,3473
-98.67139630756542,-121.91911388046962,3.596394038789078,3474
-98.73452401225197,-122.14312322860155,3.5469814675545375,3475
-98.79800373725534,-122.3685286979108,3.4977844129134525,3476
-98.86174034572362,-122.59525482215494,3.4488619899747937,3477
-98.92563870079502,-122.82322613511569,3.400270595680361,3478
-98.98960365374887,-123.0513810791168,3.3519611912362968,3479
-99.05354007020286,-123.2798496236527,3.3040146404657866,3480
-99.11735281566379,-123.5087533531105,3.2565081828317304,3481
-99.18185434303881,-123.73820545578812,3.209452976941143,3482
-99.24711759007046,-123.9683107445941,3.1628725072771364,3483
-99.31322183671854,-124.19916564724991,3.1167863320498244,3484
-99.37934512075957,-124.43085822106853,3.0710838376428233,3485
-99.44541133482392,-124.66346812527266,3.0257987740327255,3486
-99.51134437145254,-124.89706663400445,2.9809599077979043,3487
-99.5770681187327,-125.13171663097349,2.936876215349031,3488
-99.64250646885884,-125.36747261987026,2.8935878638401102,3489
-99.70758331390286,-125.60438071926474,2.8511321510780956,3490
-99.77222255782327,-125.84346475406088,2.8096466540297373,3491
-99.83634809082297,-126.08454863785411,2.769094674146352,3492
-99.89988380308131,-126.32745628424689,2.729437700731573,3493
-99.96366114284545,-126.56982558734673,2.6905821074782317,3494
-100.02777207174087,-126.81146368813236,2.652496861122122,3495
-100.09231489347434,-127.05216095721482,2.6151486630027834,3496
-100.15648669978843,-127.29409083728225,2.5784703151754673,3497
-100.2202304128019,-127.53745457311634,2.542439094768378,3498
-100.2834889546188,-127.78245340951963,2.5070297117254086,3499
-100.34620523277489,-128.0280886784783,2.472112448925564,3500
-100.40832216723719,-128.274339419424,2.4376100668758665,3501
-100.46978267785407,-128.52117628667168,2.4034421547223217,3502
-100.5305296805243,-128.76856154451866,2.3697721346286875,3503
-100.590506094969,-129.01644907711736,2.3365170661863077,3504
-100.64965484076072,-129.26478438346552,2.3035927251710953,3505
-100.70882642267676,-129.51350456249872,2.2710463725569987,3506
-100.76813183172263,-129.76253834053801,2.2388018274542887,3507
-100.82768840106937,-130.01180605864386,2.2067826067791456,3508
-100.88671221915799,-130.26121968538766,2.174888377144426,3509
-100.94516523204904,-130.51068279383728,2.1430341966077653,3510
-101.00300938564132,-130.76009057188878,2.111134669928555,3511
-101.0602066463239,-131.01052974261106,2.078828835610691,3512
-101.11671896347741,-131.2621009309036,2.045989927501486,3513
-101.17250828646526,-131.51490476168226,2.012488763263606,3514
-101.22918998696107,-131.76784191080333,1.9787610305183985,3515
-101.28673869491435,-132.02079079569612,1.9447288463322276,3516
-101.34514172475512,-132.27362144839745,1.9103160642264494,3517
-101.40274564976126,-132.5273954602702,1.8751182530369055,3518
-101.45955047173594,-132.78218829863758,1.839088980729021,3519
-101.51555619244346,-133.038075430811,1.802180909120919,3520
-101.57076279225342,-133.29393240273654,1.7646660491314268,3521
-101.6251702691559,-133.54961247428008,1.7265475690409133,3522
-101.67877862095189,-133.8049605201002,1.6878299958717027,3523
-101.73324129537983,-134.06002682710917,1.6485562548950827,3524
-101.78857097974262,-134.3150671415063,1.6087684064811727,3525
-101.84479304583009,-134.57032882410235,1.5685100209286054,3526
-101.90029210187807,-134.82583705531084,1.5276737115379064,3527
-101.95510619868898,-135.0813947828366,1.4862953006662538,3528
-102.00927338689257,-135.33679656919773,1.4444109878844584,3529
-102.06357759250493,-135.59302849475586,1.4021376146551325,3530
-102.11790148077995,-135.85009055950914,1.3595549468906365,3531
-102.17213405925611,-136.10798276332136,1.3167435809993733,3532
-102.22542482124553,-136.36670512123334,1.2735614615610606,3533
-102.27783084647568,-136.62625763058762,1.2300948882244522,3534
-102.32940921463792,-136.8866402887191,1.1864292544886061,3535
-102.38021700713415,-137.14785309559207,1.1425497704092455,3536
-102.43031130251602,-137.4098960469288,1.098615972474974,3537
-102.47974917931667,-137.6727691384702,1.05478543399784,3538
-102.52933357416445,-137.9364723517954,1.0113651512035873,3539
-102.57896617922817,-138.20100568648976,0.9684389674042455,3540
-102.62855502898606,-138.46636914203364,0.9260901973745931,3541
-102.67726862884034,-138.73136282080654,0.8840515711795794,3542
-102.72518308307787,-138.99576451410678,0.8423719729602193,3543
-102.77237449586906,-139.25934362812222,0.8010971909780122,3544
-102.81966484762903,-139.5230610871704,0.7603347807441947,3545
-102.86697485769076,-139.78689173574574,0.7201363460088183,3546
-102.91423158773279,-140.0508104182836,0.6805508479308734,3547
-102.96136844117045,-140.31479197809858,0.6416805522011366,3548
-103.00832516427276,-140.57881125928964,0.6035829897734183,3549
-103.05504784565008,-140.8428431058893,0.5663134265201658,3550
-103.1007430573076,-141.10686237479865,0.5298206586797622,3551
-103.14552496053327,-141.37084390803574,0.4941431180682976,3552
-103.18950771661551,-141.634762547659,0.4593162162983889,3553
-103.2335513530298,-141.89859313240382,0.4250562457791123,3554
-103.27761464327372,-142.16231050630108,0.3914074116763143,3555
-103.32166270324099,-142.4258895133891,0.35840840749314545,3556
-103.3656669934984,-142.6893050007064,0.3259692868087484,3557
-103.40960531470587,-142.95253181216094,0.29412636514669804,3558
-103.45346180993718,-143.2155447916916,0.2629094648435428,3559
-103.49648110707541,-143.47831879875469,0.2321446392510924,3560
-103.53881542127309,-143.74082867432304,0.20188557218243736,3561
-103.58061696776896,-144.00304925953137,0.17217779311829734,3562
-103.6227838256109,-144.26495538883745,0.14291352213873498,3563
-103.66531282191079,-144.52652190497332,0.11416497622451324,3564
-103.70820712624567,-144.7877236507752,0.08599493459583266,3565
-103.75056866454673,-145.04853548655078,0.05826106869971614,3566
-103.79224521959318,-145.3089322581428,0.030988517687839476,3567
-103.8330845743092,-145.5688888116213,0.004191548313357679,3568
-103.8730962362594,-145.82837998633187,-0.021882971548163477,3569
-103.9124514477899,-146.08738062305125,-0.047186944919449844,3570
-103.95132145135283,-146.345865562752,-0.07168148618200726,3571
-103.99062335158098,-146.60380963690147,-0.09536739629094906,3572
-104.03037300352048,-146.861187689172,-0.11822636631816369,3573
-104.07059260468672,-147.1179745633482,-0.14024952509577057,3574
-104.11040312210548,-147.37534503155933,-0.1614220246363291,3575
-104.14967136876646,-147.6334961460575,-0.18172306192862944,3576
-104.18826415790124,-147.89263334445226,-0.20114127163776588,3577
-104.22621001492362,-148.15177053315526,-0.21969176057908776,3578
-104.263699210157,-148.41090770880817,-0.23735723565631783,3579
-104.3009220140408,-148.67004486826795,-0.25413006814205846,3580
-104.33790695275025,-148.92819591436088,-0.26989924839984286,3581
-104.3745208397896,-149.18556628504345,-0.28466601928312363,3582
-104.4106304886572,-149.44235303331547,-0.2984404576969485,3583
-104.4462644525918,-149.69973091523474,-0.3110565966923635,3584
-104.48161300207164,-149.95767477269314,-0.32252541921430306,3585
-104.51686640765587,-150.2161594477521,-0.33286538302268504,3586
-104.5529607958973,-150.47515976353228,-0.3417307802571876,3587
-104.5899310491756,-150.7346505638769,-0.34911764705374737,3588
-104.62781839227003,-150.994606692646,-0.355026776189944,3589
-104.66576280705266,-151.25500301362075,-0.35976625262299744,3590
-104.70365013181406,-151.51581437437528,-0.3634024071806399,3591
-104.74136620492902,-151.77701562263945,-0.36600844148823114,3592
-104.77895857781732,-152.0375955083734,-0.3675760901670937,3593
-104.81663655198811,-152.29773431081594,-0.368172428613846,3594
-104.85460942889202,-152.55760392419782,-0.36787079921919436,3595
-104.89292479492757,-152.81835395296653,-0.3667063939455198,3596
-104.9314684884762,-153.07993408997223,-0.3647743482078041,3597
-104.97012634798787,-153.34229402820077,-0.36217568669512856,3598
-105.00803835042922,-153.60538347266785,-0.3590509263591512,3599
-105.04524572222523,-153.86915211412614,-0.3555016177019212,3600
-105.08178334750917,-154.1335496435653,-0.35163550261245635,3601
-105.11933322112239,-154.39852572865598,-0.34756263638661755,3602
-105.15793022701685,-154.66403006056441,-0.34339544196155164,3603
-105.19761559157192,-154.93001233051368,-0.33925253345253925,3604
-105.23752928885705,-155.1964222371472,-0.3350140819694962,3605
-105.2775571571826,-155.46320947332666,-0.3307727691395219,3606
-105.31758503490458,-155.73032373202136,-0.32662573132763895,3607
-105.35675289706576,-155.99771471591643,-0.32261284907382953,3608
-105.39510196976853,-156.26533211534363,-0.31881475887271804,3609
-105.43266713678771,-156.5331256208271,-0.315316174553003,3610
-105.47113037479728,-156.80005879956596,-0.31196123642538304,3611
-105.51052656981378,-157.06628677769473,-0.3088044899409267,3612
-105.55089695009885,-157.33195629616387,-0.305902821347779,3613
-105.59063564376753,-157.59819182420395,-0.3031260101477371,3614
-105.6297838755132,-157.86491789518342,-0.30049006384571436,3615
-105.66837652765082,-158.1320590425935,-0.2980120472059669,3616
-105.70718800264491,-158.39953978933337,-0.29570932215153006,3617
-105.74608510975236,-158.6672846708632,-0.2935799674029508,3618
-105.78493465822133,-158.93521822267644,-0.29162319433619555,3619
-105.82376518424695,-159.20326497535757,-0.2897270202171056,3620
-105.86276695787784,-159.4713494600693,-0.2879035617710285,3621
-105.90213024912698,-159.73939620798689,-0.2861651623580547,3622
-105.94188359965963,-160.00732975307147,-0.2845491059613412,3623
-105.98189381879332,-160.27507463093997,-0.28305879420709906,3624
-106.02202771582544,-160.54255537722608,-0.28169808185986434,3625
-106.06140623560661,-160.8096965361613,-0.28037597555376537,3626
-106.10005157533213,-161.07642264078677,-0.27908307675252,3627
-106.13797958979454,-161.3426582242367,-0.27780976064746626,3628
-106.17685324429996,-161.60832779321225,-0.27644195592711784,3629
-106.2166883931698,-161.87335588058085,-0.2749572778951585,3630
-106.25750723304161,-162.13766701909995,-0.273332360353327,3631
-106.29843072870335,-162.4023856701734,-0.2715574958276917,3632
-106.33932569231372,-162.6676585755461,-0.2696170540546068,3633
-106.3800589361093,-162.93364086209934,-0.26749449866899794,3634
-106.42140484657331,-163.19929611225743,-0.2651376326845694,3635
-106.46339830603955,-163.46457401490576,-0.26255661177637113,3636
-106.50608053915464,-163.7294242588098,-0.2597603081083879,3637
-106.54784566180277,-163.99379656278546,-0.25699564095721855,3638
-106.58873489871578,-164.25764061513587,-0.2542573257097286,3639
-106.62878313223462,-164.52090610427763,-0.2515406820006803,3640
-106.66876476263431,-164.7835427032602,-0.24867291953808685,3641
-106.70854659998552,-165.04550010394598,-0.24568571483397017,3642
-106.74799545431719,-165.3067279981795,-0.2426099140054658,3643
-106.78788574763593,-165.56837598391473,-0.2396156265985646,3644
-106.828252365249,-165.83061595618474,-0.23669858188151904,3645
-106.8691365349277,-166.093628195099,-0.2338548864431611,3646
-106.90967821577502,-166.3564014607706,-0.2309841471152297,3647
-106.9497632454188,-166.61891060042242,-0.22812468361549668,3648
-106.98927746145083,-166.88113046126642,-0.22531428727325298,3649
-107.02901430833585,-167.14402197116885,-0.22258055231050355,3650
-107.06902769299457,-167.40735453812098,-0.21994096275240496,3651
-107.10937786480085,-167.67090595516507,-0.21741247390097557,3652
-107.14922380819453,-167.93347631871578,-0.21498106640222434,3653
-107.1884703878508,-168.1950656305474,-0.21266048313625982,3654
-107.22702246840615,-168.45567389241774,-0.2104637120879687,3655
-107.26403905102109,-168.71530111735638,-0.20841572839933173,3656
-107.29958038868398,-168.973947304934,-0.20653385866054316,3657
-107.33370039196745,-169.23161245480043,-0.2048347501757743,3658
-107.3681000842593,-169.48829654061927,-0.2032644886991696,3659
-107.40283337581823,-169.74399956199227,-0.20183590860859257,3660
-107.43796051922325,-169.99872151840006,-0.20056063626976192,3661
-107.47264053499181,-170.25366233908474,-0.19949731973144,3662
-107.50677829090304,-170.50904423222943,-0.1986536182482957,3663
-107.54027865481793,-170.76509779115148,-0.19803636046168702,3664
-107.57395407000232,-171.020862065273,-0.1976369049453923,3665
-107.60787747392628,-171.27636220890403,-0.1974507196434901,3666
-107.64212814638722,-171.53162337624127,-0.1974723664942266,3667
-107.67588411542582,-171.78667073259786,-0.19762181142676982,3668
-107.7090692726387,-172.0415294341164,-0.19788165179343062,3669
-107.74160750957302,-172.2962246369047,-0.19823305053316995,3670
-107.77358444848602,-172.55078149733316,-0.19875297236608497,3671
-107.80524744234901,-172.8052251671397,-0.19943771278230513,3672
-107.83684384408383,-173.05958079804626,-0.2002828123773284,3673
-107.86845929218562,-173.31485963803777,-0.20128420906237549,3674
-107.90001767508194,-173.5708814068287,-0.20241869236114726,3675
-107.93144288128806,-173.82747420927143,-0.203662372165336,3676
-107.96356637744509,-174.083488426843,-0.20494822133694368,3677
-107.99648012842819,-174.33897436881642,-0.20626408110168204,3678
-108.03028244144096,-174.59398234434582,-0.20759673567399586,3679
-108.06417037373787,-174.8485626772611,-0.20898905200430057,3680
-108.09808684436256,-175.10276567882306,-0.21042230514446736,3681
-108.13197477232366,-175.35664166027883,-0.211877166252677,3682
-108.16577707683166,-175.61024093317081,-0.21334643203070014,3683
-108.19943667699357,-175.86361380887033,-0.21481541687731612,3684
-108.23289649188257,-176.11681059873644,-0.21626890679952576,3685
-108.26609944210162,-176.36988161645058,-0.21778144439324687,3686
-108.29898844712211,-176.62287717397587,-0.21936046610911836,3687
-108.33150642639215,-176.87584758327898,-0.22101348402114993,3688
-108.36450390505419,-177.12982923261885,-0.22258405173642182,3689
-108.39809187185989,-177.38466699433903,-0.22404597270957863,3690
-108.43238765801742,-177.64021412581602,-0.2253719931410283,3691
-108.4666073320341,-177.89534619378105,-0.22672136951178284,3692
-108.50071284096805,-178.1501386655153,-0.22810644486082193,3693
-108.53466613185714,-178.40466700830743,-0.2295397888532224,3694
-108.56842914865555,-178.65900668446625,-0.23085052412984666,3695
-108.60196383785706,-178.91323316037074,-0.23201765962875526,3696
-108.63523214591325,-179.16742190237224,-0.2330191473818711,3697
-108.66819602313386,-179.42164838306732,-0.23405995092278786,3698
-108.70081741636916,-179.67598806939714,-0.23514067272428552,3699
-108.73305827245585,-179.93051642832128,-0.23626251939483348,3700
-108.76488051873292,-180.18410900838128,-0.2373200385468074,3701
-108.79624609882485,-180.43661907006538,-0.23831674554762922,3702
-108.82711695620452,-180.68789148870337,-0.2392559296087232,3703
-108.85745505086153,-180.9389626680808,-0.24008039307691362,3704
-108.88722232959574,-181.18988292025924,-0.24080976560306352,3705
-108.9163807391697,-181.4407025572795,-0.24146292194053431,3706
-108.94579982053037,-181.69147187747956,-0.24205101267129497,3707
-108.97560959355408,-181.94224119054354,-0.24259709993274997,3708
-109.0059464204567,-182.19306080603806,-0.2431234153555342,3709
-109.03604541231428,-182.44398104796474,-0.2436926672018364,3710
-109.06588754315725,-182.69505222824705,-0.24432958116538778,3711
-109.09545378698324,-182.94632465879315,-0.24505835454789768,3712
-109.12435215648331,-183.1958764705427,-0.24595021948231038,3713
-109.15264132572068,-183.44416884604883,-0.2470056519760219,3714
-109.18074976004404,-183.69361838136098,-0.24826938390802433,3715
-109.20865208981705,-183.9442418462882,-0.24971089637445232,3716
-109.23632294553212,-184.19605601114523,-0.251317580507133,3717
-109.2639234491021,-184.45080330681583,-0.253039188524032,3718
-109.29138937897376,-184.70814099129535,-0.2548820900077988,3719
-109.31865809907524,-184.96774099633603,-0.2568436816501249,3720
-109.34566855912801,-185.22928992768206,-0.25892126541747834,3721
-109.37382827655276,-185.49174947115898,-0.2610609909469715,3722
-109.40313090685977,-185.75498965726112,-0.2632706012760568,3723
-109.43358279042707,-186.01888890143152,-0.2655573105786122,3724
-109.46354945867165,-186.28114801723535,-0.26785611626484446,3725
-109.49304993696933,-186.54164541969166,-0.27016687029549163,3726
-109.5221032505313,-186.80025113863604,-0.2724883679613482,3727
-109.55035547923521,-187.05605455054476,-0.27478553682942625,3728
-109.57790335239002,-187.30954199372977,-0.27708739096318835,3729
-109.6053998847581,-187.5648808843308,-0.2795545745028232,3730
-109.63281890859135,-187.82175363380628,-0.2821422938349282,3731
-109.66013584236734,-188.07985732859643,-0.28484066791792173,3732
-109.68732769035091,-188.33890372911802,-0.2876392113392413,3733
-109.7141865651537,-188.5978797020889,-0.2905287850456834,3734
-109.74073149223295,-188.85668043259304,-0.29350153977322296,3735
-109.76698149713981,-189.11520949085002,-0.2965490221046831,3736
-109.79370140054543,-189.36894139105493,-0.2994397330398836,3737
-109.8207548544399,-189.61872094084427,-0.3022188558149915,3738
-109.84726605692627,-189.8698010394507,-0.3051109424970736,3739
-109.87326670000974,-190.12084341575354,-0.30810745357137026,3740
-109.89878849035124,-190.37149589285528,-0.311207643979908,3741
-109.92386311892541,-190.62042019871242,-0.3143742268309929,3742
-109.94852231402487,-190.86866950885178,-0.3176333089831236,3743
-109.97279778873973,-191.11631090426613,-0.32099206056401336,3744
-109.99672127116679,-191.3643975604461,-0.32447417200424,3745
-110.02032447137336,-191.6127911219443,-0.32808070317650845,3746
-110.04363909935196,-191.86136161843652,-0.3318116576486329,3747
-110.06669684982258,-192.10900137011888,-0.3356482551966589,3748
-110.08952943541102,-192.35580261168334,-0.33953805544574267,3749
-110.1121685693032,-192.601857579086,-0.34347142857030927,3750
-110.13483245801979,-192.84898417158155,-0.34749037706120967,3751
-110.15751396317073,-193.09691511371508,-0.351635838127676,3752
-110.1802075310784,-193.3453978024546,-0.3558947957910558,3753
-110.20290919385377,-193.5941943087403,-0.3602535541858382,3754
-110.22617591097077,-193.83938351229074,-0.3645711815827459,3755
-110.24989035728403,-194.0815272215736,-0.36889300136417125,3756
-110.27338220898575,-194.32486834101505,-0.37343548497396106,3757
-110.29666335500734,-194.5691647499931,-0.37822574039993845,3758
-110.31974726960944,-194.81418900131342,-0.383272853803323,3759
-110.34264901284965,-195.05972832176494,-0.3885856467143756,3760
-110.36519873595557,-195.30385894683715,-0.3940598204206053,3761
-110.3874535236282,-195.54675696476,-0.39972292666986126,3762
-110.40947046052686,-195.78859846372265,-0.40560130929561805,3763
-110.43138747596855,-196.0285080255716,-0.41149859566233515,3764
-110.45342340340133,-196.26782517628254,-0.41744656447841794,3765
-110.47571624356812,-196.50991445943274,-0.4235353877275167,3766
-110.49832307707447,-196.75472137047004,-0.42975694980801876,3767
-110.52130098459205,-197.00219978992004,-0.4361007944085863,3768
-110.54448010148072,-197.2492260410072,-0.4425646249481048,3769
-110.56787548781665,-197.4955873503292,-0.4491492117802255,3770
-110.5915006177966,-197.74105627041342,-0.4558530041591774,3771
-110.61536737879665,-197.9853906782193,-0.46262773598097745,3772
-110.63880539089189,-198.2292337271001,-0.4695385718375438,3773
-110.66169731850297,-198.47248060483048,-0.47659737060370216,3774
-110.68391948315004,-198.71501811370752,-0.4838048484242638,3775
-110.70624947905964,-198.95792457373847,-0.4911917404946585,3776
-110.7287190198124,-199.2012922215195,-0.49876887790151414,3777
-110.75135981984796,-199.44521329550878,-0.5066070562799162,3778
-110.77465742906153,-199.69217985936803,-0.5148185449137836,3779
-110.7987276044905,-199.94272856160595,-0.5234171800196931,3780
-110.82300852120412,-200.19389923663567,-0.5322273814765718,3781
-110.8474962079633,-200.44522336375115,-0.541236894816078,3782
-110.87218510777724,-200.69622613333144,-0.5504312763349295,3783
-110.89706806226533,-200.9454403518707,-0.5597672888503813,3784
-110.92236325925867,-201.19348400184134,-0.5692424248537472,3785
-110.94810240857475,-201.44022711251466,-0.5788429840971354,3786
-110.97506308724218,-201.6855313173216,-0.5885795510183552,3787
-111.0022141055383,-201.9346495194249,-0.5987251659902009,3788
-111.02927006865231,-202.1884265282479,-0.6093087818087697,3789
-111.05610722624174,-202.44233687193525,-0.6201113503184192,3790
-111.082763631175,-202.69628412049232,-0.6311263049917993,3791
-111.10927733614032,-202.95016345870653,-0.6423452676330105,3792
-111.1356864126782,-203.2050616031116,-0.6538101076041398,3793
-111.16202891664483,-203.46107917482402,-0.6655149695699983,3794
-111.18834290384929,-203.71831679490705,-0.6774525637785048,3795
-111.21466642696076,-203.97666126293004,-0.6896103199282538,3796
-111.24103753513228,-204.23578555679495,-0.7019703915943152,3797
-111.26749427747107,-204.49536265435114,-0.7145134979178251,3798
-111.29407470696056,-204.7552793562546,-0.7272671644881443,3799
-111.32081687915465,-205.0156362830391,-0.7402076797486101,3800
-111.3477588495667,-205.2765340551972,-0.7533102752349802,3801
-111.37471174056935,-205.53597344079478,-0.7664310950016495,3802
-111.40167158337957,-205.7936661994099,-0.7795423632752629,3803
-111.42863282333634,-206.04930941655547,-0.7926143418390619,3804
-111.45558832067006,-206.30258550539259,-0.8056686050124037,3805
-111.48184872347261,-206.55766190425246,-0.8189195641888836,3806
-111.50727767756709,-206.8150249541302,-0.8323689429695589,3807
-111.53241312747194,-207.07166415987058,-0.8457815418930579,3808
-111.55723207358866,-207.32706068947954,-0.8591262523453929,3809
-111.5817099305776,-207.58068942206964,-0.8723705692561646,3810
-111.60582051114626,-207.83103285189998,-0.885427350792564,3811
-111.62976299536996,-208.07985856947244,-0.8983965692061541,3812
-111.6535500686513,-208.3272085002855,-0.9112751650833579,3813
-111.67719441634848,-208.57312457001854,-0.9240679775228977,3814
-111.70116258911891,-208.8218484060419,-0.9369192524716731,3815
-111.72555132138132,-209.0741996562781,-0.9498491966688353,3816
-111.75000663526073,-209.32562769808465,-0.9626934951201571,3817
-111.7745475562262,-209.57601094661288,-0.975455926318948,3818
-111.79919310957521,-209.8252194318111,-0.9881390611150115,3819
-111.82470824694788,-210.07677994222348,-1.0008805743479674,3820
-111.8509565994791,-210.33025435528086,-1.013669214694626,3821
-111.87780814101573,-210.58522551118813,-1.0264936168739023,3822
-111.90513918926172,-210.84129721474773,-1.0393963222117186,3823
-111.93171350292916,-211.09217766941694,-1.0519364517914715,3824
-111.95765318854798,-211.33874522128983,-1.0642041984205795,3825
-111.98345017398303,-211.58530020359956,-1.0766254866176153,3826
-112.00914251554228,-211.83194323818657,-1.089217149230316,3827
-112.03476826950073,-212.07877494686028,-1.1019954152101155,3828
-112.06036550552622,-212.3268820421626,-1.1148736082024175,3829
-112.0859722765904,-212.57615970933728,-1.1278582998608073,3830
-112.11162663574748,-212.82651151872588,-1.1409547026352373,3831
-112.13736660281285,-213.07566341628007,-1.154172518325202,3832
-112.16323023105915,-213.32351897266938,-1.1675257925780318,3833
-112.18925557358497,-213.56997337335264,-1.181027212397689,3834
-112.21548070311893,-213.81611333691856,-1.1947737541784473,3835
-112.24194367577377,-214.06203948481328,-1.208770283680857,3836
-112.2686825476277,-214.3078524384483,-1.2230209872674762,3837
-112.29482779154641,-214.55463892740008,-1.237532456430047,3838
-112.32024938641229,-214.80229413888262,-1.2522941268649979,3839
-112.34481096879664,-215.05072164532982,-1.2672948301920002,3840
-112.36927741517671,-215.29884729434428,-1.2824664348087937,3841
-112.39366775495205,-215.54679686338534,-1.297821054120606,3842
-112.41800101747901,-215.79469612986173,-1.3133696691223309,3843
-112.44248272934169,-216.04439653982047,-1.3293154777888057,3844
-112.46709306621626,-216.29566435616084,-1.3456226630573676,3845
-112.49181378959693,-216.54828051578573,-1.3622559359556679,3846
-112.51662822827609,-216.80084071345155,-1.379158965696876,3847
-112.54096182271151,-217.04775602659797,-1.3958675240963858,3848
-112.56491764855107,-217.2896993641136,-1.4124325114941496,3849
-112.58896863600695,-217.53294324529642,-1.4291886127708078,3850
-112.61313381021178,-217.77738285447828,-1.4461076691255879,3851
-112.63743219639125,-218.02292176110868,-1.46316076656234,3852
-112.66188280625664,-218.26848582866654,-1.4804097333359352,3853
-112.68650466858213,-218.51420083335765,-1.497830592880756,3854
-112.7113168121174,-218.7601925513742,-1.5153992932474012,3855
-112.73633828197352,-219.00757285533328,-1.533151152340967,3856
-112.76158810306886,-219.25626208382067,-1.551024072413688,3857
-112.78708530043804,-219.5061889605851,-1.5689564840517949,3858
-112.81284886917524,-219.755104591947,-1.5870885355479314,3859
-112.83889783387494,-220.00293770066338,-1.60533057025647,3860
-112.86525121901886,-220.24960862440446,-1.6235951214855107,3861
-112.89192806790822,-220.4962292322649,-1.641826182034013,3862
-112.91894740861835,-220.74292529900532,-1.6599600613001246,3863
-112.94632826924288,-220.98982259945845,-1.677935409359216,3864
-112.97408968010613,-221.2370469130224,-1.69581559775225,3865
-113.00225066887985,-221.4847240136316,-1.7135142097823295,3866
-113.03083026327307,-221.73297967533114,-1.7309482264559792,3867
-113.05984749157062,-221.98193967327222,-1.7480654108704228,3868
-113.08932138190299,-222.2317297822731,-1.7648050924684815,3869
-113.11927096244091,-222.48247577726798,-1.7811101494004253,3870
-113.14880762736733,-222.7322897453177,-1.7967159762228677,3871
-113.17778231926535,-222.98053651146057,-1.8115719167638085,3872
-113.20603963812287,-223.2265683231622,-1.8256292407906358,3873
-113.23341782329737,-223.46873875097245,-1.8386991159315649,3874
-113.26111031290382,-223.71377981533067,-1.8513007966506787,3875
-113.28919481600036,-223.9625363221776,-1.86351870155682,3876
-113.3180442086632,-224.21168269710392,-1.87488225842871,3877
-113.3475031042997,-224.46134472169814,-1.8854440903721303,3878
-113.3774224587268,-224.71164817745046,-1.8952571225054542,3879
-113.40616781309434,-224.9615189542545,-1.904398183665374,3880
-113.43391358379807,-225.2108606222886,-1.9129286569186306,3881
-113.46082784466088,-225.45956836668125,-1.9209103788635642,3882
-113.48781821648717,-225.70872889455492,-1.9284912720591865,3883
-113.51488470187012,-225.95844282978874,-1.93572897858077,3884
-113.54202730339925,-226.20881079629166,-1.9426822731512687,3885
-113.56924604080255,-226.4609195158791,-1.9495060232871273,3886
-113.59654091271955,-226.714664174621,-1.9562159750214012,3887
-113.62391191793319,-226.96994834380658,-1.9628299127501778,3888
-113.65135902377992,-227.22449797492447,-1.9694932209670848,3889
-113.67888222840557,-227.47821663786476,-1.976184611312262,3890
-113.70648152985967,-227.7309995174702,-1.9828859669153767,3891
-113.73415694703152,-227.98393333397294,-1.989716980919578,3892
-113.76190848153219,-228.2371187092207,-1.9966803299760254,3893
-113.78973613502312,-228.49065626520377,-2.00378284345954,3894
-113.81741297281613,-228.7425467677068,-2.010813718373336,3895
-113.84489697128987,-228.99250197632156,-2.017736535711266,3896
-113.87214452101512,-229.24021897673524,-2.0245175196938816,3897
-113.8991104264408,-229.48538018041205,-2.031116659601699,3898
-113.9264287136506,-229.7339528900156,-2.0380256893512576,3899
-113.9541770912365,-229.98675675564243,-2.045316532082304,3900
-113.98198255089679,-230.23924115277913,-2.0527850912910703,3901
-114.00984509058044,-230.4912844962162,-2.0604214803597958,3902
-114.03776470816175,-230.74275681574503,-2.0682201921956556,3903
-114.06574143397442,-230.9957057629927,-2.0760943329262,3904
-114.09377526612276,-231.25000136826753,-2.0840522503873715,3905
-114.12186620288531,-231.50552204716405,-2.09210599181495,3906
-114.15001420586599,-231.75996858514205,-2.100111243437637,3907
-114.17821927307429,-232.013219397151,-2.1080612897453714,3908
-114.20648140241279,-232.26514451307793,-2.115951982709294,3909
-114.23405473626823,-232.51680549788017,-2.123576430525657,3910
-114.26109466482708,-232.7682778141247,-2.1308975938978794,3911
-114.28775023583798,-233.0196369245201,-2.137879566292523,3912
-114.31491002540709,-233.27095828111402,-2.1445130195355437,3913
-114.34255500703912,-233.5223173497601,-2.1507760178398945,3914
-114.37066615423815,-233.7737895963591,-2.1566479090710504,3915
-114.39922443638744,-234.02545047839934,-2.1618762275620513,3916
-114.42821082679163,-234.27737546135737,-2.166427674480064,3917
-114.45760629872369,-234.5296400106945,-2.170268498101197,3918
-114.48739182714897,-234.78231959535663,-2.173459059763534,3919
-114.51754838521929,-235.0354896804904,-2.1759577554168774,3920
-114.54805694606837,-235.28922573125467,-2.177723283139038,3921
-114.57889846420662,-235.54240329708685,-2.1787181064529633,3922
-114.61005391016823,-235.79487563827058,-2.1789475914945293,3923
-114.64150425433591,-236.04648762993992,-2.1784172558261625,3924
-114.67323050460055,-236.29926177884536,-2.177323314632867,3925
-114.70521363183244,-236.553042961152,-2.175699901037411,3926
-114.73743460703727,-236.80768443823388,-2.173582658001453,3927
-114.76896677408787,-237.06107569328577,-2.1713009767586193,3928
-114.7996230367478,-237.31349763383724,-2.1689091735204062,3929
-114.82920995626299,-237.56522278249813,-2.1664652646463822,3930
-114.85934298481304,-237.81848743588097,-2.1639972676260184,3931
-114.89015214107653,-238.07313646937928,-2.1615818582744777,3932
-114.92177378632952,-238.32902314356784,-2.159299109677851,3933
-114.95269713338024,-238.58502302958604,-2.1570611853729966,3934
-114.9830585476568,-238.84121159525762,-2.15496513768791,3935
-115.01298805215968,-239.09766430858107,-2.153110057737335,3936
-115.04335517848556,-239.35325670802635,-2.1515269342250227,3937
-115.07412187048932,-239.6078420554844,-2.1502570348714443,3938
-115.10525007190206,-239.86126522775746,-2.1493433643685416,3939
-115.1367017417201,-240.11456262539048,-2.1486430962808014,3940
-115.16843882621511,-240.36778456008182,-2.1481609859572526,3941
-115.20042327164286,-240.62098134354937,-2.1479022418796863,3942
-115.23261702095897,-240.87420328050035,-2.1476891691311177,3943
-115.26498202092174,-241.12750068368274,-2.1475533262238375,3944
-115.29748021824625,-241.38092386580567,-2.1475252147650545,3945
-115.32932766981162,-241.63353705107005,-2.147477612076838,3946
-115.36064171580138,-241.88559598672276,-2.1474587894852064,3947
-115.39153335375616,-242.13734803486798,-2.147514678321805,3948
-115.42285312568721,-242.39001825517988,-2.1476996220809172,3949
-115.45454395085076,-242.64363180573122,-2.1480568833632416,3950
-115.48654874843689,-242.8982138445085,-2.1486274598350033,3951
-115.51881043202616,-243.15378951752302,-2.1491428517290916,3952
-115.55127192098888,-243.41038398315382,-2.149652512797898,3953
-115.58387613458521,-243.66802239960012,-2.1502012157986843,3954
-115.61582010225737,-243.92553002232583,-2.1508672996241684,3955
-115.64720212986505,-244.18270980076997,-2.151703734332525,3956
-115.67811418058496,-244.4393562991442,-2.152759035921608,3957
-115.70938776641403,-244.6964556026125,-2.154141286288733,3958
-115.74094677865129,-244.95400771365644,-2.1558809895237423,3959
-115.77271510849829,-245.21201263460446,-2.158004723741284,3960
-115.80552423448611,-245.4694842604187,-2.160570679802366,3961
-115.83946612536678,-245.72662802649293,-2.163590173123594,3962
-115.87463909210196,-245.98364098282383,-2.1670708953727584,3963
-115.9094943292486,-246.24169791405194,-2.171011876835086,3964
-115.94413014461405,-246.50077366362143,-2.1754231206154664,3965
-115.97863850346488,-246.76084307493124,-2.1803109304665758,3966
-116.01385090644607,-247.0218809925127,-2.1860129441537506,3967
-116.0496912431966,-247.28386226070373,-2.1924922813007712,3968
-116.08608340331146,-247.54676172380218,-2.1997110801312814,3969
-116.12295127516487,-247.8105542235294,-2.207563746066671,3970
-116.1602187480495,-248.07521460349832,-2.2159945987575393,3971
-116.1978097112057,-248.34071770726428,-2.224946523443059,3972
-116.2356480430488,-248.60605229474004,-2.2346346519517057,3973
-116.27365763603198,-248.87139864553671,-2.244997255526776,3974
-116.3117623824604,-249.1369286541353,-2.2559732853904926,3975
-116.34914030009892,-249.40259202248882,-2.2675518161259003,3976
-116.38587066393043,-249.66811622868184,-2.279654372445004,3977
-116.42202640634956,-249.93322036578957,-2.292203612150912,3978
-116.45842000920398,-250.19902886247084,-2.305004412926617,3979
-116.49495633966423,-250.46589389291552,-2.3179596671363365,3980
-116.53154026487742,-250.7341676313258,-2.330972569296608,3981
-116.56807663121891,-251.0027885176781,-2.3440184477598693,3982
-116.6044702956617,-251.27145887692,-2.3570074307133875,3983
-116.6406261150345,-251.53987264887775,-2.369850477314621,3984
-116.6766106826499,-251.80792921303657,-2.382606778849846,3985
-116.71265232705987,-252.07573337748937,-2.3952092432615206,3986
-116.74897937667694,-252.34338156524953,-2.4075926665107095,3987
-116.78565844226873,-252.61194790540463,-2.4195513135963194,3988
-116.82259438346418,-252.88130661849647,-2.4309939093931665,3989
-116.85969205988182,-253.15133192510368,-2.4418300849277577,3990
-116.89685631360399,-253.42091194793198,-2.451877776791883,3991
-116.9339920078045,-253.6901263443757,-2.4610592162982767,3992
-116.97100400549806,-253.95904638668122,-2.4692967862361366,3993
-117.00779717338445,-254.2277349701591,-2.4767233314402235,3994
-117.04427637474969,-254.49624659783888,-2.483290001444425,3995
-117.08034647274789,-254.7646273876612,-2.4889496072989292,3996
-117.11607408173981,-255.03411498880138,-2.4937368003959084,3997
-117.1516875339142,-255.30496095215037,-2.4976505093533525,3998
-117.18741516145633,-255.57741682868368,-2.5006917769937203,3999
-117.22332356344229,-255.85152035231357,-2.5029081641485655,4000
-117.25931760023552,-256.12709543608185,-2.5042957157365016,4001
-117.2953021322178,-256.4039659931297,-2.504852968369722,4002
-117.33043613503999,-256.6809698634781,-2.5048059703873626,4003
-117.36477986340569,-256.95813639575334,-2.504196396215469,4004
-117.39838722947306,-257.23548655369143,-2.503069997979206,4005
-117.43295927948267,-257.5130328892252,-2.5014645930618693,4006
-117.46854992548286,-257.79077959677767,-2.499449339755676,4007
-117.50521942187558,-258.06872248567237,-2.4970973228172664,4008
-117.54212676090103,-258.3468489932393,-2.4944473812485746,4009
-117.57917680663436,-258.6251381605895,-2.491562901191409,4010
-117.61627442305536,-258.90356064382775,-2.4885109688642686,4011
-117.6525786023694,-259.18229254417497,-2.48527476581505,4012
-117.6881496055991,-259.4617153881891,-2.4819300034343392,4013
-117.72304135119738,-259.7422023174982,-2.4785554138112325,4014
-117.75895488929176,-260.0239042406605,-2.47522962245165,4015
-117.79594413127852,-260.30674988693835,-2.472050821202735,4016
-117.83406933089142,-260.59065960045746,-2.469120146857646,4017
-117.87248947531111,-260.87554534459116,-2.4662835719774496,4018
-117.91110942697551,-261.1613106932655,-2.463582854509686,4019
-117.94983404818099,-261.44785083530263,-2.461060960922726,4020
-117.98782232624177,-261.7350525835111,-2.4586891226581478,4021
-118.0251345137675,-262.02279435444854,-2.456523667681688,4022
-118.06182452075316,-262.31094617964703,-2.4546215285848443,4023
-118.09868578787875,-262.5995835077218,-2.4528603996115352,4024
-118.1356041561034,-262.888987244536,-2.451272094986305,4025
-118.17246546620673,-263.1794299107724,-2.449887749930932,4026
-118.20931728467603,-263.47096181380863,-2.4486336316535473,4027
-118.24636891018628,-263.763411055353,-2.4475272217714634,4028
-118.28382964120803,-264.05659735190426,-2.446584567864869,4029
-118.32174706446901,-264.3515319531512,-2.4458291167694286,4030
-118.36000701637117,-264.64824001691386,-2.4452721947551126,4031
-118.39849533326044,-264.946746700959,-2.444923769217729,4032
-118.43709781588771,-265.24489115255074,-2.4447798099169473,4033
-118.47570030024313,-265.5426817587837,-2.444841714819475,4034
-118.5141886219882,-265.84011013638593,-2.445109448216763,4035
-118.55335623963266,-266.13835103036945,-2.445524350765084,4036
-118.5932570668914,-266.437584720786,-2.4460869043609916,4037
-118.63395135972901,-266.7379831023541,-2.446795703760724,4038
-118.67385223399997,-267.0394958892275,-2.447636689348187,4039
-118.71301993874579,-267.3418505626316,-2.4486026984085965,4040
-118.75150838033966,-267.64476621866066,-2.449684605802785,4041
-118.79011100244387,-267.948167383742,-2.451019891445228,4042
-118.8287136427375,-268.25218402922974,-2.4525985476326375,4043
-118.86720213871573,-268.55693774129054,-2.4544097366696533,4044
-118.90471646594337,-268.86352781900143,-2.4562495265664466,4045
-118.94129784926298,-269.17185364051306,-2.458132719081681,4046
-118.97698117097207,-269.48181458397846,-2.460071700198188,4047
-119.01344843859496,-269.7923239161773,-2.462304951168815,4048
-119.05073453714253,-270.1034864507591,-2.464826426411822,4049
-119.08888069390056,-270.4153986160918,-2.4676294767456244,4050
-119.12628099360484,-270.7279346564627,-2.4706084699377775,4051
-119.16297665666873,-271.04074658692645,-2.473754812450281,4052
-119.19900256084327,-271.35347803743014,-2.477058552344577,4053
-119.23604072373377,-271.66597804570824,-2.4804709006862184,4054
-119.27412602948755,-271.9783011143835,-2.483982718439287,4055
-119.31329970450791,-272.29049336075093,-2.487583205945921,4056
-119.35195583908558,-272.6025925478425,-2.4913583505821855,4057
-119.39013565969834,-272.9146280224601,-2.495294786098821,4058
-119.4278740501656,-273.22662074631677,-2.4993782408832272,4059
-119.46594544156302,-273.53956937582836,-2.5035433092280805,4060
-119.5042166385099,-273.8532726687037,-2.507771617483078,4061
-119.54255444556888,-274.167529382597,-2.5120435086362995,4062
-119.58098740170011,-274.48235209437127,-2.516347659271191,4063
-119.61970578456285,-274.79796720001013,-2.520681073633326,4064
-119.65889987174316,-275.11460109544316,-2.5250394726295102,4065
-119.69859819276714,-275.43128026902866,-2.529549354388277,4066
-119.7386675556173,-275.7480089147791,-2.5341933931788168,4067
-119.77897476810078,-276.06478284154184,-2.538954037309608,4068
-119.81864076124953,-276.3815894818318,-2.543732864600775,4069
-119.85768773317369,-276.69840787142886,-2.548507413342349,4070
-119.89613153932116,-277.0152086610265,-2.553254391970852,4071
-119.93488931394987,-277.3329401933228,-2.557900941853,4072
-119.9741322999005,-277.6513509115593,-2.562462020029712,4073
-120.01403173994002,-277.9701892589179,-2.566951224682844,4074
-120.05459714779855,-278.28941749964713,-2.571322488507113,4075
-120.09567630771504,-278.6092117259393,-2.575607328607209,4076
-120.13711700385643,-278.9297480299011,-2.579835374734737,4077
-120.17892873218602,-279.2500025859193,-2.584047147078649,4078
-120.22128273930697,-279.5699292742844,-2.5882743548741294,4079
-120.26435027160069,-279.8894735900503,-2.592546895865396,4080
-120.30814084374826,-280.20857264452917,-2.596873175764157,4081
-120.35250223581635,-280.52715516762373,-2.6012793238645404,4082
-120.39728222766144,-280.8451415039909,-2.605789506966178,4083
-120.44158274217608,-281.16364353931533,-2.610388450670873,4084
-120.48540695333119,-281.48278705197475,-2.615099932332674,4085
-120.52875169253826,-281.8026978203472,-2.6199454645664306,4086
-120.57235334242804,-282.1244877088851,-2.62504072710442,4087
-120.61604065517533,-282.4480770621018,-2.6303996192446357,4088
-120.65964238302824,-282.77339460959377,-2.636034530060891,4089
-120.7031489728672,-283.0981914520715,-2.64192091608253,4090
-120.7467126432707,-283.4223963140194,-2.6480755386556734,4091
-120.7904856125935,-283.74592953468255,-2.6545133476417258,4092
-120.83371251126854,-284.0699029980676,-2.6612339693018523,4093
-120.87637748510593,-284.3944424811001,-2.668221769300106,4094
-120.91845833736151,-284.719673760726,-2.6754593015732224,4095
-120.96157999790168,-285.04452268429554,-2.6832283551381595,4096
-121.00572026619811,-285.36889282258403,-2.691521686215386,4097
-121.05086328402368,-285.6926793611229,-2.7003325044804893,4098
-121.09534606793268,-286.0169690339905,-2.709446066674917,4099
-121.13915276303328,-286.34186246194906,-2.718831865676792,4100
-121.18226117189172,-286.667460265815,-2.728458337657352,4101
-121.22629623675832,-286.99364922210214,-2.7383912539800512,4102
-121.27123575275857,-287.3201023086859,-2.7485977109295425,4103
-121.31706385744639,-287.6464925033196,-2.7590445028401267,4104
-121.36211755283557,-287.9727066384016,-2.7698282286569516,4105
-121.40638098369124,-288.2988453338249,-2.7809007137849915,4106
-121.44983195226929,-288.6250092096195,-2.792214538968637,4107
-121.49334952556575,-288.9512988703544,-2.803704517325837,4108
-121.53706689612596,-289.27781493278013,-2.81530733331172,4109
-121.58111725645524,-289.6046580136779,-2.8269603510990953,4110
-121.62547206531738,-289.9317149126733,-2.8386409906743713,4111
-121.66994104173845,-290.25865860907476,-2.85028830269014,4112
-121.71433390472761,-290.5851620822336,-2.861842319500298,4113
-121.75862210771842,-290.91111213004973,-2.873235913658513,4114
-121.80293884383117,-291.23660937053745,-2.884434007294326,4115
-121.84741730614866,-291.5617544217475,-2.8954023532590862,4116
-121.89202897181835,-291.8876339957575,-2.9060438428997495,4117
-121.93658356345605,-292.2141432784436,-2.9162966487799924,4118
-121.9808908037888,-292.54118584085603,-2.9260993962772455,4119
-122.0256680242436,-292.86867362485816,-2.9354058007282733,4120
-122.07089302363768,-293.1965269695192,-2.944165091405285,4121
-122.11654994337661,-293.52467459898037,-2.952327025773617,4122
-122.16188337335089,-293.8518537248615,-2.959966580623747,4123
-122.2070455282583,-294.1777876337408,-2.9670681368383924,4124
-122.25218862277333,-294.50219961225764,-2.973617434510854,4125
-122.29730316120803,-294.8260128679807,-2.9796632442265105,4126
-122.34221789583081,-295.1491729008463,-2.985219426562493,4127
-122.38676157904678,-295.4716335960214,-2.990301578435898,4128
-122.43092469552822,-295.7933572228792,-2.9949555920384006,4129
-122.47485946473606,-296.1143144315735,-2.99919883143309,4130
-122.51871810625853,-296.4344842575018,-3.003050623528229,4131
-122.56249110775954,-296.75385412219305,-3.006498669506947,4132
-122.60600722269784,-297.07241983748696,-3.009577477391597,4133
-122.64909520466819,-297.3901856004514,-3.0123232160375153,4134
-122.69174553985009,-297.7071639929182,-3.014815003701867,4135
-122.73411044909143,-298.02337597720583,-3.0170964767559965,4136
-122.77634215336833,-298.3388509008769,-3.019213234411512,4137
-122.81843113610087,-298.65341267060876,-3.0210592321178265,4138
-122.8602061447954,-298.96667976731953,-3.022690513646963,4139
-122.90149592708008,-299.27827905711376,-3.024163877555429,4140
-122.94229096650818,-299.58805961227836,-3.0255800837496936,4141
-122.98274348525332,-299.89609270715965,-3.0270054167919613,4142
-123.02300570560047,-300.2024580013056,-3.0285072180570065,4143
-123.06397574290999,-300.50822961764794,-3.0300781926036633,4144
-123.10565042495509,-300.8132985518452,-3.0317738022430114,4145
-123.148032922249,-301.1175725697815,-3.033650036553389,4146
-123.18947924098858,-301.419990132114,-3.0355716867382205,4147
-123.22999255593868,-301.7206979811868,-3.0375847265943867,4148
-123.26956969945641,-302.01985124456087,-3.0397342237970437,4149
-123.30985466718296,-302.3185995060487,-3.042160750811748,4150
-123.35084428787127,-302.616909227015,-3.0449044767555487,4151
-123.39254173300391,-302.9147636390183,-3.0480054189870325,4152
-123.43404888522757,-303.2109628377165,-3.0513873406257677,4153
-123.47521352210525,-303.50530139143694,-3.0550929131425484,4154
-123.51588342128902,-303.79758225360854,-3.0591637507333735,4155
-123.55606809101408,-304.08783057005445,-3.063397245399939,4156
-123.59593878358275,-304.3762937021187,-3.0678367580221706,4157
-123.63566675133441,-304.6632273961577,-3.072522704677004,4158
-123.67616914035942,-304.949881862102,-3.0774315177469567,4159
-123.71746180841515,-305.23632418249025,-3.0825934326681534,4160
-123.7595669559302,-305.522638209898,-3.088035286524447,4161
-123.80085961654346,-305.8077246749888,-3.0936968437124936,4162
-123.84136198794337,-306.09147876443603,-3.099607101709583,4163
-123.8810899253497,-306.3738040499757,-3.105790980758303,4164
-123.9217064512144,-306.65581237957497,-3.1123448650717016,4165
-123.96322742459357,-306.9376463022071,-3.119299514931858,4166
-124.00567504721383,-307.2194651368721,-3.1266821412563957,4167
-124.04817021466691,-307.4992589729846,-3.1344181109417515,4168
-124.09057973794756,-307.77720390212454,-3.1425267842322193,4169
-124.13277042793484,-308.0534760156569,-3.1510232179168782,4170
-124.17386323349712,-308.32923751048895,-3.159895344321904,4171
-124.21388035342386,-308.6044590392582,-3.1691628705740547,4172
-124.25283764402488,-308.8791196396385,-3.1788409735475502,4173
-124.29239810654444,-309.153206702844,-3.1888750109584745,4174
-124.33257759763406,-309.42671603776904,-3.199297448711213,4175
-124.37339831644655,-309.69965183809717,-3.2101356181936724,4176
-124.41398119555721,-309.9720267003786,-3.221472708580545,4177
-124.45419304329481,-310.24386159093234,-3.2333300886449607,4178
-124.4939006680083,-310.5151858609953,-3.2457244457748318,4179
-124.53313261027787,-310.78603724434805,-3.25867281103487,4180
-124.57207914580434,-311.05646185612443,-3.2721729513240745,4181
-124.61093055029748,-311.3265141963804,-3.2862180276581254,4182
-124.64971536696112,-311.5962571510765,-3.300770707945234,4183
-124.68830040474103,-311.86576199695276,-3.315841599472209,4184
-124.72655247259868,-312.1351083956523,-3.3314364016306515,4185
-124.76450009661146,-312.4033983015553,-3.3476516960185894,4186
-124.80233355640281,-312.6709335757493,-3.3644591508169364,4187
-124.84024313147177,-312.9380160791115,-3.381826357253354,4188
-124.87825736595741,-313.2047338536335,-3.3997272143609996,4189
-124.91624306523,-313.4709611243651,-3.418161542114839,4190
-124.95406703454825,-313.73657211613806,-3.4371250080142954,4191
-124.99250370978598,-314.0026409519983,-3.4565735352282294,4192
-125.03158797609011,-314.269264060518,-3.47650187112267,4193
-125.07136106112733,-314.53654625508335,-3.496900308052383,4194
-125.11021702705263,-314.8034008521139,-3.517870200628469,4195
-125.14819709776918,-315.06972722700687,-3.5393688943594204,4196
-125.18533615457395,-315.335424755083,-3.5613502619194364,4197
-125.22331624721284,-315.6015926999608,-3.583786968440796,4198
-125.2621722608209,-315.868352644522,-3.6066510339375193,4199
-125.30194542307555,-316.1358345565125,-3.6299110804356136,4200
-125.34177565439998,-316.4019907905356,-3.6534676317534043,4201
-125.38154879102993,-316.66695131609805,-3.6772705123641716,4202
-125.42115066895137,-316.9308377173434,-3.701265696697476,4203
-125.46046714170548,-317.19474928926996,-3.7254353731326426,4204
-125.49938404172762,-317.45858541005805,-3.7497392308470423,4205
-125.53778720135233,-317.7222454576913,-3.7741333350550104,4206
-125.57572420893297,-317.98682873177114,-3.7987479626822593,4207
-125.61340436865976,-318.25245681208816,-3.8235543752250325,4208
-125.6510369847767,-318.519259663455,-3.848521493339915,4209
-125.6886696096173,-318.7861757240111,-3.8736464458736815,4210
-125.7261880761422,-319.05312952769265,-3.898895640445655,4211
-125.76347821724073,-319.32004560831206,-3.924233370748926,4212
-125.80058758185713,-319.58586240486005,-3.94967085725077,4213
-125.83772547460015,-319.8507098827157,-3.975187703491094,4214
-125.87510119985451,-320.1147096219926,-4.000761701523704,4215
-125.91276234543919,-320.3789609113157,-4.026306630959637,4216
-125.9505947442608,-320.6433631302017,-4.051809625980194,4217
-125.98848422914966,-320.9078156580292,-4.077255480335586,4218
-126.02631665515202,-321.17341779425374,-4.102716125531681,4219
-126.0639778588673,-321.4402911247717,-4.128174267905354,4220
-126.10135367697522,-321.7085656205307,-4.153610952464908,4221
-126.13849164374793,-321.97619363196975,-4.179148481816542,4222
-126.1756010636639,-322.24330512389037,-4.204756077930551,4223
-126.21289124100214,-322.51002167589184,-4.230402434826543,4224
-126.25040976602023,-322.7774425825739,-4.25612124384393,4225
-126.28804247183984,-323.0454672240814,-4.28191326729619,4226
-126.32567519154911,-323.31399498053,-4.307779116620982,4227
-126.36319374260168,-323.5819391415337,-4.333795364083772,4228
-126.40048396118299,-323.8494045223102,-4.359937958959588,4229
-126.43743168331298,-324.1164875529255,-4.3861833796007295,4230
-126.4740844940695,-324.3842623695712,-4.4124939242109535,4231
-126.51065169353508,-324.6526031896397,-4.438837431188059,4232
-126.54734258175763,-324.921384230528,-4.465182192072037,4233
-126.58420470890357,-325.1894936165596,-4.491478817456802,4234
-126.62112391140059,-325.4570110093013,-4.517738555012016,4235
-126.65798602550286,-325.7240076851485,-4.543972803978406,4236
-126.6955845331265,-325.99273251801964,-4.569956785256976,4237
-126.73397334688833,-326.2632567813785,-4.595700385061176,4238
-126.77321272199211,-326.5356601336285,-4.621211828146436,4239
-126.81171572333471,-326.80784463065476,-4.646394694329607,4240
-126.84954260785392,-327.079889934252,-4.671322139335526,4241
-126.88674728973639,-327.3518673210029,-4.6960646015170795,4242
-126.92412323849075,-327.6248257650047,-4.7207151942975685,4243
-126.9615562877912,-327.8986143394434,-4.7453506375847185,4244
-126.9989322712297,-328.17308211734644,-4.770045084351682,4245
-127.0370446132134,-328.44709204859464,-4.794623150123688,4246
-127.07594722725594,-328.72069863932165,-4.819150026628106,4247
-127.11570036911334,-328.99394801013784,-4.8436864514276685,4248
-127.1547171440451,-329.2668779270056,-4.868335808737578,4249
-127.19305780804314,-329.5395177405544,-4.893165631951446,4250
-127.23077627431596,-329.81188841612385,-4.9182393025603615,4251
-127.268666032642,-330.0861885330318,-4.943651438048435,4252
-127.30661291903513,-330.3624390587332,-4.969449719220404,4253
-127.3445027695457,-330.6406693456116,-4.995677975989927,4254
-127.38222138350802,-330.91873112347986,-5.022437275803778,4255
-127.41965459697731,-331.19665374461016,-5.049768050370877,4256
-127.45668824576242,-331.474458175911,-5.077707334391504,4257
-127.49411577753467,-331.7521569796074,-5.106220818616347,4258
-127.53199110429051,-332.02975434916067,-5.135340136762823,4259
-127.57037448028125,-332.30724609252997,-5.165092996903154,4260
-127.60767902658648,-332.5856057601866,-5.195590026734222,4261
-127.64396499335284,-332.8646069517708,-5.226828745234084,4262
-127.67928628810597,-333.14402326683984,-5.258803500561721,4263
-127.71534397621927,-333.4238421031936,-5.29161775222588,4264
-127.75219197202296,-333.704264702597,-5.325248837980973,4265
-127.78989053228176,-333.98549230655607,-5.3596718305501865,4266
-127.82685274343167,-334.26652627687247,-5.395006294706948,4267
-127.86313885868225,-334.5473456480611,-5.431221991501635,4268
-127.89880278851342,-334.82792106950114,-5.468287550167774,4269
-127.93463800240207,-335.1092008953013,-5.5063225212240186,4270
-127.9705303289246,-335.39093356838515,-5.545244585317652,4271
-128.00636559663062,-335.6728675316622,-5.5849716497356185,4272
-128.04219136714954,-335.954965039205,-5.625278277106979,4273
-128.07821694494513,-336.2374021707324,-5.666070189738951,4274
-128.11465163441682,-336.5203550058931,-5.707252279572884,4275
-128.15154299059427,-336.8027997214617,-5.748926684431839,4276
-128.1887768450327,-337.0846901951283,-5.790980910904744,4277
-128.22623902912318,-337.36597191943815,-5.83330322118738,4278
-128.26381539674784,-337.6477819227297,-5.875867940768634,4279
-128.3013917816152,-337.93027113054075,-5.918500276958728,4280
-128.33885401743402,-338.21359046847283,-5.961027098263772,4281
-128.37624966787442,-338.4976770406655,-6.003317484584167,4282
-128.41378802766832,-338.7822541232308,-6.045184692423387,4283
-128.4516783915434,-339.0670449923697,-6.086444016973256,4284
-128.48996833053857,-339.35198676246483,-6.127177548482244,4285
-128.528543678209,-339.63723035864194,-6.167204756076492,4286
-128.56729026815873,-339.922926706221,-6.206349186138755,4287
-128.60609391828274,-340.2080268284214,-6.244692483152743,4288
-128.6448404584451,-340.49245944416157,-6.282064471637805,4289
-128.68341571845224,-340.77614488750345,-6.318301016858787,4290
-128.72186730688563,-341.0611811365997,-6.353629440132607,4291
-128.76040452316482,-341.3474885217336,-6.387923653506198,4292
-128.7992366669904,-341.63499575880456,-6.421066477948054,4293
-128.83841126781547,-341.92145394256914,-6.452971371878012,4294
-128.87781415696628,-342.2067917958318,-6.483542982216919,4295
-128.91733116577248,-342.4909296567048,-6.512695016709191,4296
-128.95610226747735,-342.77497941661113,-6.540506484785689,4297
-128.9941686898859,-343.0590668492192,-6.566927660734778,4298
-129.03156531843973,-343.34331772883866,-6.591919011885673,4299
-129.06997420970643,-343.6288438926837,-6.61538392890835,4300
-129.1094302460424,-343.91556568104903,-6.637325775429021,4301
-129.1499746526364,-344.20341181977534,-6.657757503379992,4302
-129.1900014564413,-344.49013342477963,-6.676445490344562,4303
-129.22955188422364,-344.7756592249779,-6.693458256976935,4304
-129.26866082018338,-345.0599095646248,-6.708871799347853,4305
-129.3081027203329,-345.34498238334885,-6.722445959852878,4306
-129.34774439310945,-345.6307980324879,-6.7343305792005035,4307
-129.38745264716187,-345.9172852487743,-6.74468025440914,4308
-129.42634839048654,-346.2033950709682,-6.753617714424014,4309
-129.4644538286109,-346.48927844167207,-6.761331705231519,4310
-129.5017848245776,-346.7750863038167,-6.768015352211857,4311
-129.54000437163825,-347.05976964361065,-6.773649673774945,4312
-129.5791283287938,-347.34325719780225,-6.7784349042293135,4313
-129.61917889744458,-347.62546931799557,-6.782573996426814,4314
-129.65853115734228,-347.90850399890905,-6.786050990762323,4315
-129.69720731049108,-348.19228159291043,-6.789082166473317,4316
-129.73522321648974,-348.476730837672,-6.791884784138821,4317
-129.77424186850433,-348.7608027185772,-6.794430849803378,4318
-129.81427913021196,-349.04464818123745,-6.796956864517078,4319
-129.85535720776292,-349.32841817107476,-6.799698347831592,4320
-129.89585114372605,-349.6120498308977,-6.802696580480591,4321
-129.93578313592815,-349.8952664600037,-6.806131875655142,4322
-129.97516903957558,-350.1777913576584,-6.810182281754573,4323
-130.01567187407966,-350.4595616269863,-6.8152354579752386,4324
-130.05730750129783,-350.74072820868867,-6.8214377560631965,4325
-130.10009812557198,-351.02144204330585,-6.828934999277143,4326
-130.14316469716007,-351.30284018683216,-6.837950113705005,4327
-130.18637402311958,-351.5848681416594,-6.848547923615153,4328
-130.22959291063245,-351.8674797953439,-6.860793630466888,4329
-130.2719422842437,-352.15063743562996,-6.874770699028257,4330
-130.31344434174102,-352.4343117120417,-6.890443569218833,4331
-130.35411493850327,-352.71848165941566,-6.907777586790454,4332
-130.39561705163555,-353.0009486668068,-6.92690319364051,4333
-130.43796653500823,-353.28169176562994,-6.947723596889692,4334
-130.4811855848922,-353.56068160215307,-6.970144420199165,4335
-130.52439516195477,-353.8400664631311,-6.9940377675751595,4336
-130.567462069429,-354.11981699493276,-7.019262039725996,4337
-130.6102531107147,-354.39991222921066,-7.045677977595675,4338
-130.6518892037761,-354.6803395906259,-7.073041811870828,4339
-130.69239254406065,-354.96109487655235,-7.101181700150557,4340
-130.73177898462197,-355.2421822697259,-7.129927460881223,4341
-130.77171151460485,-355.522414391366,-7.159085575937185,4342
-130.81220598217485,-355.8015899852117,-7.188439139237418,4343
-130.8532845780368,-356.0795077949813,-7.2177729057460285,4344
-130.89406824070383,-356.35716649833245,-7.246899880875746,4345
-130.93442377270324,-356.6345870483099,-7.275602583126557,4346
-130.9742179767211,-356.91179878322265,-7.30366541821747,4347
-131.0134793876332,-357.1888394207148,-7.330815625476081,4348
-131.05239827816487,-357.4657550638005,-7.3568409249856765,4349
-131.09116492117843,-357.74260020073484,-7.381530471036832,4350
-131.12980785508532,-358.0192238916661,-7.404774028562091,4351
-131.16819387626026,-358.2952697591584,-7.426385508329635,4352
-131.20618978124398,-358.57038981105285,-7.44618093480976,4353
-131.244569992942,-358.84445826073244,-7.4642466002843895,4354
-131.2833693941423,-359.1175715292826,-7.480448898172074,4355
-131.32262921037318,-359.3898344230582,-7.494658223027723,4356
-131.36074351222064,-359.66114636028016,-7.507080844577095,4357
-131.39775351990284,-359.93120127907565,-7.517670609992545,4358
-131.4336941113394,-360.1997015031956,-7.526387632880144,4359
-131.4702473301083,-360.4665715425404,-7.533348762155787,4360
-131.50744806222554,-360.73195813544345,-7.538533527967395,4361
-131.54533753651927,-360.9960164056986,-7.54192885918033,4362
-131.58305572738226,-361.2598959793952,-7.5436301338503355,4363
-131.62048846888337,-361.5235633192816,-7.543664801553117,4364
-131.65752159553116,-361.7870016588787,-7.542068389741115,4365
-131.6949485230707,-362.04802498179913,-7.539000353022947,4366
-131.73282316477582,-362.30663329181255,-7.534547781686514,4367
-131.77120577661523,-362.56282659307317,-7.52880659973579,4368
-131.80850949816121,-362.81879094014806,-7.522040436039929,4369
-131.8447945872225,-363.07454311093977,-7.514406294951859,4370
-131.88011495953322,-363.33011665434327,-7.5060710708724265,4371
-131.9161716688599,-363.5843619429504,-7.497184196241095,4372
-131.9530186274072,-363.8371238598738,-7.48791680403959,4373
-131.99071609024764,-364.0882556738243,-7.478449766498538,4374
-132.02842305460626,-364.3388189595164,-7.468750605637654,4375
-132.06604438728124,-364.5889059647269,-7.458985347193666,4376
-132.1034849555152,-364.83862570801773,-7.449328170268787,4377
-132.14064959812646,-365.0869040419944,-7.439598725389408,4378
-132.17744317853425,-365.33366131788944,-7.429948287293765,4379
-132.21377056039802,-365.5788262724127,-7.420533641987812,4380
-132.2504442188273,-365.8223359922821,-7.411175179983855,4381
-132.28753709431007,-366.06413597899046,-7.40198438163581,4382
-132.32512847006996,-366.3041801192575,-7.393075822372264,4383
-132.36239636887615,-366.54363059923725,-7.384239890211006,4384
-132.39926468510436,-366.78268028324584,-7.375550718844569,4385
-132.43565731342454,-367.0215388059685,-7.367083196134933,4386
-132.47149814276008,-367.26021874388374,-7.358790275520898,4387
-132.50671106008977,-367.49853562755163,-7.350718667499765,4388
-132.5412199526719,-367.73632175785315,-7.3429150061973445,4389
-132.575856288978,-367.9714539954713,-7.335345287266348,4390
-132.61071204177358,-368.2042090514821,-7.328051509584915,4391
-132.64588552633288,-368.43486363681603,-7.3210749924956655,4392
-132.680573813862,-368.6656666564012,-7.314253668841625,4393
-132.71471981949003,-368.8964839503344,-7.307614464352481,4394
-132.74826645858295,-369.12719812891174,-7.301182114327568,4395
-132.7811566289061,-369.3567224780382,-7.294982324304821,4396
-132.8133332498237,-369.5851785840209,-7.2890220347372345,4397
-132.844739240786,-369.81269641821166,-7.283306071640234,4398
-132.87697102494843,-370.03941430668846,-7.277834008712494,4399
-132.9099842071346,-370.26547899145703,-7.2726198441330725,4400
-132.9437470773603,-370.4910455993315,-7.267675385876035,4401
-132.97658708558185,-370.71507775497935,-7.263003400774721,4402
-133.00848520351403,-370.93752514860455,-7.2586170294393675,4403
-133.0394224028045,-371.15833747028364,-7.254527147516199,4404
-133.06937967669717,-371.3786643261897,-7.250740371239903,4405
-133.09833800069683,-371.59867761264536,-7.247259182680832,4406
-133.12627835039265,-371.8185576110065,-7.244083798463056,4407
-133.15483518462418,-372.0372930431186,-7.2412465423574695,4408
-133.18400216026208,-372.25485875401733,-7.2387529653496765,4409
-133.21378561922558,-372.4712295883934,-7.236606579701883,4410
-133.2425511045551,-372.68758033216056,-7.234726239963798,4411
-133.2703176473131,-372.9041080357726,-7.233103062871083,4412
-133.2971042786396,-373.12101813469224,-7.231725522200728,4413
-133.32367587574518,-373.3363384257342,-7.230601169556437,4414
-133.34989607704617,-373.55027434711064,-7.229717197933478,4415
-133.37563486329657,-373.76302295161594,-7.229058309222254,4416
-133.4000227136366,-373.97695893542215,-7.228676455853948,4417
-133.42309768661752,-374.19227934808947,-7.228553807145411,4418
-133.44489784088333,-374.409189624226,-7.2286705689699895,4419
-133.46711471891152,-374.62670363892045,-7.22903935677271,4420
-133.489799060639,-374.84482139049635,-7.2296463148806875,4421
-133.51301429106383,-375.0635428769467,-7.230475850903336,4422
-133.5359289001006,-375.2828681093731,-7.231460483440842,4423
-133.5584636052115,-375.50279708802054,-7.23257884708047,4424
-133.58054546636072,-375.72332981289577,-7.233807462314051,4425
-133.60136200202263,-375.94446630127726,-7.235186754789321,4426
-133.62100834990247,-376.1662065495176,-7.2366837658949565,4427
-133.6395796476558,-376.38855055387904,-7.238263951570403,4428
-133.65791690151593,-376.61051220494494,-7.239942144299038,4429
-133.67595986051253,-376.8322969394163,-7.241704025337199,4430
-133.6936546160428,-377.05410180864425,-7.243533992870778,4431
-133.71095362108994,-377.2771015762314,-7.245463348378096,4432
-133.72781564802335,-377.50127108631204,-7.247472388186944,4433
-133.74420581174243,-377.72658518285255,-7.249540502560608,4434
-133.76009557074755,-377.953018712153,-7.251689392829212,4435
-133.77546272519538,-378.1805465183036,-7.253904640046638,4436
-133.79029141778037,-378.4091434452439,-7.256171221209744,4437
-133.80457209279342,-378.6365983221698,-7.258416514415743,4438
-133.81830157781957,-378.8628692226071,-7.26062768648253,4439
-133.83148304266658,-379.087897449584,-7.262790848158571,4440
-133.84487193075032,-379.3140073592467,-7.264967705864051,4441
-133.85832871148094,-379.541551129726,-7.267138988494413,4442
-133.87172653937787,-379.77088093889364,-7.269284971775921,4443
-133.88420534300076,-380.0009352407558,-7.271399052232998,4444
-133.89581902870952,-380.2314163615559,-7.273487588449176,4445
-133.90662784525594,-380.46201824223465,-7.275556486450044,4446
-133.9174442747706,-380.69264024917896,-7.277656746336771,4447
-133.92818586514133,-380.92338719710676,-7.279766845281049,4448
-133.93878284922621,-381.1543555153442,-7.281865260792294,4449
-133.94827054302993,-381.38661935903286,-7.283929251838418,4450
-133.9564364681529,-381.62005295440207,-7.285954564503879,4451
-133.96307448876124,-381.8545305275611,-7.287936869332323,4452
-133.96889241329336,-382.08894019118014,-7.289840136921363,4453
-133.97386487290527,-382.32336160539046,-7.291674970785986,4454
-133.9779791837197,-382.5578660449083,-7.293451597272081,4455
-133.98123534803253,-382.79251640164824,-7.295222335483051,4456
-133.98364605162422,-383.0273671786985,-7.296983557525678,4457
-133.98523666525236,-383.26246449375554,-7.298731635849221,4458
-133.98513762481213,-383.49784609634617,-7.300473766660092,4459
-133.98323159320438,-383.7335413365689,-7.30220832709324,4460
-133.9794075757509,-383.9695711792518,-7.303933770262708,4461
-133.97521444531438,-384.2069342687564,-7.305652380807327,4462
-133.97056657330066,-384.445429363179,-7.307370477023234,4463
-133.9653973588235,-384.68485522027163,-7.309094452407324,4464
-133.95800572533298,-384.9252244470289,-7.31079528317923,4465
-133.94835045042583,-385.16676344435746,-7.312486886535039,4466
-133.9363966542706,-385.40969861303347,-7.314182953145554,4467
-133.92376928532295,-385.6530564080013,-7.315908966239605,4468
-133.91045882934114,-385.89684102187186,-7.317662924677086,4469
-133.8964747996415,-386.1410482617441,-7.319442752032223,4470
-133.88093811670487,-386.3856655653828,-7.321239362029933,4471
-133.86372827113274,-386.63067197227923,-7.323056231262978,4472
-133.84473743852428,-386.8760381365249,-7.324896685671806,4473
-133.82387048043475,-387.1217263286952,-7.326794388321175,4474
-133.80104494243696,-387.36769043220437,-7.328754515329335,4475
-133.77619105510888,-387.6138759450809,-7.330782318670006,4476
-133.75090525844095,-387.8612060403267,-7.332811250996963,4477
-133.72515583396094,-388.10940400814366,-7.33484042369969,4478
-133.6989364334843,-388.35819313824487,-7.336868494727589,4479
-133.67061257758522,-388.6075105763588,-7.3389724254694375,4480
-133.640215981535,-388.85750725464385,-7.3411505449030985,4481
-133.60779104577156,-389.10833410503767,-7.343401332863021,4482
-133.57414072092794,-389.35894212866464,-7.345708821892196,4483
-133.53917938031844,-389.60926005249286,-7.348062107780479,4484
-133.502840424848,-389.8592082179913,-7.350450362047114,4485
-133.46507628294154,-390.1086985795372,-7.352836195025546,4486
-133.4258584106989,-390.3576347079304,-7.355214478743445,4487
-133.38517729181004,-390.6059117884588,-7.357579934454678,4488
-133.343788347307,-390.854616524332,-7.35993474610742,4489
-133.30156472719614,-391.1038495402679,-7.362288725226563,4490
-133.25840495180915,-391.3537114605178,-7.364651531928291,4491
-133.21257942112803,-391.60528903269073,-7.367014141974466,4492
-133.16402470709394,-391.8584774428944,-7.369368522272111,4493
-133.11269006698186,-392.11318026215645,-7.371706412557126,4494
-133.06019091654983,-392.3671234166964,-7.374201603995229,4495
-133.00651456793483,-392.620210476207,-7.376837189956564,4496
-132.95167370348292,-392.8723366248413,-7.379597471947142,4497
-132.89479879119813,-393.12557467973926,-7.3823154055766675,4498
-132.83578517581913,-393.37981982670027,-7.384966952169548,4499
-132.77454723000997,-393.6349756363518,-7.387528147756675,4500
-132.71176420398652,-393.88876804373405,-7.390038123461598,4501
-132.64723313266697,-394.14110062202934,-7.392481222357997,4502
-132.58077642118553,-394.39186855884424,-7.394842316146496,4503
-132.5122418867879,-394.6431446732119,-7.397198133048636,4504
-132.44150267539953,-394.8948241522469,-7.399541056451866,4505
-132.36845730348318,-395.14681056785156,-7.40186467685095,4506
-132.29228376906016,-395.39901588445645,-7.404072343738882,4507
-132.21308672259735,-395.65136044036666,-7.406153602894749,4508
-132.13098984250755,-395.9037729587466,-7.408098527816098,4509
-132.04688172259443,-396.15619053294535,-7.409871067333048,4510
-131.96076870386906,-396.4085586588998,-7.411467902552422,4511
-131.87268249786948,-396.66083121728093,-7.412886015665144,4512
-131.78251843231692,-396.9117705649391,-7.414188771213758,4513
-131.69003548405064,-397.1611251506852,-7.415368526085647,4514
-131.5950180003099,-397.4086434229447,-7.416418467285819,4515
-131.49743745555153,-397.6552737433315,-7.417340235451277,4516
-131.39745241339546,-397.9009867613455,-7.418144059569385,4517
-131.29524680800813,-398.1457615112576,-7.4188409982263765,4518
-131.1908682266315,-398.3905715083964,-7.419406617212616,4519
-131.08422786900144,-398.6352071250358,-7.41983995001241,4520
-130.97526230555684,-398.87947550337344,-7.420140632675873,4521
-130.86393346054422,-399.1222144606963,-7.420303937869419,4522
-130.75022864935139,-399.36347011598417,-7.4203402443207604,4523
-130.63416055792487,-399.60329697297914,-7.42026045835443,4524
-130.51576726052184,-399.8427440162435,-7.420091783675524,4525
-130.39511218026624,-400.0816770820893,-7.419838644313707,4526
-130.27228411099276,-400.31997877676173,-7.419506142365449,4527
-130.14648957290981,-400.5563485753205,-7.419077364467729,4528
-130.01770001906218,-400.790480420948,-7.418572036334494,4529
-129.88590593047766,-401.02207664170294,-7.418010335891538,4530
-129.75277034759705,-401.2520478346725,-7.4173606888923755,4531
-129.6183344959739,-401.4803353035768,-7.416638009734328,4532
-129.48267131445198,-401.706897121927,-7.41585728674077,4533
-129.34423194485072,-401.9317081628461,-7.415038643794489,4534
-129.20314006724854,-402.15476003910686,-7.41418766612679,4535
-129.05953838985695,-402.3760611335039,-7.413310088652495,4536
-128.91433453744398,-402.59563658671254,-7.412417556995185,4537
-128.76755388109825,-402.81352832486056,-7.411527659876656,4538
-128.6192471626301,-403.02979504399127,-7.410658135577497,4539
-128.46858287298286,-403.2445122299701,-7.409878986695058,4540
-128.3154944169584,-403.4577721219668,-7.409214407096663,4541
-128.15993422751305,-403.669683729208,-7.408689117848198,4542
-128.0027813653127,-403.8791728925125,-7.408231931977439,4543
-127.84419439370356,-404.08615995157913,-7.40787173057066,4544
-127.68435724660068,-404.2905736308443,-7.407637167287746,4545
-127.5225716417494,-404.49453706129884,-7.407462412529174,4546
-127.35890417550189,-404.6980125080979,-7.407344258694069,4547
-127.19344047248121,-404.9009873915329,-7.407278665806159,4548
-127.02703103677952,-405.1012882659724,-7.4072971493238775,4549
-126.85964415560558,-405.29893609498953,-7.407407711425204,4550
-126.69127348674306,-405.49396022688467,-7.407617749362527,4551
-126.52103047288062,-405.68858442102066,-7.407914251577241,4552
-126.34879143480646,-405.88287156831365,-7.408303256761271,4553
-126.17445172159181,-406.07690971483214,-7.408790046740016,4554
-125.99717980012109,-406.26961215655587,-7.409355701837625,4555
-125.81706446504263,-406.4608950399037,-7.409996148596405,4556
-125.63420719654647,-406.6506912813851,-7.4107064063351125,4557
-125.4503756731077,-406.8389505426772,-7.411530725498985,4558
-125.26570943072676,-407.0256392800597,-7.412464612935752,4559
-125.08037337612373,-407.2107407197125,-7.413503045530758,4560
-124.8936501639961,-407.3942548761227,-7.4146729014616355,4561
-124.70558736392769,-407.57619851845953,-7.415974103117111,4562
-124.51625157364647,-407.75660518592224,-7.417406269558418,4563
-124.32482079461121,-407.9355252016592,-7.4189324710294935,4564
-124.13123160182485,-408.11302564684695,-7.420538019338841,4565
-123.93543325584744,-408.2891903727924,-7.42220769658942,4566
-123.73904123160307,-408.46510607072327,-7.423968876326598,4567
-123.5420428422641,-408.6406846956803,-7.425813296860893,4568
-123.34445077187415,-408.8158633578015,-7.4277324680166625,4569
-123.14464954122008,-408.98940443222006,-7.429687291441344,4570
-122.94268988690223,-409.1610731326587,-7.431666682424061,4571
-122.7386352310667,-409.33065144298024,-7.433659102038796,4572
-122.5333075914821,-409.4991380244402,-7.435693758959622,4573
-122.3266403715721,-409.6665706104557,-7.4377623467827885,4574
-122.11858600304757,-409.83301208966344,-7.439856406247422,4575
-121.90837003508544,-409.9973505984899,-7.441917244029342,4576
-121.69613834526344,-410.1594771264734,-7.443933803279932,4577
-121.48204949670121,-410.31929943329214,-7.445894497433468,4578
-121.26702062764124,-410.476742040631,-7.447841218199173,4579
-121.05108027871336,-410.6317462513349,-7.449771326036141,4580
-120.83427601868753,-410.7842701383143,-7.4516820290815176,4581
-120.61576682016349,-410.93428855996103,-7.45356344726917,4582
-120.39547022949802,-411.0817931323591,-7.455418187419913,4583
-120.1733164786006,-411.2267922417654,-7.457248628656835,4584
-119.95015612361968,-411.3702971231403,-7.459042185329097,4585
-119.72611284242215,-411.51214426294797,-7.460791088859661,4586
-119.50132934114052,-411.65219530287374,-7.462487266801845,4587
-119.27505971397528,-411.7893509588347,-7.464092684470166,4588
-119.04731664831512,-411.9237286232365,-7.465617602182325,4589
-118.81812551709146,-412.0554624586378,-7.4670716750492865,4590
-118.58752439363971,-412.1856894931476,-7.468470842260973,4591
-118.35556401841893,-412.3143719926128,-7.469817861118197,4592
-118.12230781755909,-412.4414973782006,-7.47111495867063,4593
-117.88783191823106,-412.56806432435536,-7.472410835008147,4594
-117.65222511481363,-412.6939051272525,-7.473722374091613,4595
-117.41558888748679,-412.81888562356824,-7.475066231090779,4596
-117.1780373655345,-412.9407191762118,-7.476406877354045,4597
-116.93969739976662,-413.05932193191245,-7.477754357584847,4598
-116.70070852651554,-413.17462680755864,-7.479118111272044,4599
-116.46031537746484,-413.2887695156727,-7.480492940800446,4600
-116.2185147819929,-413.4017332870831,-7.481898477971526,4601
-115.97530991267327,-413.51353489319524,-7.483353597402508,4602
-115.7307102503459,-413.62203863678246,-7.484905120232111,4603
-115.48473165306878,-413.72731159971624,-7.486568708425667,4604
-115.23739632182988,-413.82943763414187,-7.488359494356461,4605
-114.9896404389778,-413.92950344161864,-7.490281194691492,4606
-114.74166696664395,-414.0274209752593,-7.492345891691447,4607
-114.49369155259853,-414.12312734350166,-7.494565061855149,4608
-114.24503491860561,-414.21757091624517,-7.496892403675744,4609
-113.99577000192839,-414.3105336789145,-7.499341595958901,4610
-113.74597608299135,-414.40183115749653,-7.5019252583086296,4611
-113.49573877044966,-414.4903263249348,-7.504672773304019,4612
-113.24515003380762,-414.57610722423857,-7.5075909287545075,4613
-112.99430818560487,-414.65928705383067,-7.510685604818668,4614
-112.74406378188124,-414.740990243219,-7.513833539987537,4615
-112.4943724248088,-414.8211748684174,-7.517057010711115,4616
-112.2452024022881,-414.899832545853,-7.520376328108027,4617
-111.9948811537615,-414.9757885403752,-7.523792186608119,4618
-111.74338964978179,-415.048879342924,-7.527324680807338,4619
-111.49070886130264,-415.118966599879,-7.530991789732077,4620
-111.23772738293962,-415.1859370950281,-7.534758011001921,4621
-110.9845942652066,-415.2497027836198,-7.538652038418864,4622
-110.73146490159723,-415.310200776211,-7.54269999708641,4623
-110.47759340270326,-415.36739335127544,-7.546896897442661,4624
-110.22297976919164,-415.4212679325064,-7.551265428711117,4625
-109.96762400211013,-415.4718370989928,-7.555825485026914,4626
-109.71243372646616,-415.51913856807965,-7.560553604102763,4627
-109.45757702286862,-415.56323522779525,-7.565481036644954,4628
-109.20322831488865,-415.6042151214393,-7.570635860645626,4629
-108.94866075789693,-415.6431775589877,-7.5760784492174915,4630
-108.693893379579,-415.6800554597538,-7.581823151850824,4631
-108.43894520810832,-415.7148152836023,-7.587881446895649,4632
-108.18458115929477,-415.74745701611795,-7.594194747803318,4633
-107.93066486898906,-415.77801420158767,-7.600791292293961,4634
-107.67706631610825,-415.80655392472283,-7.6076958428305295,4635
-107.42291591334083,-415.8319769014632,-7.6148815306503055,4636
-107.16825171573515,-415.8541950882752,-7.622367727097698,4637
-106.9131117786698,-415.8731455969551,-7.630169951396904,4638
-106.65753417790671,-415.8899906192277,-7.638428696616791,4639
-106.40155697290375,-415.9049397841565,-7.647154669720001,4640
-106.14521822359023,-415.9182362613579,-7.65635570652682,4641
-105.88855596938046,-415.9289568373297,-7.665926450740515,4642
-105.6316082678405,-415.93718955671153,-7.675883506367249,4643
-105.374413176859,-415.9430476194774,-7.686239700793659,4644
-105.117008737158,-415.94546946995126,-7.697087924640171,4645
-104.85943300368757,-415.94439641115974,-7.708424519216281,4646
-104.60172403159942,-415.93978651634916,-7.7202427292756575,4647
-104.34466578275924,-415.93281453423236,-7.732516780418305,4648
-104.08814092261801,-415.9236942874795,-7.745241261992342,4649
-103.83203845954368,-415.91266475404586,-7.758407515142395,4650
-103.57550785083143,-415.89977625782404,-7.772037996333234,4651
-103.31860617827348,-415.8848904424324,-7.786127428458029,4652
-103.06139052396989,-415.8678941068748,-7.800667512809812,4653
-102.80391798712557,-415.84989911980966,-7.815616362923402,4654
-102.54624565372515,-415.8310647972967,-7.830957470210565,4655
-102.28843061017793,-415.81158399592704,-7.846671077430031,4656
-102.03127581344074,-415.79048318549326,-7.862716487766545,4657
-101.77468295397522,-415.76780009887335,-7.879071162724833,4658
-101.51856006512811,-415.7435976242245,-7.89570916460636,4659
-101.2620756031004,-415.71577780219775,-7.912582374330414,4660
-101.0053056802572,-415.684437060237,-7.929679006021525,4661
-100.74832640901752,-415.6496802108137,-7.9469836492848795,4662
-100.49121394223425,-415.6147925479635,-7.964331147301026,4663
-100.23404439074169,-415.5797069891843,-7.981720748057462,4664
-99.97689386574548,-415.5443899924054,-7.999146865352596,4665
-99.71893082084364,-415.50665554660276,-8.016427001422644,4666
-99.46006328998976,-415.46652042805516,-8.033632807946864,4667
-99.20019296465958,-415.42401818313584,-8.050829442573297,4668
-98.94086870726531,-415.3791991035978,-8.06804387744792,4669
-98.6819922097804,-415.33213027617137,-8.085343381607377,4670
-98.42347150688082,-415.28289555749075,-8.102788427853021,4671
-98.16447509866536,-415.2325816758913,-8.120392842360026,4672
-97.90507909677343,-415.1811005915566,-8.138241569146722,4673
-97.6453596130514,-415.12838941978737,-8.156412302532672,4674
-97.38613863405149,-415.0734243183907,-8.17484620581745,4675
-97.12733688161126,-415.0163981532517,-8.193641910552087,4676
-96.86888142024505,-414.9575205600603,-8.212889666516165,4677
-96.60995978306993,-414.8980040615431,-8.232871224855511,4678
-96.35066711082278,-414.8378863935173,-8.253648191008388,4679
-96.09109854444887,-414.7772304469487,-8.275275373728524,4680
-95.83209509499405,-414.71492433451147,-8.297677724636197,4681
-95.57359650736203,-414.6508590528441,-8.320905120387808,4682
-95.31554886912252,-414.5849423684351,-8.344999659891812,4683
-95.05625109813934,-414.5170988469029,-8.370112611377188,4684
-94.79564928247281,-414.4472697957158,-8.396288676569633,4685
-94.53368316767451,-414.3754132924124,-8.423565610158587,4686
-94.27193967122086,-414.3015041657244,-8.452015487045035,4687
-94.01035853903275,-414.2255340327767,-8.481666319505234,4688
-93.74888585971104,-414.14751128062164,-8.512539474599881,4689
-93.48672817471093,-414.06746107206413,-8.544602616512032,4690
-93.22399965134807,-413.98542533078876,-8.577848114956584,4691
-92.96081445701887,-413.90146275046453,-8.612261392513714,4692
-92.69803265185271,-413.81564880452976,-8.648106538278835,4693
-92.43561300981082,-413.7280757270228,-8.685338094336032,4694
-92.17352064755693,-413.6388525220405,-8.723905920607802,4695
-91.9109811480085,-413.5490910741422,-8.763857091496584,4696
-91.64812770374155,-413.4587284855883,-8.805081111845254,4697
-91.38509350754939,-413.3677270139989,-8.847463785405726,4698
-91.12110412730928,-413.2760740865108,-8.890919641711305,4699
-90.8561246777571,-413.18378227375786,-8.935333086891612,4700
-90.59011393125164,-413.0908893018338,-8.980585052589792,4701
-90.3239319266486,-412.996258123741,-9.026554985664662,4702
-90.05769282755209,-412.8997545674031,-9.073120730886579,4703
-89.79151079766811,-412.8012612309585,-9.120156658991109,4704
-89.52475411330641,-412.70067749807697,-9.16764214991091,4705
-89.25769233179808,-412.59791950406117,-9.215426276923877,4706
-88.99058866799437,-412.49292015455967,-9.263355545379602,4707
-88.72279238092575,-412.38661523663313,-9.311339846463888,4708
-88.45438591959086,-412.27876576167006,-9.359215317605276,4709
-88.18543904801432,-412.16915789668434,-9.406816056373287,4710
-87.91691647578496,-412.05781677953314,-9.454067480295857,4711
-87.6490306812171,-411.94500652990837,-9.500809882650191,4712
-87.38198780026495,-411.83101642308475,-9.546882196269992,4713
-87.11897118373959,-411.71721233588465,-9.591789244368108,4714
-86.85955269729585,-411.60277042830273,-9.635496146521145,4715
-86.59828845272399,-411.48320682800306,-9.678523282940374,4716
-86.33583730579258,-411.3597434679367,-9.7210776022037,4717
-86.07283431039252,-411.2326308418557,-9.76306713747552,4718
-85.80989073585762,-411.10213411810986,-9.80440282823465,4719
-85.54724588059057,-410.97075185023067,-9.844863432052328,4720
-85.28517881682728,-410.83831633016564,-9.884419359342841,4721
-85.02394324678377,-410.7046933910244,-9.92304267987783,4722
-84.76542099101752,-410.56759637924984,-9.960767786142343,4723
-84.50982769720649,-410.42694144204205,-9.997612725609288,4724
-84.25736632799594,-410.2826614973073,-10.033597508026613,4725
-84.0065736752052,-410.13689227515454,-10.068909901880568,4726
-83.75761464738557,-409.98961700770616,-10.103611553401784,4727
-83.5106287830823,-409.8408524683347,-10.137767202713162,4728
-83.26663784768544,-409.6884629364532,-10.171266913776824,4729
-83.02589871773404,-409.5325154938359,-10.204159151242497,4730
-82.7886492421397,-409.37309399301665,-10.236494191107498,4731
-82.55531948719604,-409.2142434150419,-10.267972716930288,4732
-82.32570807064062,-409.05525941917966,-10.29876010633746,4733
-82.09680063436048,-408.89105062171654,-10.32972661180639,4734
-81.86985444254033,-408.7219377402834,-10.360877019680977,4735
-81.64534757185639,-408.54825408153573,-10.392229612094722,4736
-81.42372480052431,-408.3703455306282,-10.423807276534202,4737
-81.20616824380507,-408.1900496692532,-10.455360228878359,4738
-80.9925383668065,-408.0074293935518,-10.486974086077742,4739
-80.78267026450558,-407.822572755684,-10.518736728993238,4740
-80.57578951011303,-407.63559296711065,-10.550725577865387,4741
-80.37215932385868,-407.44662838611475,-10.583027183548834,4742
-80.17201121325844,-407.255842527047,-10.615730285370606,4743
-79.97724797572562,-407.0663822712212,-10.648008075868148,4744
-79.78732573294917,-406.87784514947,-10.680059836476218,4745
-79.59907411844311,-406.68692078289763,-10.712683552813555,4746
-79.41336903196844,-406.49272367773415,-10.745726076210396,4747
-79.23030878504095,-406.2953712270701,-10.779210124281448,4748
-79.04995997682347,-406.0949976000628,-10.813236665042467,4749
-78.87235749372928,-405.89175372896204,-10.84780844331519,4750
-78.69750450871794,-405.685807317537,-10.882927222908279,4751
-78.52406716557182,-405.475863726767,-10.91884916648505,4752
-78.35225715331585,-405.26243235013345,-10.955531672363085,4753
-78.18224334778199,-405.04602677455983,-10.992924525939536,4754
-78.01415181232598,-404.8271647801604,-11.03097877763874,4755
-77.85027873734651,-404.60784743608275,-11.069281381958351,4756
-77.69056069899422,-404.3882927564294,-11.10781526240676,4757
-77.53490890315099,-404.16873552586793,-11.146561680815926,4758
-77.38246329412296,-403.9492134835552,-11.18547287655369,4759
-77.2332397259854,-403.7295673091067,-11.224511259664723,4760
-77.08722233995209,-403.509654452757,-11.26363742760027,4761
-76.94548242388872,-403.29252120014314,-11.302308875736248,4762
-76.80770760304034,-403.07786988455547,-11.340578477447286,4763
-76.67188502810488,-402.8617469739425,-11.379292426977077,4764
-76.53437703104485,-402.6405093941096,-11.418914128508497,4765
-76.39446768894709,-402.41394647528824,-11.459427693297881,4766
-76.25750574605497,-402.1863282586417,-11.5001410653569,4767
-76.12434555921298,-401.9589791610912,-11.540868655506662,4768
-75.99514648908328,-401.7323425389902,-11.581489422901067,4769
-75.87005362564182,-401.50688061548954,-11.621881986015676,4770
-75.74851705508709,-401.2813607939368,-11.66230102497643,4771
-75.63052725999513,-401.0555776314856,-11.702641793947409,4772
-75.51605569522795,-400.8293340708637,-11.742802038480624,4773
-75.40414717739375,-400.60364136909607,-11.78271701566956,4774
-75.29456703034802,-400.3785414505125,-11.822320397109838,4775
-75.1870552077388,-400.1540930102576,-11.861548496331967,4776
-75.08148801824863,-399.9291715986351,-11.900406346190001,4777
-74.97787814467378,-399.7036472417222,-11.938830306628923,4778
-74.8762128995296,-399.4773983512717,-11.976759908570676,4779
-74.77720014007208,-399.25348379701376,-12.013681713580256,4780
-74.68062104478582,-399.0316101037886,-12.049649348380578,4781
-74.58511890405298,-398.80781952950633,-12.085355214457605,4782
-74.48930845739075,-398.5778564377857,-12.121264128098854,4783
-74.39288525674552,-398.34137809030364,-12.157400747974606,4784
-74.2989104364286,-398.1034098409043,-12.192938900394122,4785
-74.20875261601134,-397.86972293766786,-12.227241348548752,4786
-74.12241416931913,-397.63983942551107,-12.26030138256817,4787
-74.03840090599182,-397.40988034576066,-12.292194945254947,4788
-73.9549743114441,-397.1783875550407,-12.32321811658848,4789
-73.87204241841516,-396.945390404517,-12.353401549657733,4790
-73.78985447216117,-396.70920095494915,-12.382692706238197,4791
-73.70999263553942,-396.4702248243612,-12.411131078017913,4792
-73.63253143818109,-396.2288613586986,-12.438765319377366,4793
-73.55752955315724,-395.9855036152493,-12.465644349631987,4794
-73.4818531339457,-395.74211568232937,-12.492377834653931,4795
-73.40494085088845,-395.4973328968065,-12.519234444883033,4796
-73.32899705974015,-395.2499515435708,-12.546226872046482,4797
-73.25405030279545,-395.00001774343775,-12.573396148107134,4798
-73.18011009467776,-394.7475860027835,-12.600785947409992,4799
-73.1064210349918,-394.49271921557647,-12.628363114117244,4800
-73.03310997597133,-394.2354886562973,-12.65615489844392,4801
-72.96027839960034,-393.97597398501506,-12.684190664545806,4802
-72.89033667076177,-393.7170491750815,-12.712182187180277,4803
-72.82347427603601,-393.45893852635754,-12.740107374654801,4804
-72.75987277403786,-393.20189568689057,-12.767944001535865,4805
-72.69895989935243,-392.9452175668558,-12.795705293966542,4806
-72.63946839368491,-392.68762210415133,-12.823661296144774,4807
-72.5814109441142,-392.429314736983,-12.851837816832354,4808
-72.52477486817428,-392.1705092931088,-12.880325083770796,4809
-72.47042972389546,-391.91022805220837,-12.909108137464532,4810
-72.4184801637105,-391.64847939942695,-12.938201170651446,4811
-72.36901181211256,-391.38527171938847,-12.967603186265812,4812
-72.32072981370987,-391.1182136134982,-12.997920809310978,4813
-72.27342961695085,-390.846869063653,-13.029287556875431,4814
-72.22892030839374,-390.57429880474865,-13.061039507920679,4815
-72.18731843753447,-390.3010719746735,-13.093107881525647,4816
-72.14872628312352,-390.02776400042694,-13.125425029174565,4817
-72.113231853166,-389.75495659811963,-13.157924434756975,4818
-72.07910936864229,-389.4867752622132,-13.190179156823067,4819
-72.04652531720284,-389.2227231720325,-13.22222580363066,4820
-72.0159905574898,-388.95888991651833,-13.254347760036785,4821
-71.98753679113969,-388.69437324000234,-13.286363725450121,4822
-71.96117036049253,-388.42925699112084,-13.31822446750564,4823
-71.93687224859265,-388.1646111211352,-13.349986187326376,4824
-71.9145980561933,-387.9003140455338,-13.38165098300075,4825
-71.89427801267874,-387.6362525616381,-13.41315917780541,4826
-71.87581696765629,-387.3713357565762,-13.444451532440558,4827
-71.86000203503599,-387.10567262254654,-13.4754150794464,4828
-71.84685541374756,-386.8393721623654,-13.505981256243455,4829
-71.83563438947314,-386.57254338871,-13.536117025967403,4830
-71.82557085867779,-386.30289551356634,-13.56634082091616,4831
-71.81661090589316,-386.030093133049,-13.596687053705056,4832
-71.81077626002623,-385.75828369682023,-13.626451896142479,4833
-71.80804631076667,-385.487931527129,-13.655527163380503,4834
-71.80838459150446,-385.21951562040556,-13.683803990453978,4835
-71.81099290374802,-384.9545157527946,-13.711208299177342,4836
-71.81459696979894,-384.68693531630305,-13.738254930604102,4837
-71.81900967477873,-384.4159336998118,-13.764943013401309,4838
-71.82508158196055,-384.1438629284572,-13.791181743271528,4839
-71.83305370938436,-383.87082362110107,-13.816957407722372,4840
-71.84314170485366,-383.59691639708825,-13.84225969226133,4841
-71.8558279432316,-383.32434173704274,-13.867219705299085,4842
-71.87103790374852,-383.0535891264165,-13.891845515270104,4843
-71.88867486683729,-382.78516272521716,-13.91614960694864,4844
-71.90787402905038,-382.5195813772092,-13.940175527953006,4845
-71.92864960819881,-382.25107904445616,-13.964295971601343,4846
-71.95098732779361,-381.97903732635905,-13.988597444551367,4847
-71.97529821663294,-381.7070081477327,-14.012621934341023,4848
-72.0015949601596,-381.435092129781,-14.03635758085317,4849
-72.02986487359402,-381.16338989418347,-14.059795846470273,4850
-72.06097753488528,-380.89298814976314,-14.082927597268748,4851
-72.09503759482075,-380.6237820802984,-14.105743249226665,4852
-72.13213067662966,-380.35567525514995,-14.128236540258717,4853
-72.1714157329243,-380.0863936274063,-14.150450991620216,4854
-72.21277225332899,-379.81584076854824,-14.172381589625925,4855
-72.25605435717738,-379.5439118653853,-14.194027021111271,4856
-72.30199842799674,-379.27169362752375,-14.215373009911211,4857
-72.35057592470285,-378.9992866768379,-14.23641207551882,4858
-72.40173927858072,-378.7267916356322,-14.257140361865238,4859
-72.45467600832458,-378.45430913321263,-14.277544168816132,4860
-72.50945588232447,-378.18193978947784,-14.297599932795803,4861
-72.56612329878179,-377.9097842248186,-14.317287714741237,4862
-72.62469728635148,-377.63794306038454,-14.33659505068594,4863
-72.68517150282088,-377.3665169179282,-14.355516951387886,4864
-72.74751423579389,-377.09560641969574,-14.374052052119161,4865
-72.81166840304236,-376.825525999726,-14.392032831500487,4866
-72.87755155545221,-376.556803922058,-14.409419733694769,4867
-72.94505587371444,-376.28996845115415,-14.426175694833024,4868
-73.01404817870323,-376.0265339465,-14.442239449519853,4869
-73.08573129428126,-375.7614236254981,-14.45810339504501,4870
-73.1601733969485,-375.4939687746015,-14.473839373173014,4871
-73.23622714942633,-375.22767104085216,-14.48926675223714,4872
-73.31400037542957,-374.96258073518567,-14.50440383696881,4873
-73.393575528521,-374.6987481690659,-14.519273085132719,4874
-73.47575556426469,-374.43502372083856,-14.533762639605019,4875
-73.56041680060115,-374.1712354962406,-14.54788111915089,4876
-73.64741652778957,-373.9072032162446,-14.56164031447223,4877
-73.7358471254369,-373.64295204652575,-14.575055181987796,4878
-73.82568322529579,-373.37871258044953,-14.588143828836044,4879
-73.91687408887772,-373.1147070266826,-14.60092753414989,4880
-74.00950535439729,-372.8521353005487,-14.61336971558689,4881
-74.10379901123235,-372.59099740099737,-14.62549370032795,4882
-74.1999516786179,-372.33129332742766,-14.637325534059784,4883
-74.29797285881774,-372.0720369838833,-14.648877458689356,4884
-74.39768496185319,-371.8134338097281,-14.66016739588341,4885
-74.49888502750747,-371.5556808595971,-14.671215910791258,4886
-74.60225234519606,-371.29875296971613,-14.681994119979336,4887
-74.70770128762628,-371.04240277949236,-14.692521744830588,4888
-74.81512719984076,-370.78637454352116,-14.70282077264641,4889
-74.924568137504,-370.53061795167145,-14.712904636168458,4890
-75.03620486511998,-370.2752881290044,-14.72279782451825,4891
-75.15019911953497,-370.02053181576923,-14.73252701722192,4892
-75.2657859883854,-369.7664873735474,-14.742068998149884,4893
-75.38292107487304,-369.51328477415626,-14.751448675748348,4894
-75.50153461197445,-369.2610456046451,-14.760692771431746,4895
-75.62243908358433,-369.00988305644825,-14.769797396119758,4896
-75.74568205991352,-368.75990194493045,-14.778786892431759,4897
-75.87129208351443,-368.5111987006122,-14.787687189377802,4898
-75.99927867014779,-368.26386137196897,-14.796573300410405,4899
-76.1296323065092,-368.0179696184185,-14.805451676337189,4900
-76.26232445164464,-367.7735947145614,-14.81433080736796,4901
-76.39730752575687,-367.529599635333,-14.823270716968807,4902
-76.5345149298572,-367.2858166775152,-14.832265186816022,4903
-76.67386103723163,-367.0420613679299,-14.841310491492262,4904
-76.81449532224482,-366.7993323925469,-14.850459789172355,4905
-76.95644949689594,-366.5576339418054,-14.85968597382981,4906
-77.09972990299993,-366.3169618214555,-14.86896496044541,4907
-77.24506339685331,-366.077303444545,-14.87827877856185,4908
-77.3922501869033,-365.83863784828804,-14.887595985136226,4909
-77.54107145397091,-365.6009356851439,-14.896888233555106,4910
-77.69145108715055,-365.3641592176656,-14.906054642221763,4911
-77.84345568199016,-365.12826232442427,-14.915059047403426,4912
-77.99713280641865,-364.8931904992146,-14.923867853291402,4913
-78.15325688561398,-364.65888084552523,-14.932498267920272,4914
-78.31168203939643,-364.4252620891472,-14.940920285099637,4915
-78.47224970252647,-364.1922545710457,-14.94910684399125,4916
-78.63404275263376,-363.9609701711662,-14.956990551592622,4917
-78.7970326487347,-363.7315346654726,-14.964542219201586,4918
-78.96117182231929,-363.5040738303282,-14.971735301055865,4919
-79.12639366534084,-363.27751352527883,-14.978551739978153,4920
-79.29261255176944,-363.0517573210213,-14.984981840364059,4921
-79.45972382796589,-362.8267004034847,-14.991018550038147,4922
-79.62851142089791,-362.60124346444326,-14.99658572497042,4923
-79.7990007015034,-362.37547035470743,-15.001675281462123,4924
-79.97120435557012,-362.14944815505515,-15.006281251125701,4925
-80.14421477514516,-361.9242132828991,-15.010419419471303,4926
-80.31785119517481,-361.6995938438987,-15.014088212812018,4927
-80.49191382299605,-361.47540955892737,-15.017288323380875,4928
-80.66634558750921,-361.25267168128477,-15.02002263918488,4929
-80.84123211306161,-361.03140536555827,-15.02229636692611,4930
-81.01663999649182,-360.8116357667288,-15.024116978753252,4931
-81.19427029869244,-360.59218810544473,-15.025515869047341,4932
-81.37416424416661,-360.37286533058784,-15.026509054851624,4933
-81.5563567149316,-360.1534620061324,-15.027114969982755,4934
-81.73996864279925,-359.9349642366947,-15.027321993896873,4935
-81.924854148935,-359.71737202471047,-15.027147380349716,4936
-82.11085466954806,-359.5006853729326,-15.026610572959925,4937
-82.29705306023972,-359.2837043777194,-15.025770725602806,4938
-82.48342077693661,-359.0662068332508,-15.024648123207948,4939
-82.66991024797949,-358.8479621489477,-15.023265543144673,4940
-82.85810839036058,-358.6299312487819,-15.021648165086173,4941
-83.04794226457962,-358.4120889795566,-15.019823738148578,4942
-83.23933258874537,-358.1944101883443,-15.017822503244165,4943
-83.43144786733875,-357.9778558281301,-15.015687953130943,4944
-83.6243515232067,-357.7621953079139,-15.01345732187166,4945
-83.81809429436397,-357.5472064222166,-15.011170410452445,4946
-84.01346010516781,-357.33168924459613,-15.008842993962833,4947
-84.21031893376964,-357.1156437792976,-15.006525546936192,4948
-84.40853441593204,-356.89907003082845,-15.004270884701668,4949
-84.60721796060034,-356.68196800756874,-15.002036934954853,4950
-84.80637591049646,-356.46433771144586,-14.99986318477264,4951
-85.006001923402,-356.24617914468956,-14.997790782601358,4952
-85.20682286671297,-356.02847839227576,-14.995784917922991,4953
-85.40865163282571,-355.81103002108864,-14.993872218750955,4954
-85.61129477184024,-355.5936369833777,-14.99208044540579,4955
-85.81471421441846,-355.37512451425414,-14.990337454429657,4956
-86.01902729784928,-355.15551776795587,-14.988647546232947,4957
-86.2243450170249,-354.93484189888653,-14.987015474489453,4958
-86.42986440481643,-354.7131220703312,-14.9854209983942,4959
-86.63551569308228,-354.4903834380397,-14.983858076999988,4960
-86.84121642873119,-354.26665115799045,-14.982320971701423,4961
-87.04777910551076,-354.0429364723527,-14.980804180737408,4962
-87.25526397503792,-353.81905909881914,-14.979302578768127,4963
-87.46372494664072,-353.59484714041207,-14.977811342258118,4964
-87.6723019550979,-353.3691509969961,-14.976275844134939,4965
-87.88086814966289,-353.14202098048685,-14.974689552086716,4966
-88.08928399463929,-352.91350740301164,-14.973045858639056,4967
-88.2983049013138,-352.6846466632414,-14.971346894721114,4968
-88.50793403860297,-352.45528363486,-14.969584061246936,4969
-88.71816823313553,-352.2252715768675,-14.967748758933082,4970
-88.92899795687687,-351.99348603893407,-14.965855975947212,4971
-89.14040735416265,-351.7600024875939,-14.963904953097412,4972
-89.35237422693669,-351.5248963895358,-14.961895082456769,4973
-89.56487006210091,-351.2904292281421,-14.959874032235554,4974
-89.77785997622841,-351.05669324046835,-14.95783994742201,4975
-89.99130274371336,-350.82379743408654,-14.955791500855293,4976
-90.20515077016032,-350.5896815731368,-14.953726088815065,4977
-90.41935014521587,-350.3544714354675,-14.951639590055859,4978
-90.63384061614421,-350.118292799105,-14.949528412110997,4979
-90.84946321843633,-349.88225752381567,-14.947318393559671,4980
-91.06631308919168,-349.6462859499358,-14.94502180618966,4981
-91.28448536577892,-349.4103068030439,-14.94265084601548,4982
-91.5031675542975,-349.1732711094992,-14.940235456693514,4983
-91.72228671729812,-348.93532980357946,-14.937783973721476,4984
-91.9417635749447,-348.69663381971725,-14.935304808367137,4985
-92.1607666228722,-348.45733410352966,-14.932824217087399,4986
-92.37935928812628,-348.21758158726686,-14.930347060198748,4987
-92.59759231283252,-347.9775272034288,-14.927878424890284,4988
-92.81715725386849,-347.73732185978815,-14.925346793208504,4989
-93.03809216845879,-347.49711648936113,-14.922760952233698,4990
-93.26043511398457,-347.25706202522105,-14.920129311720926,4991
-93.48480827370602,-347.01583024683407,-14.917455532946367,4992
-93.71077084729501,-346.7738802484446,-14.914748186002551,4993
-93.93788837693435,-346.53165854650064,-14.912015426470415,4994
-94.16664034984595,-346.28839915028396,-14.909265047851815,4995
-94.39117901234418,-346.04873871832103,-14.906464281960371,4996
-94.6124287793381,-345.8119309586925,-14.903628406012988,4997
-94.83447387647536,-345.5745018403965,-14.900795568633768,4998
-95.05714623103619,-345.33678258083125,-14.89798734783797,4999
-95.2802714277928,-345.09909601234904,-14.895224718346723,5000
-95.50383045810551,-344.86274267611526,-14.892501360763033,5001
-95.7279596880744,-344.6278231935777,-14.889842598236038,5002
-95.95278914141412,-344.3944381863071,-14.88727292367944,5003
-96.1782807486508,-344.16148835982915,-14.884831899363157,5004
-96.40422837587312,-343.9288521325343,-14.882534824064656,5005
-96.63041954667352,-343.6963995377649,-14.880396317780862,5006
-96.85679717837924,-343.46420604276125,-14.878390940175413,5007
-97.08345958423794,-343.23255254993074,-14.876531623113422,5008
-97.31049873499282,-343.00171157662857,-14.874830317667392,5009
-97.53874614022645,-342.7719472439017,-14.873285252102415,5010
-97.76812569307877,-342.5435153006154,-14.87190056650343,5011
-97.99856128671605,-342.3166631104895,-14.870679344557756,5012
-98.22923093113253,-342.0914158412949,-14.86963251775254,5013
-98.46021390536622,-341.8675764402231,-14.86875922714075,5014
-98.69158314596248,-341.6449394694143,-14.868057632996639,5015
-98.92340524836128,-341.4235049299512,-14.867564267735945,5016
-99.15574046937213,-341.2034782573117,-14.867275608499737,5017
-99.38864272330238,-340.98505650194045,-14.867187453642737,5018
-99.62290544739778,-340.7672283990957,-14.867266412990459,5019
-99.85841447566561,-340.5499520242173,-14.86750864025943,5020
-100.09505564202968,-340.3331686824393,-14.867909384224959,5021
-100.3327148100445,-340.1189889239013,-14.868491433324447,5022
-100.57127781284265,-339.90733728314046,-14.869246525839783,5023
-100.8106304837047,-339.6981382947408,-14.870165720717397,5024
-101.04991274322309,-339.489130487158,-14.871180476644977,5025
-101.28916581660411,-339.2802216221788,-14.872280038996864,5026
-101.52842458643228,-339.07130269136553,-14.87345252180215,5027
-101.7684634749119,-338.86246172723366,-14.87469183502301,5028
-102.00914929277218,-338.6539838263074,-14.875978108859558,5029
-102.25034885063536,-338.4461373147979,-14.87729041754476,5030
-102.49118307691838,-338.23895994199546,-14.878684360165307,5031
-102.7316741678755,-338.0322588482144,-14.880154774854375,5032
-102.97183797714321,-337.82582440357896,-14.881695972410306,5033
-103.21242991129917,-337.62063011079465,-14.883226775516002,5034
-103.45329774938246,-337.41665500903616,-14.884747527587304,5035
-103.69428927044228,-337.21386975233315,-14.886257440127405,5036
-103.93615985525196,-337.01125050099193,-14.887750779156551,5037
-104.17892536264793,-336.8089565725216,-14.889216777355644,5038
-104.42260799388602,-336.6071305140302,-14.890643535831263,5039
-104.66632868990258,-336.40688421087793,-14.892027612489642,5040
-104.90995425635475,-336.2081212357184,-14.893374111077234,5041
-105.15335149890444,-336.01073677606007,-14.894687003423302,5042
-105.39382613239637,-335.8164175476947,-14.895983354928598,5043
-105.6310642040877,-335.6253752802594,-14.897264008331808,5044
-105.86473273381176,-335.437825896276,-14.898528787339428,5045
-106.09522558146945,-335.2530034057513,-14.89980317299494,5046
-106.32882337513207,-335.06593783430196,-14.901128193936257,5047
-106.56624757092351,-334.87605478809166,-14.902504323179354,5048
-106.80326269672035,-334.6885237840533,-14.903959914705744,5049
-107.03973555964468,-334.5033699794801,-14.905492817530227,5050
-107.27553296694818,-334.3206185317387,-14.907100654320244,5051
-107.51142931144699,-334.1381085747268,-14.908839971721216,5052
-107.7474594775193,-333.9558484930775,-14.91070839078323,5053
-107.98366469196795,-333.77382990109203,-14.912703760000182,5054
-108.21918492065632,-333.59301374670355,-14.914738430934813,5055
-108.45390599456546,-333.4131526692036,-14.91681581615666,5056
-108.68771374468238,-333.23399092277447,-14.918938875825663,5057
-108.92140163611072,-333.0564642848926,-14.92117604271585,5058
-109.1550235795796,-332.88052244365343,-14.92352410978183,5059
-109.38863982848325,-332.70611508715126,-14.925979945533292,5060
-109.62140934652265,-332.53220581987796,-14.928538633849254,5061
-109.85323699807596,-332.3589497685117,-14.931193335407999,5062
-110.0840276475201,-332.1864936746484,-14.933937286976485,5063
-110.31459377373008,-332.01476205979145,-14.936761873592214,5064
-110.5450083113206,-331.84345724883497,-14.939656652739805,5065
-110.77535053744977,-331.6722731815004,-14.94261125789945,5066
-111.00570608847777,-331.5020953296766,-14.945611483958219,5067
-111.23616692925381,-331.3328230690769,-14.948639402931237,5068
-111.46683136728846,-331.16435577540943,-14.951677162383598,5069
-111.69764231734374,-330.9965928263713,-14.95472859496122,5070
-111.9283873030064,-330.829433602539,-14.957780006094547,5071
-112.15886019051874,-330.6627774844815,-14.960817927754759,5072
-112.38811529058353,-330.49532394739435,-14.963843102474666,5073
-112.6161145427556,-330.32675016149784,-14.966831122892533,5074
-112.84281988660213,-330.1567249119433,-14.969757959748602,5075
-113.06910089598415,-329.98610850627097,-14.972658933178794,5076
-113.2950875903622,-329.814775163833,-14.97551120814953,5077
-113.5209163318687,-329.6425991040127,-14.978292780191914,5078
-113.74582222456083,-329.4706544711048,-14.980863149567522,5079
-113.96978624206133,-329.29903769461106,-14.983218309800343,5080
-114.1927893582405,-329.12785358927727,-14.985354103121008,5081
-114.41572014717066,-328.9560154286728,-14.987365862317874,5082
-114.63872765627255,-328.78342258743817,-14.989232638215272,5083
-114.86196727563588,-328.6099744402352,-14.990934161197169,5084
-115.08469312314517,-328.43557037886774,-14.992524561300316,5085
-115.3069051969699,-328.26010978081797,-14.993995085419128,5086
-115.5286034954284,-328.083492023711,-14.995338188628365,5087
-115.74978804989455,-327.9078024952998,-14.996472538528812,5088
-115.97045885866976,-327.73295734394657,-14.997400102109193,5089
-116.190615920459,-327.5588894884662,-14.998123449660397,5090
-116.41025920137788,-327.38336260820785,-14.99872652606059,5091
-116.62938870068581,-327.20632639255194,-14.999217563527626,5092
-116.84800441779258,-327.0277305310217,-14.999606002461183,5093
-117.06701398363869,-326.84851079343883,-14.999864984119904,5094
-117.28658547113922,-326.66841143030484,-15.000009920843613,5095
-117.50689329602235,-326.4871850773218,-15.000057130611708,5096
-117.72721061998146,-326.30579268792263,-15.000044651631494,5097
-117.94755647004861,-326.1242258766591,-14.999973502868547,5098
-118.16794987367632,-325.9424930285616,-14.999845835110019,5099
-118.38915572020599,-325.75941936729595,-14.999643370168936,5100
-118.61103764234694,-325.57482461402657,-14.999366534955934,5101
-118.83346561561852,-325.38853687511056,-14.999016737513697,5102
-119.05557009656734,-325.20159257168945,-14.998581664380861,5103
-119.27738914088508,-325.01405878415864,-14.998054968858556,5104
-119.49896080468547,-324.8260193633795,-14.997431209568397,5105
-119.7203231269586,-324.6363750155405,-14.996761859546094,5106
-119.94151416104863,-324.44502092589516,-14.996057153682989,5107
-120.16257196060049,-324.2518606650119,-14.995328610136823,5108
-120.38428045854397,-324.05680617296207,-14.994534993907568,5109
-120.60652231686663,-323.85977779286463,-14.993680388255601,5110
-120.82918654036823,-323.66070425302456,-14.992769782074234,5111
-121.0514226152795,-323.4607225964951,-14.991789339388577,5112
-121.27328762677354,-323.26000052605724,-14.990745694351446,5113
-121.49483866045033,-323.0587225149493,-14.989646235439391,5114
-121.71687868058858,-322.8568759722347,-14.988506057039956,5115
-121.93930937440696,-322.65425127054374,-14.987328380183696,5116
-122.16203877208355,-322.45065555285703,-14.986117255616758,5117
-122.38498122878947,-322.24492663417146,-14.984838246148215,5118
-122.60805746378065,-322.03711063461935,-14.983496749230099,5119
-122.8311945391219,-321.827262059496,-14.982098690441369,5120
-123.05341824408904,-321.6154438127275,-14.980632781994817,5121
-123.27450024916527,-321.40172717261515,-14.979109707952308,5122
-123.49421222511675,-321.1861918027168,-14.977540529616174,5123
-123.71323347390381,-320.96991182915605,-14.975857886507365,5124
-123.93150373971493,-320.75277824637345,-14.97407299700252,5125
-124.14896910968224,-320.5346988191036,-14.972196852172562,5126
-124.36558201400922,-320.3155980822455,-14.970243318988418,5127
-124.5813012250146,-320.09541734024106,-14.968209531810594,5128
-124.79609185796454,-319.8741146678286,-14.966092473198389,5129
-125.00992537366517,-319.65166491674614,-14.964025579513956,5130
-125.22277957317385,-319.42805970305125,-14.962023838408609,5131
-125.43463860051567,-319.203307413147,-14.960103067259256,5132
-125.64549292283318,-318.97644710150666,-14.958163039394718,5133
-125.85533937299316,-318.74772613076766,-14.956203062836206,5134
-126.06418112666606,-318.5174002486987,-14.954222445223703,5135
-126.27277360041138,-318.28671967354313,-14.952280657798582,5136
-126.48097725954975,-318.0557514884067,-14.950360221066173,5137
-126.68866525487825,-317.8245795466081,-14.948444183122614,5138
-126.89497752336356,-317.592104567099,-14.946518868657751,5139
-127.09996797464679,-317.3582217348578,-14.944593341901212,5140
-127.30369686119451,-317.1228346200142,-14.94267711972945,5141
-127.50697669503612,-316.88804117769894,-14.940774271245955,5142
-127.70972502209595,-316.65377852071566,-14.938883668262854,5143
-127.91187207392565,-316.42000891724365,-14.93700463427461,5144
-128.11336072947446,-316.1845337764108,-14.935133950070735,5145
-128.31414659138377,-315.947348907288,-14.933285244802377,5146
-128.51419794762867,-315.7084585039759,-14.931472524635836,5147
-128.7134957699055,-315.4678751419667,-14.929645346531387,5148
-128.91203371617942,-315.22561978461925,-14.92780646535319,5149
-129.10981812973927,-314.98172178029716,-14.925958559968949,5150
-129.3059604429114,-314.7372049743608,-14.924121960931036,5151
-129.50032428861158,-314.49191005099715,-14.922295508199584,5152
-129.69277964271663,-314.24569446468195,-14.920478116459414,5153
-129.8841104374548,-313.9984324225343,-14.918629390808865,5154
-130.07436741089768,-313.7500149165526,-14.91674808953154,5155
-130.26361398659054,-313.5003497088994,-14.914832743507237,5156
-130.45267213398105,-313.24837522225897,-14.912892492106046,5157
-130.64147525952887,-312.99423819859066,-14.910927405031858,5158
-130.82997579751964,-312.7380937647325,-14.90893740035741,5159
-131.01723761273126,-312.4810915415603,-14.906877819651143,5160
-131.20308311439817,-312.2231979921605,-14.904757539372902,5161
-131.38734739720883,-311.9643963497567,-14.902584906563936,5162
-131.5707858554597,-311.7046866026729,-14.90038740413838,5163
-131.75342703100912,-311.44408552136684,-14.898172467435781,5164
-131.93531849368821,-311.1826266463298,-14.895947153256763,5165
-132.11561922416655,-310.92014648094175,-14.893705440967498,5166
-132.29424676331868,-310.6562844645265,-14.89144780254332,5167
-132.47113133748374,-310.3906968065454,-14.889174256064287,5168
-132.64621586074327,-310.1232703084119,-14.88688820356253,5169
-132.81945593778278,-309.8541223638024,-14.88459643508557,5170
-132.99081985874122,-309.58338713652904,-14.882305286769995,5171
-133.16103447777152,-309.31121554778076,-14.88005111253334,5172
-133.32993806426413,-309.0377753045255,-14.877841495300018,5173
-133.49738791556885,-308.7632508837573,-14.875683790455362,5174
-133.66251445814524,-308.48664363035914,-14.873628418459704,5175
-133.8253684324079,-308.2079493517061,-14.871690289961682,5176
-133.98601326408607,-307.9271722401605,-14.869884390631078,5177
-134.14527095870744,-307.6453109509875,-14.8681469849559,5178
-134.30307491706475,-307.36218101258294,-14.866492617080665,5179
-134.4593775679089,-307.0776147233508,-14.864935301624122,5180
-134.61415034834627,-306.79047505420596,-14.86346696126511,5181
-134.76738374641775,-306.5008332799198,-14.862096539707043,5182
-134.9190872779583,-306.2087690600909,-14.860832300519299,5183
-135.06928950843266,-305.9155703589167,-14.859728088273549,5184
-135.2180380127245,-305.6215558123023,-14.858785396414829,5185
-135.3653993936666,-305.32706082616664,-14.858005415351276,5186
-135.51129754081552,-305.0322237509353,-14.857275976036302,5187
-135.65551363670542,-304.7369858941664,-14.856587232590314,5188
-135.79784789179544,-304.44130533338375,-14.855928205589999,5189
-135.93828128082436,-304.14515691689576,-14.855353530753385,5190
-136.0769755377727,-303.84853225685856,-14.85486580953619,5191
-136.21411142456512,-303.55143973542,-14.854466962870816,5192
-136.34972697313597,-303.25270458836906,-14.854152516308872,5193
-136.48371752896074,-302.95214653614437,-14.853911495032985,5194
-136.61599746529174,-302.6495936839974,-14.853732244106755,5195
-136.74650018614958,-302.3450963452389,-14.85363675365943,5196
-136.87517812813104,-302.038927038843,-14.85362184059332,5197
-137.00200275560246,-301.73136666860546,-14.853683868177226,5198
-137.12696457852664,-301.423690618128,-14.853800942325728,5199
-137.25007311263536,-301.1159911242413,-14.853972227569084,5200
-137.37135690158345,-300.80837719376063,-14.85419628341411,5201
-137.49086349394648,-300.4997746842526,-14.854449513765731,5202
-137.60865948472812,-300.19010393520006,-14.854725276656385,5203
-137.72483049669546,-299.8792936708901,-14.855016174499289,5204
-137.84022705744218,-299.56728098728576,-14.855344525061291,5205
-137.95481745386476,-299.25401138127864,-14.855703574093555,5206
-138.06859534311621,-298.9394387344519,-14.856086038094453,5207
-138.17992628444364,-298.624725262169,-14.856492960921523,5208
-138.28884199389006,-298.3100638223767,-14.85691413960253,5209
-138.3953868729083,-297.9956640431249,-14.857338917284773,5210
-138.5003638636705,-297.68055239231717,-14.857801367083125,5211
-138.603687343259,-297.3647498346659,-14.858301791704465,5212
-138.70529071650665,-297.04828571970694,-14.85884034224849,5213
-138.80512641604108,-296.73119778306364,-14.859450608813559,5214
-138.90316590165887,-296.41353214334436,-14.86012118890255,5215
-138.9993996609091,-296.09534330399293,-14.860840830419594,5216
-139.0938372040439,-295.7764803291298,-14.861552123776566,5217
-139.18650706585544,-295.4565868483382,-14.862249535311676,5218
-139.27745680888154,-295.1353148760184,-14.862927304277243,5219
-139.3674989034668,-294.81253862042576,-14.863618780091231,5220
-139.4565635844735,-294.4883545122652,-14.864318032764048,5221
-139.54460645699427,-294.1628673669489,-14.865019207066856,5222
-139.63070088362085,-293.8361904016376,-14.865723495484145,5223
-139.71468513324152,-293.50844520399164,-14.866419494923106,5224
-139.7964165024689,-293.17976174649846,-14.867095952690049,5225
-139.8766789466629,-292.8512644669494,-14.867777218965342,5226
-139.95553588982455,-292.52289466727325,-14.868444947635457,5227
-140.03307612634407,-292.19461041929014,-14.869081244484518,5228
-140.10925204334774,-291.8642005539599,-14.869685350918997,5229
-140.18387970868554,-291.5316399192941,-14.87025383684833,5230
-140.2568005602583,-291.19690336285356,-14.870783800348855,5231
-140.32713555267694,-290.8611656662434,-14.871326101470748,5232
-140.3949322585786,-290.52462387961305,-14.871867781341809,5233
-140.4602572783278,-290.1874834379726,-14.872396862013385,5234
-140.52394213235377,-289.8509442383167,-14.872805794913514,5235
-140.5859360815295,-289.51502305177553,-14.87308767144358,5236
-140.64621375708012,-289.1797534193531,-14.873235808400562,5237
-140.70461338333692,-288.84299964244013,-14.873285142646843,5238
-140.7608368648932,-288.50481203780055,-14.873233602162205,5239
-140.81461147635886,-288.16524092174177,-14.873079643090424,5240
-140.86585161611998,-287.82532270376157,-14.872833007287408,5241
-140.9146587617726,-287.48490225644474,-14.872495209299052,5242
-140.9611597611009,-287.14383283709407,-14.872068366972023,5243
-141.0053450755396,-286.80098999203136,-14.871505076520084,5244
-141.04706883005954,-286.4564491907319,-14.870806357022175,5245
-141.08621051962768,-286.110285902198,-14.869973453713248,5246
-141.12342092582966,-285.7647615946666,-14.869009648197043,5247
-141.1584748931345,-285.41996850967604,-14.867920490083245,5248
-141.1911789788016,-285.0760156585113,-14.866711754245602,5249
-141.22062553480177,-284.73084282343336,-14.865411164126037,5250
-141.24683993447923,-284.38457578204026,-14.864028944004568,5251
-141.26987292116314,-284.03734031146314,-14.86257569532258,5252
-141.29054648285674,-283.68926217429527,-14.861071258878404,5253
-141.30880671200933,-283.3404671496235,-14.859525143440115,5254
-141.32463141352798,-282.99108101594834,-14.857947310298687,5255
-141.33712251066288,-282.64221566220516,-14.856292951024706,5256
-141.34615315334457,-282.29379143252976,-14.85458019202352,5257
-141.35162186161114,-281.94573705574436,-14.852827158990568,5258
-141.35436013537932,-281.59798962821685,-14.851058910706833,5259
-141.35448531080928,-281.2504946446383,-14.849287866666488,5260
-141.35214643665455,-280.9032059842679,-14.847526521019144,5261
-141.34661664397217,-280.5550998326667,-14.845798308843879,5262
-141.33794033463428,-280.2063522782136,-14.84411786865112,5263
-141.32618728044807,-279.8571394088086,-14.842499989607862,5264
-141.31145263974017,-279.50862340518063,-14.840896668730457,5265
-141.29385692006872,-279.16077491718295,-14.839314850393494,5266
-141.2735459990703,-278.81357297934136,-14.837761176260766,5267
-141.25143697564573,-278.4658050794598,-14.836258603284595,5268
-141.22757107300856,-278.1172448179225,-14.834826733024032,5269
-141.20202122675687,-277.76766579449793,-14.833484940071171,5270
-141.1739844778459,-277.4170554474849,-14.832248528797802,5271
-141.14342911878066,-277.0656150220194,-14.83112870299145,5272
-141.11034881195542,-276.71354576274337,-14.830136439589594,5273
-141.07476260728419,-276.3620350094233,-14.829269717505891,5274
-141.03671490298132,-276.01107856873574,-14.828533216564962,5275
-140.99627546730105,-275.660680632032,-14.827931313888746,5276
-140.95353941349268,-275.3096538555006,-14.827424920200112,5277
-140.90862724551948,-274.95779699243457,-14.827009813230614,5278
-140.86168483720834,-274.6049087956177,-14.82668116637874,5279
-140.8127217018483,-274.2510018452253,-14.826492590008232,5280
-140.76161099490938,-273.89630254294957,-14.826438489775839,5281
-140.70825124171503,-273.54103728999627,-14.826513119995914,5282
-140.65347396278736,-273.1864185618209,-14.82661905958862,5283
-140.5973964951361,-272.8324673183863,-14.8267438089308,5284
-140.54016788824552,-272.4792129041889,-14.826874037053628,5285
-140.4810612531823,-272.12450705474,-14.827060521435817,5286
-140.4201209885551,-271.7683791170131,-14.82730027755605,5287
-140.35741686264416,-271.41085005231736,-14.827589943418902,5288
-140.29288231930948,-271.054118454273,-14.827932643507772,5289
-140.22631440041252,-270.69820528908775,-14.828318565525569,5290
-140.15753551778474,-270.3431399076542,-14.828737594492239,5291
-140.08730101907094,-269.9867740127113,-14.829143869683309,5292
-140.01565213181462,-269.6291369511969,-14.829534066813894,5293
-139.94266179567782,-269.27024968425826,-14.829904257482982,5294
-139.86827296858215,-268.91231080647384,-14.830280308007154,5295
-139.79229854899552,-268.555341283946,-14.830659238564206,5296
-139.71458314780347,-268.19937046734486,-14.831037691018127,5297
-139.63334956347214,-267.84225011031714,-14.831431740715887,5298
-139.5484931462535,-267.48400956261634,-14.831837424854038,5299
-139.45992827354868,-267.12466978847056,-14.832250554304675,5300
-139.36924185366135,-266.7654432508736,-14.83260447213879,5301
-139.27639900849698,-266.40655635014787,-14.83290747440338,5302
-139.18139657219808,-266.0482354860016,-14.83316710166897,5303
-139.0833554982323,-265.6916931685267,-14.83331716188519,5304
-138.98216796627503,-265.33695036309814,-14.833374643740395,5305
-138.87775152589396,-264.98403641974875,-14.83335517623638,5306
-138.77079493086708,-264.6308030511602,-14.833407037192547,5307
-138.66111107999177,-264.2772796088862,-14.833536495905186,5308
-138.54854458411867,-263.9234870587251,-14.833749519578731,5309
-138.4322258904843,-263.56943799204623,-14.833985784953711,5310
-138.31221842483828,-263.21513660037766,-14.834255898378268,5311
-138.18861098250352,-262.86057868959,-14.83456963572951,5312
-138.0622636249335,-262.506951586339,-14.8349802704139,5313
-137.93316050074677,-262.15445653460233,-14.835486661408822,5314
-137.8013174707572,-261.8032947777732,-14.8360872142401,5315
-137.66752795733208,-261.45246762759604,-14.83678184181749,5316
-137.53171585164395,-261.1019541221367,-14.83757190531659,5317
-137.39384309935048,-260.75172491359393,-14.838458312689074,5318
-137.25225621919438,-260.40174230102906,-14.839473966820242,5319
-137.10698058105515,-260.05196016542664,-14.840624871254775,5320
-136.958066924361,-259.702324002154,-14.841916803091536,5321
-136.80559137954853,-259.3539708376836,-14.84331589550094,5322
-136.64965542981483,-259.0070516030465,-14.844827160533272,5323
-136.490385928053,-258.66171722881853,-14.846455081433351,5324
-136.32868092831836,-258.3159326174493,-14.848192881956603,5325
-136.1645626325521,-257.9698319308531,-14.850041990674681,5326
-135.99808495452942,-257.62353256003223,-14.852003232404542,5327
-135.82933353647462,-257.27812122105667,-14.85405903123303,5328
-135.65842571269496,-256.9334763264057,-14.856212711309542,5329
-135.48551052947178,-256.58946790281664,-14.858466841697279,5330
-135.30986115943793,-256.2471575265988,-14.860817430118203,5331
-135.13152200183274,-255.90662066261459,-14.86325397725839,5332
-134.95056282555055,-255.5679327752792,-14.865765228508614,5333
-134.76782460156934,-255.22898330268282,-14.868362780861128,5334
-134.58327244807808,-254.8898309409222,-14.871041724933633,5335
-134.3969031950652,-254.5505176152024,-14.873796547600229,5336
-134.20799955103507,-254.21325450728122,-14.876612180027514,5337
-134.0167771608473,-253.87806676807156,-14.879483746214367,5338
-133.82347703900504,-253.54497954805078,-14.882405690372396,5339
-133.62820379417792,-253.21183198665378,-14.885350260269703,5340
-133.43092571452854,-252.8786324687058,-14.888306546140706,5341
-133.23163645753468,-252.54537260826044,-14.891262808109445,5342
-133.03035509045264,-252.21421326533527,-14.894258485145155,5343
-132.82712601072345,-251.88512928282586,-14.89728632849518,5344
-132.6220189854097,-251.5580955032178,-14.900338636141187,5345
-132.41422150437876,-251.23090077171324,-14.903405433664785,5346
-132.20368599852088,-250.90350316242942,-14.906474265912143,5347
-131.99038392557452,-250.57584397885373,-14.909532225265972,5348
-131.7752133983786,-250.24904765381706,-14.91252844153629,5349
-131.55835200851635,-249.92324415335963,-14.915452637302698,5350
-131.3400027170315,-249.59855505793638,-14.918293780196393,5351
-131.1194862662837,-249.27607967965946,-14.921133453104487,5352
-130.8968882782488,-248.95571739444853,-14.923969430357527,5353
-130.67231340205169,-248.63736757795886,-14.926799410674633,5354
-130.44588527584216,-248.31874359369186,-14.929670095877796,5355
-130.21774660346554,-247.99972804698285,-14.932598588810631,5356
-129.98805911562073,-247.68018677257606,-14.935602219370235,5357
-129.75684185570194,-247.3611687535508,-14.938610140696177,5358
-129.52397114722245,-247.04272849518674,-14.941620276558206,5359
-129.28934234067484,-246.72491211733214,-14.944630173438444,5360
-129.0537774380397,-246.40874343813448,-14.947735361072787,5361
-128.8173779162771,-246.09404636655842,-14.950933389690825,5362
-128.58027062193887,-245.78064481122578,-14.954222186808078,5363
-128.3409542754702,-245.46737661145912,-14.957546105788548,5364
-128.09959378123443,-245.1542711117335,-14.960893816735581,5365
-127.8563667281267,-244.84134927122025,-14.964253990100113,5366
-127.61130165524314,-244.52862366793778,-14.967608347394433,5367
-127.36427805623313,-244.2160984960307,-14.97095126577396,5368
-127.11518810926127,-243.90376956435006,-14.974277047252393,5369
-126.86484430024868,-243.59261037872028,-14.97764201620401,5370
-126.6133322486704,-243.28239453685723,-14.981027379010916,5371
-126.3607566011205,-242.97289563626254,-14.984414794985677,5372
-126.1072410149248,-242.66290117819597,-14.987781384334689,5373
-125.85292819517815,-242.3523901965218,-14.991119254735972,5374
-125.5979798739518,-242.04133333971885,-14.994420891609021,5375
-125.34166922636247,-241.73089280585563,-14.997688008613515,5376
-125.08402796797694,-241.421244682345,-15.000911990753194,5377
-124.82510049903061,-241.11256505650664,-15.004084676079017,5378
-124.5649438835661,-240.80383009882695,-15.0072288901308,5379
-124.30362788794112,-240.49499368916798,-15.010339536706066,5380
-124.04123496303342,-240.18600132213825,-15.013412199485245,5381
-123.77786026038152,-239.87777620418098,-15.016463966969585,5382
-123.5136115970532,-239.57004162173067,-15.019474688010806,5383
-123.24860947477163,-239.26252086115028,-15.022425117544822,5384
-122.98207947967627,-238.95515104548866,-15.025263333305366,5385
-122.71399941592396,-238.64808310779173,-15.027983138580733,5386
-122.44435342987951,-238.34146798113647,-15.030578940845984,5387
-122.17478548151013,-238.03524275089708,-15.033092051020628,5388
-121.90530508037105,-237.72913070540034,-15.035512701102993,5389
-121.63594076310811,-237.4228551328092,-15.03783210456877,5390
-121.36508662253915,-237.11635316973394,-15.040015840186557,5391
-121.09279657224853,-236.8097757481413,-15.04206261745557,5392
-120.8191308680262,-236.50327380003856,-15.043971901070368,5393
-120.54415610268725,-236.1967844361715,-15.045759754108674,5394
-120.26794521001631,-235.89003094424584,-15.04741961646792,5395
-119.99057746598845,-235.5827366120149,-15.048945834267311,5396
-119.71213850954403,-235.27582464521112,-15.05033168846308,5397
-119.43272030562822,-234.96924053824347,-15.05156947755793,5398
-119.1524211615191,-234.6629381707407,-15.052652405957883,5399
-118.87134572784983,-234.3568798097055,-15.053633634099414,5400
-118.5896049973758,-234.0510361048964,-15.054508630286975,5401
-118.30731630518989,-233.74538609130926,-15.055274221743932,5402
-118.02460330700752,-233.4387172686661,-15.05586263632835,5403
-117.74159601968577,-233.13080323521962,-15.056278673969393,5404
-117.45843080226312,-232.82141758927014,-15.056527965323284,5405
-117.17525037690109,-232.51153384814083,-15.056640460191778,5406
-116.89220379174358,-232.20114781722634,-15.056631293525564,5407
-116.60944643725905,-231.89026368714818,-15.056516581691605,5408
-116.32548657236914,-231.57889406150989,-15.05635592253573,5409
-116.0404795875083,-231.26705990109156,-15.056154295341903,5410
-115.75457453055651,-230.95479055211464,-15.05591803855409,5411
-115.46865995576518,-230.6409238138226,-15.055574223067183,5412
-115.18271683328574,-230.3252835980341,-15.055127461053345,5413
-114.89672613299655,-230.00769381672035,-15.05458312003717,5414
-114.61157644913952,-229.68917828542334,-15.053965018454228,5415
-114.32741683036716,-229.3697831201803,-15.053276322433474,5416
-114.04440266764642,-229.04956282225243,-15.052521104027026,5417
-113.761042220457,-228.72858030408565,-15.051708221412731,5418
-113.47749088008497,-228.40690683783717,-15.050851259348285,5419
-113.19389769525083,-228.0846220810859,-15.04996470874383,5420
-112.91115122134624,-227.7606141451013,-15.048997247158905,5421
-112.6292324292829,-227.43475725256656,-15.047949332270244,5422
-112.34812228969098,-227.10692562630538,-15.046821875101983,5423
-112.06705592360748,-226.77819341874414,-15.045639741486047,5424
-111.78616969525277,-226.44865705772926,-15.04441258958003,5425
-111.50559362627536,-226.1184213565158,-15.043150681687875,5426
-111.22619726518943,-225.7875995017872,-15.041836309399558,5427
-110.94794255981421,-225.45631307953192,-15.040482643709232,5428
-110.67079145782158,-225.12469206104745,-15.03910323314931,5429
-110.39396003721959,-224.79287481287193,-15.03770121137166,5430
-110.11756563565709,-224.46100807428337,-15.036288877714608,5431
-109.84171924820451,-224.12924696995566,-15.034878833657855,5432
-109.56652549323087,-223.79556899197843,-15.033392596421217,5433
-109.29208268065344,-223.46012926487862,-15.031836916575836,5434
-109.0184827775483,-223.12307452820875,-15.0302181679062,5435
-108.74581144247506,-222.78672915222813,-15.028587412387294,5436
-108.47414795848788,-222.45123987697144,-15.026962121957176,5437
-108.20356526605762,-222.11676182785314,-15.025359693185145,5438
-107.93322234088868,-221.78225861014877,-15.023763168250522,5439
-107.66301136076999,-221.44767991490951,-15.022179950100023,5440
-107.39281181833186,-221.1129754334838,-15.020617140223203,5441
-107.12339814361258,-220.77929476097052,-15.019078375290029,5442
-106.85479253811756,-220.4468097938407,-15.017583543445566,5443
-106.58701086076539,-220.11570081393165,-15.016152155458224,5444
-106.32006259552905,-219.78397047200585,-15.014753248998346,5445
-106.05395091625431,-219.4517990498525,-15.013403277490186,5446
-105.78867265395067,-219.11935844426853,-15.012117940050821,5447
-105.52347244213048,-218.78779827323416,-15.010919113211438,5448
-105.25848981342105,-218.45706822421147,-15.009815290535418,5449
-104.9938516153081,-218.127117984929,-15.00881428659813,5450
-104.73041787896392,-217.79789723118307,-15.00787305365867,5451
-104.46813469300992,-217.46935565291415,-15.006995746934658,5452
-104.20694180334493,-217.14144294022827,-15.006185465045853,5453
-103.94602673255379,-216.81312269780213,-15.005471677436732,5454
-103.68547193423197,-216.4845500509184,-15.004870912850029,5455
-103.42534717672535,-216.15587173994285,-15.004398794803446,5456
-103.16645541339898,-215.82722611124282,-15.004107470564913,5457
-102.90868565351207,-215.4987431369765,-15.004007206071769,5458
-102.65192056350458,-215.17054440430886,-15.00410766394271,5459
-102.39619821353284,-214.84372920565556,-15.004361919352032,5460
-102.1417120460419,-214.51819691611527,-15.004764574212244,5461
-101.88864916077851,-214.19384691094038,-15.005309249319037,5462
-101.63628270075243,-213.86959248293627,-15.006003285768708,5463
-101.38461900942528,-213.5455384469177,-15.00684803941904,5464
-101.13365174502225,-213.22178123277615,-15.007843960889065,5465
-100.88336188212799,-212.89840888628314,-15.009031138920939,5466
-100.633717708994,-212.5755010666156,-15.010391262582726,5467
-100.38467482864557,-212.2531290480366,-15.011905493207774,5468
-100.13708376166761,-211.93135570584468,-15.013540540670332,5469
-99.89104281599666,-211.6102355420976,-15.015287907933365,5470
-99.64664395677727,-211.28981467384006,-15.017138419110184,5471
-99.40306520496736,-210.97013084498346,-15.01905367115949,5472
-99.16021776646453,-210.65121340474442,-15.021024831207708,5473
-98.91800016194426,-210.33308331740983,-15.023042161126845,5474
-98.67720581752808,-210.01476705354187,-15.025123595152701,5475
-98.43787596115742,-209.69647424152478,-15.027255875689491,5476
-98.20004547788352,-209.37839773955486,-15.029425066549281,5477
-97.96208945367995,-209.06169975377898,-15.031611517675143,5478
-97.72401740087551,-208.74633416577,-15.033809492880012,5479
-97.48581980417495,-208.4322464722518,-15.036012501806185,5480
-97.2491215916856,-208.1193737635326,-15.03824878940458,5481
-97.01388787866301,-207.80764476568413,-15.040502956429734,5482
-96.78007743759139,-207.49697981976686,-15.042759151273389,5483
-96.5468968356432,-207.18750471232377,-15.04498908781775,5484
-96.31444755548301,-206.87955065646804,-15.047191244119766,5485
-96.08281839460587,-206.57344048037427,-15.049363494935296,5486
-95.85208546122463,-206.269274804,-15.051469529523432,5487
-95.62231217763807,-205.96693204196362,-15.053517278997159,5488
-95.39354928096238,-205.66628222393388,-15.055513769176237,5489
-95.1665806801752,-205.36620088986,-15.057498730503395,5490
-94.94127635595501,-205.06674673752158,-15.0594661234013,5491
-94.71749994611648,-204.76796169450563,-15.061409305173619,5492
-94.4943628809253,-204.46987093113452,-15.063453046674422,5493
-94.27187150208783,-204.17248283214167,-15.065579001249548,5494
-94.05001946605549,-203.87578901217722,-15.06776927623426,5495
-93.82878777240492,-203.58195032775467,-15.069939179877535,5496
-93.60814470857932,-203.2909416241422,-15.072094225250513,5497
-93.38804587697977,-203.0027377468483,-15.07423977485499,5498
-93.16934176768937,-202.71512751300617,-15.076332850003997,5499
-92.95213068732778,-202.42806899578557,-15.07838005753297,5500
-92.73650459967934,-202.14150349815216,-15.080387476631742,5501
-92.52164152744626,-201.85535556793667,-15.082462191498072,5502
-92.30745267499293,-201.56953296934907,-15.084596581306636,5503
-92.09383656144276,-201.28392669650526,-15.086783328198859,5504
-91.88158663817757,-200.99961087902017,-15.0890122597703,5505
-91.67074413177647,-200.7166651758166,-15.091290055093054,5506
-91.46134392611533,-200.43516086080646,-15.093623620326023,5507
-91.25176109488311,-200.1551608420554,-15.095978819697134,5508
-91.04200515189257,-199.87671962348648,-15.09835886072209,5509
-90.83206658342367,-199.59988332415926,-15.10076687617354,5510
-90.62357030117205,-199.32348973969113,-15.103230650034646,5511
-90.41648141901146,-199.04734601143943,-15.105743771682187,5512
-90.2107587080082,-198.77124251057225,-15.108299982341402,5513
-90.00560875798195,-198.49713886242162,-15.110941361225585,5514
-89.80113304443248,-198.22480866605665,-15.113660401684049,5515
-89.5974203578613,-197.95402552078602,-15.116450125979846,5516
-89.39529265840727,-197.68357691737114,-15.11919295794996,5517
-89.19465798044169,-197.4134418936937,-15.121876366478393,5518
-88.9954180156381,-197.14359110260096,-15.12448751900681,5519
-88.79672224729936,-196.8739868213089,-15.127047628810942,5520
-88.59861507132689,-196.60458293091008,-15.129553110747855,5521
-88.40112819852573,-196.33532492754142,-15.132000304817758,5522
-88.20502652273456,-196.06614991474356,-15.134424832224155,5523
-88.01016099618559,-195.79698662033167,-15.13682318664257,5524
-87.81637622842754,-195.5277553871004,-15.139192088812079,5525
-87.62276463523833,-195.25956809875012,-15.14151572771801,5526
-87.42931353296977,-194.9925505329422,-15.143785417105079,5527
-87.23599755299378,-194.72682846755814,-15.14599262209225,5528
-87.04443209342861,-194.46132774238242,-15.148125870733285,5529
-86.85457909868161,-194.1959519285181,-15.150190338504453,5530
-86.66640051289502,-193.9305962119611,-15.152191276844306,5531
-86.47820481399141,-193.66514741225407,-15.154108575780999,5532
-86.28994126081722,-193.39948394499206,-15.155935935669389,5533
-86.1015464271363,-193.13347584080756,-15.157666981992051,5534
-85.91385181775114,-192.86818465443486,-15.159375872680545,5535
-85.72693671355901,-192.60368585152057,-15.161060528105823,5536
-85.54087405290427,-192.3400548978595,-15.162719397424649,5537
-85.35573042869886,-192.07715343872752,-15.164396609521889,5538
-85.17156608979721,-191.81462929661635,-15.166103537278818,5539
-84.98843494249545,-191.55213029417405,-15.167852384386897,5540
-84.80547695493168,-191.28951808523752,-15.169602167237668,5541
-84.62256527969292,-191.0268681381371,-15.17135673598576,5542
-84.43956038440272,-190.76425592142405,-15.17312039415643,5543
-84.25796351606702,-190.50175688106725,-15.174789832946038,5544
-84.07762245769061,-190.23944648489345,-15.176350253643049,5545
-83.89838499211795,-189.9774002007793,-15.177786555718162,5546
-83.71935302362594,-189.71449359074705,-15.179226942020247,5547
-83.54052972150582,-189.4505799142472,-15.180668321549703,5548
-83.36191191240275,-189.18550404570783,-15.18210835885238,5549
-83.18274424011767,-188.9212884975555,-15.18356895144523,5550
-83.003166235803,-188.65777814291297,-15.185057123702823,5551
-82.82330474576177,-188.39482624029768,-15.186580806127038,5552
-82.64401978607934,-188.131308326302,-15.188060494106722,5553
-82.46525744697826,-187.86729986787208,-15.189486068876924,5554
-82.28695747613295,-187.60287633208753,-15.190847713945711,5555
-82.10905327965807,-187.3381131872583,-15.192179131988814,5556
-81.93147192068369,-187.073085900814,-15.193479113712227,5557
-81.75413411979738,-186.80786994032587,-15.194747054101654,5558
-81.57786186440657,-186.54352685902927,-15.195984837292238,5559
-81.40273126216104,-186.279926686016,-15.197196920413973,5560
-81.22881842066536,-186.01694783561697,-15.198388364553697,5561
-81.05454597278715,-185.75349102882987,-15.19954830326481,5562
-80.87997734334849,-185.48965688699468,-15.200669447004186,5563
-80.70516327223336,-185.22554603165545,-15.201745035081851,5564
-80.53179526417979,-184.96005914579175,-15.202700921218808,5565
-80.35991137214283,-184.6930746438321,-15.203532804991431,5566
-80.18954964883967,-184.42446255507923,-15.204236386406254,5567
-80.01909470810203,-184.1562705581241,-15.204868298147762,5568
-79.84857191801495,-183.88836868268965,-15.20542854355552,5569
-79.6779939618158,-183.6206353438705,-15.20591757908322,5570
-79.5090142919694,-183.35197122775884,-15.206347124953037,5571
-79.34163290969298,-183.0824769565168,-15.206720538014348,5572
-79.17584981607106,-182.81225315236838,-15.207041703806865,5573
-79.01001154871332,-182.54140045531807,-15.207311206250932,5574
-78.84410542365401,-182.2700194876767,-15.20752628692309,5575
-78.67810607199716,-181.99821087195326,-15.207684716247027,5576
-78.51288304893646,-181.7270613177395,-15.207827224015109,5577
-78.34855368758976,-181.45646600879584,-15.207939541699053,5578
-78.18522897864068,-181.18632851419017,-15.208008306813287,5579
-78.02210596308161,-180.91557470274535,-15.208046560599406,5580
-77.85911487567012,-180.64433035299183,-15.208054451459965,5581
-77.696173266244,-180.3727212436698,-15.208033185155497,5582
-77.53409360747031,-180.10185923852725,-15.20794561926078,5583
-77.37293615135381,-179.83166467795934,-15.207794775151184,5584
-77.21275480746516,-179.56206628766267,-15.207584429242003,5585
-77.05359713312254,-179.2920150816249,-15.207304484587718,5586
-76.89550435536466,-179.02166199248373,-15.206950519594898,5587
-76.73851135871155,-178.75115795300164,-15.206518792435858,5588
-76.5826466826539,-178.48044007528875,-15.20605256946202,5589
-76.42793252251144,-178.20923164829,-15.205544081475608,5590
-76.27438473108175,-177.93725596108507,-15.204986616571466,5591
-76.1220128322509,-177.66543622113238,-15.204383364014829,5592
-75.97081999661526,-177.3937179246934,-15.203727869648274,5593
-75.82080305234304,-177.12205495333785,-15.203014811865335,5594
-75.6702990129568,-176.84942349317794,-15.202186773299843,5595
-75.51927933921502,-176.57599963361173,-15.201251790558613,5596
-75.36769646457343,-176.3019594642904,-15.200218580162783,5597
-75.21713726728898,-176.02846515344902,-15.199079912020304,5598
-75.06752880952543,-175.75548735372274,-15.197832314489279,5599
-74.91879181101454,-175.48300510303733,-15.196472919965895,5600
-74.77100236916523,-175.209805904018,-15.195010300538534,5601
-74.6243919789037,-174.93566335472173,-15.193444799477794,5602
-74.4791857926477,-174.660351053318,-15.191777439827833,5603
-74.33469503607024,-174.38484252508172,-15.189981338647174,5604
-74.19096410577998,-174.10913357724152,-15.188060572491805,5605
-74.04802471356805,-173.83322840237196,-15.18601967102405,5606
-73.90664175151257,-173.5571395716665,-15.183890245633643,5607
-73.76666617365495,-173.2808880496474,-15.18167218398601,5608
-73.62794259160773,-173.00450318612604,-15.179366053288991,5609
-73.48956339761303,-172.7268228042978,-15.176948430424943,5610
-73.35151590500085,-172.44767081612105,-15.17443064568915,5611
-73.2137747421984,-172.16687113372464,-15.171824482720844,5612
-73.0772094624611,-171.8854475774438,-15.169127478548068,5613
-72.94193740049637,-171.60344626470496,-15.16634261266289,5614
-72.80806954859396,-171.3209216982075,-15.163473242086633,5615
-72.67480296068001,-171.03793677643202,-15.160566329393607,5616
-72.54206787117273,-170.75456277452312,-15.157633991361655,5617
-72.409781829682,-170.47087935297208,-15.154689024382415,5618
-72.27875728440902,-170.1857746268878,-15.151634528010627,5619
-72.14905448701454,-169.89912281889963,-15.148499157885187,5620
-72.02072734665018,-169.61079815172022,-15.145311343394633,5621
-71.89291584666923,-169.32187477671704,-15.14214365991249,5622
-71.7654931403201,-169.032449125263,-15.13901483061272,5623
-71.6383196960407,-168.74262601406124,-15.135943729770393,5624
-71.5121508939248,-168.45251863481027,-15.132918884267323,5625
-71.38698990653428,-168.16224857299005,-15.129957316278269,5626
-71.26283356401252,-167.87194579933825,-15.127075972499664,5627
-71.13967235103505,-167.58153484716385,-15.124271301450461,5628
-71.01749040883378,-167.29073481326242,-15.121538855819633,5629
-70.89626553621427,-166.99927317968385,-15.118874037337095,5630
-70.7759691927159,-166.70709963523998,-15.116258181074889,5631
-70.65656649693912,-166.41438607653106,-15.113697775829905,5632
-70.53801622506441,-166.12131278540775,-15.11119900841809,5633
-70.42027079920219,-165.82686851097785,-15.108780525799379,5634
-70.30327630885803,-165.53102809859053,-15.106453767745203,5635
-70.18697250103487,-165.23376639367444,-15.104229947777005,5636
-70.07054693790997,-164.93724426244933,-15.102098395295371,5637
-69.95408207035398,-164.6414533192377,-15.10006586658519,5638
-69.83764766451893,-164.34640194884048,-15.09813874031054,5639
-69.7220466444518,-164.04992928447203,-15.096306486040467,5640
-69.60716801848979,-163.75206048254623,-15.094561176623884,5641
-69.49289445246788,-163.4528206995482,-15.09289443215462,5642
-69.37910227902161,-163.15322118819347,-15.091295470287076,5643
-69.26566147743577,-162.85308166820317,-15.08975115944043,5644
-69.1524356845705,-162.55223024454173,-15.088247915073906,5645
-69.04018980322948,-162.25170331814653,-15.086827604368947,5646
-68.92894286140444,-161.95156797018677,-15.085489583036248,5647
-68.81871388713746,-161.6519080521953,-15.084233131043272,5648
-68.70861429170405,-161.35063817884986,-15.082998468565814,5649
-68.59849502997645,-161.04785897363163,-15.081784273358391,5650
-68.48820071432671,-160.7436710600901,-15.080588694920287,5651
-68.37773135637049,-160.43916115614036,-15.079418207096557,5652
-68.2672423433329,-160.13422444558768,-15.078268053954924,5653
-68.15688272002984,-159.8287644974752,-15.077133026602919,5654
-68.04754105253576,-159.52269326057385,-15.076055701246794,5655
-67.93919831302541,-159.21593107571016,-15.075028416275467,5656
-67.83183547364082,-158.90840666890105,-15.074043434564402,5657
-67.72378004803929,-158.60005716540223,-15.073042790065138,5658
-67.61500032349808,-158.29082806172772,-15.07201629149114,5659
-67.50545190250205,-157.9806732396895,-15.070953294669753,5660
-67.3967311615868,-157.66955495229882,-15.069894781223184,5661
-67.28878101916435,-157.3574438518301,-15.06883535372852,5662
-67.18154439361417,-157.04431897574773,-15.067769539253847,5663
-67.07496420311404,-156.73016774611534,-15.066670180712483,5664
-66.96898336626894,-156.4149859706139,-15.065527651944734,5665
-66.86354480164897,-156.09877784211037,-15.064332100280417,5666
-66.7578455651083,-155.78155594454364,-15.063046816959154,5667
-66.65198396355521,-155.46334123986964,-15.061667043520735,5668
-66.5460519614921,-155.1441630752806,-15.060187568554783,5669
-66.44088104475989,-154.82405917920224,-15.058701884412239,5670
-66.33639510558129,-154.5030756711544,-15.057225732535175,5671
-66.23251803614869,-154.18126705585527,-15.055775080871282,5672
-66.12842786609495,-153.85869622888552,-15.054338746760838,5673
-66.02420387569356,-153.53543446357043,-15.052917595623498,5674
-65.91991900281884,-153.21156141848394,-15.051512568446201,5675
-65.81638571382385,-152.88815122712012,-15.050117698341044,5676
-65.71350887241417,-152.56509488323906,-15.048739783413655,5677
-65.611193342334,-152.24230015096583,-15.04738562158467,5678
-65.50859810492405,-151.91750555481997,-15.045990290806802,5679
-65.40578341191086,-151.59063562774773,-15.04455428298136,5680
-65.30280317253838,-151.26161490275604,-15.043077561777217,5681
-65.20045082773845,-150.9315678263926,-15.041629379398094,5682
-65.09861221628091,-150.6006411402221,-15.040211092189075,5683
-64.99717317690133,-150.26898997100088,-15.038824056504604,5684
-64.89527369474948,-149.93776393302667,-15.03745378141741,5685
-64.79295499504138,-149.60692948549044,-15.036109175912886,5686
-64.69025196066515,-149.27646985799856,-15.034798997860658,5687
-64.58884656894709,-148.94419902145063,-15.03354076776047,5688
-64.48877370322606,-148.6101169756269,-15.032341091497019,5689
-64.39007458910461,-148.27422372026643,-15.03120649960837,5690
-64.29114335778675,-147.9387052836766,-15.030119878920376,5691
-64.19202123481193,-147.6035784358434,-15.029079755723032,5692
-64.09274310339063,-147.2688767171657,-15.028084429696033,5693
-63.99333749370511,-146.93345052007226,-15.02713007808347,5694
-63.89382660255971,-146.59714471856742,-15.026210701496012,5695
-63.79422628435403,-146.25981257189494,-15.025320074142728,5696
-63.69454604300704,-145.9203296277686,-15.02443593216589,5697
-63.59478905022608,-145.57877135277144,-15.023559142029585,5698
-63.49495213524353,-145.23521321354912,-15.022690192974622,5699
-63.39577166582542,-144.89191668594523,-15.02186155265508,5700
-63.29707639914451,-144.54897400845886,-15.021078958120492,5701
-63.198695092405806,-144.20649418995026,-15.020347995261892,5702
-63.100618224532546,-143.86340308971347,-15.01968995832564,5703
-63.002998011701386,-143.51962104723248,-15.019102582138888,5704
-62.905986670061345,-143.17507678717817,-15.018583601574633,5705
-62.8088288219463,-142.8297074263242,-15.01808058982134,5706
-62.711508610857784,-142.48345846110806,-15.017588980032496,5707
-62.614003837893975,-142.136283773202,-15.017103827965592,5708
-62.51793941647529,-141.78814561580856,-15.016641404314134,5709
-62.42329314838149,-141.4390146409011,-15.016200010678048,5710
-62.330049177717264,-141.08886988558297,-15.015777722143163,5711
-62.236544536528164,-140.73769878560063,-15.01534384113355,5712
-62.142763368788735,-140.3854971485166,-15.014897688018653,5713
-62.04868347606998,-140.0322691671269,-15.01443813027489,5714
-61.9542763178527,-139.67802741940915,-15.013963582408351,5715
-61.85950701122725,-139.32279286857104,-15.013472005384793,5716
-61.76433433088167,-138.96659486305322,-15.012960907279153,5717
-61.67036416331528,-138.60947112342967,-15.012468619197909,5718
-61.57755528390465,-138.25146776844875,-15.011995895071305,5719
-61.48587281034854,-137.89263930199178,-15.011543337826344,5720
-61.393634749204224,-137.53304862689578,-15.011104461638581,5721
-61.300806218069674,-137.17276701758715,-15.010685267339262,5722
-61.2073459921435,-136.8118741337305,-15.010291529379403,5723
-61.11411409698645,-136.45045801190247,-15.00991413183213,5724
-61.021224695935764,-136.08861508052468,-15.009548691998237,5725
-60.928791952295754,-135.72645015319938,-15.009190525235681,5726
-60.83602242647655,-135.3628765180875,-15.008820773630788,5727
-60.742862207506995,-134.9977935537179,-15.008445555416912,5728
-60.64925104194356,-134.63110063867975,-15.008070536135941,5729
-60.5567757977227,-134.26389705745035,-15.007766889306133,5730
-60.465376223782236,-133.89630439546778,-15.007534121680555,5731
-60.37499841137929,-133.52845262330902,-15.00737181552544,5732
-60.28394134902175,-133.1614662058323,-15.007238333236472,5733
-60.192151126145646,-132.79528644720892,-15.007129258996134,5734
-60.09956748985591,-132.42987142202023,-15.007039950452867,5735
-60.00777727949281,-132.06300994751956,-15.006989102845536,5736
-59.91672024276622,-131.6946768686737,-15.006979472888629,5737
-59.82634246962904,-131.32484703041274,-15.007013741999097,5738
-59.73494295818048,-130.95568130560918,-15.007083682041456,5739
-59.642467798333904,-130.5871713095721,-15.007189821501356,5740
-59.548856737672466,-130.21932542802244,-15.007332537840405,5741
-59.45644247495354,-129.84998278272317,-15.007492397101178,5742
-59.36500937085313,-129.47916853081446,-15.007669325017469,5743
-59.27435447062979,-129.10690782934665,-15.007862945466867,5744
-59.18354165190306,-128.73421193762698,-15.008079522192192,5745
-59.09254871526002,-128.36090057440026,-15.008312376602527,5746
-59.0013598035883,-127.9868018435461,-15.008554603653897,5747
-58.91071126406961,-127.61196605084355,-15.008822591708675,5748
-58.82044454067383,-127.23666571558067,-15.00911682695286,5749
-58.730413762018465,-126.8611817421355,-15.009437720045769,5750
-58.63957813948112,-126.48460350921613,-15.009776761450542,5751
-58.54764909703029,-126.10700648564757,-15.010136066153827,5752
-58.45434440084921,-125.7284661402242,-15.010517598356753,5753
-58.36104160952891,-125.34905792793958,-15.01089074314715,5754
-58.26748385918568,-124.9688573171045,-15.011251159679302,5755
-58.17343331284398,-124.58793977589482,-15.011594129702113,5756
-58.07867116041203,-124.20638077368365,-15.011971682167676,5757
-57.98299761913893,-123.82425577823535,-15.01237494557675,5758
-57.88623193318014,-123.44164025719033,-15.01279512403841,5759
-57.78730478190297,-123.05860968538353,-15.013205747640388,5760
-57.68590539133405,-122.67523953156513,-15.013601872047811,5761
-57.581735672044225,-122.29160526441227,-15.01397847759228,5762
-57.47616366810689,-121.90778233872268,-15.014263272709632,5763
-57.36892934497781,-121.52384622310127,-15.014473585509183,5764
-57.25979803733976,-121.13987238597323,-15.014626064640545,5765
-57.1485604412402,-120.75495019950955,-15.01473669647372,5766
-57.03503263178046,-120.36936056840321,-15.014820766295388,5767
-56.91905605322079,-119.98337601199705,-15.014892880081923,5768
-56.8003357862376,-119.59726066612221,-15.014938404093781,5769
-56.6784405543071,-119.21127028179735,-15.01497228651365,5770
-56.55296445003991,-118.82565222469603,-15.015008569715526,5771
-56.42368866667306,-118.44064547379932,-15.015073117297925,5772
-56.290581495189855,-118.05648062159634,-15.01518400776603,5773
-56.15363659571896,-117.6733798752305,-15.015358489312327,5774
-56.01361885524955,-117.2915570512169,-15.015591364879217,5775
-55.87041728542532,-116.91121758689147,-15.015894220875072,5776
-55.72395260936192,-116.53255853420022,-15.016277662341606,5777
-55.574923119650684,-116.15576855590547,-15.016794524167368,5778
-55.42315757574688,-115.78102793425073,-15.017461452257614,5779
-55.26852279090587,-115.40850856605621,-15.018294413110237,5780
-55.10927018222164,-115.03837397423126,-15.019236928209057,5781
-54.945329985926605,-114.67077928471866,-15.02029730028218,5782
-54.77665780735829,-114.30587123812657,-15.02148262424735,5783
-54.60488805940137,-113.94258826037877,-15.022836237654863,5784
-54.43003976944787,-113.58083811382423,-15.024359274343947,5785
-54.25217001860416,-113.22051179022093,-15.026051962408745,5786
-54.07046635381384,-112.861697339963,-15.027888913215074,5787
-53.88489389514847,-112.50467985877727,-15.029877936310555,5788
-53.695449474047834,-112.14972767185085,-15.032025709025215,5789
-53.50381507737944,-111.79687850047206,-15.034328890274942,5790
-53.31006364187491,-111.44593948442494,-15.03679374912169,5791
-53.11431250029164,-111.0967009928676,-15.03942534682811,5792
-52.914162346787705,-110.74915046631432,-15.042256113779876,5793
-52.70963855259175,-110.40347237791295,-15.045286990255894,5794
-52.500791857943554,-110.05983443033419,-15.048517935378948,5795
-52.28935180956751,-109.71718762588358,-15.051926326944448,5796
-52.075432569618435,-109.37544391857652,-15.055506163094389,5797
-51.859186353864025,-109.03449010669136,-15.059250309864794,5798
-51.63989585129949,-108.69538775907887,-15.063170169783694,5799
-51.41762131514828,-108.35819557071116,-15.067256492115213,5800
-51.192454709963414,-108.02295546605414,-15.07149904492144,5801
-50.965265569030265,-107.68969259552198,-15.075906292923056,5802
-50.7360538931853,-107.358415343262,-15.080466192978196,5803
-50.5048577369171,-107.0291153228852,-15.085165871703785,5804
-50.270099761019395,-106.70176738882644,-15.089947243163142,5805
-50.031881442977735,-106.37632961384631,-15.094805021959687,5806
-49.790329629253705,-106.05274330025591,-15.099732715046727,5807
-49.546342392432656,-105.73093297573014,-15.104706036113381,5808
-49.29994193052486,-105.41080640208055,-15.10970252433842,5809
-49.05118215283737,-105.09225457063518,-15.114698435706607,5810
-48.800894531418955,-104.7741656020183,-15.119645966474446,5811
-48.54904101317587,-104.45660238414045,-15.124532053762817,5812
-48.29562159858254,-104.13960264922281,-15.129342125081187,5813
-48.03902090222765,-103.8241650842978,-15.134203654827552,5814
-47.779302346404805,-103.510071673721,-15.13911166270098,5815
-47.51655472236439,-103.1970876314397,-15.144060715784079,5816
-47.25089219387407,-102.88517522389212,-15.149080438077183,5817
-46.98245429351812,-102.57449376762943,-15.154157084331969,5818
-46.7114059228518,-102.26518580880378,-15.159276758671208,5819
-46.437775621045176,-101.95737712559634,-15.16437599377616,5820
-46.16145556958901,-101.65117672533191,-15.169459393948753,5821
-45.88236331892694,-101.34667684494707,-15.17453095986598,5822
-45.60134938170465,-101.04493904153999,-15.179587112835115,5823
-45.318550117884975,-100.74581657300863,-15.184636347407425,5824
-45.034133598759,-100.44915431199726,-15.189686478834952,5825
-44.74739201410075,-100.15380265762752,-15.194824576098563,5826
-44.45838878768463,-99.85979514935846,-15.200040445093709,5827
-44.16721271223554,-99.56714855628208,-15.205323892111723,5828
-43.87754551935576,-99.27931419778783,-15.210527030893282,5829
-43.588426344064,-98.99555627926159,-15.215668356401924,5830
-43.29522209911621,-98.71170026708565,-15.220867375213635,5831
-42.99877060912952,-98.42775453942778,-15.226140552327806,5832
-42.699195549753824,-98.14371070956419,-15.231486452058505,5833
-42.395906449283736,-97.85954362561665,-15.236930131507481,5834
-42.08833820717208,-97.57521136378571,-15.24243189453266,5835
-41.77669060627502,-97.29065522602687,-15.24797852781059,5836
-41.46192831100017,-97.00579974236558,-15.253583303055727,5837
-41.144133781388014,-96.72175259264972,-15.259270351815102,5838
-40.82341483791491,-96.43862697529964,-15.265028685602443,5839
-40.49990466797892,-96.15652770495097,-15.270838817192134,5840
-40.172854237317765,-95.87435129618973,-15.276703191088469,5841
-39.84227940098088,-95.59196358555386,-15.282615731187695,5842
-39.508215038475484,-95.30921364041482,-15.288544104793749,5843
-39.171622655670255,-95.02713366767527,-15.294466903269116,5844
-38.83274326139518,-94.74576139858863,-15.300380499915237,5845
-38.49184323188445,-94.46512618207699,-15.306378940087653,5846
-38.14830672901804,-94.18524898327203,-15.312438253600746,5847
-37.8022827975421,-93.90614237831215,-15.318535297667369,5848
-37.453939506614965,-93.6278105591357,-15.324603367762291,5849
-37.103463956831185,-93.35024933026104,-15.330619424384887,5850
-36.75106227372655,-93.07344611215409,-15.336569687028753,5851
-36.39453556811586,-92.79565428200736,-15.34246076693115,5852
-36.033725442566364,-92.51720400640792,-15.34826466916026,5853
-35.66921142730483,-92.23840238948738,-15.353962747292854,5854
-35.30156512429704,-91.95953347635387,-15.359536827470649,5855
-34.934681830983806,-91.68159781271827,-15.365065378519299,5856
-34.568780357849604,-91.40467924843014,-15.370532391262037,5857
-34.204098541998285,-91.12884486309682,-15.375923065015765,5858
-33.839985663986646,-90.85513106814886,-15.381226903372148,5859
-33.476549542548774,-90.58336596620846,-15.386418123937029,5860
-33.1139106807404,-90.31336927487163,-15.391472228244112,5861
-32.75614276278218,-90.04960357412907,-15.396495418898423,5862
-32.4022135750955,-89.79137499355963,-15.40146005592591,5863
-32.04386635566338,-89.53284202785927,-15.406254328618784,5864
-31.682586631328064,-89.27324811551402,-15.410830009781797,5865
-31.319106147163023,-89.0127997383643,-15.415175645716404,5866
-30.95414871999826,-88.7516803192384,-15.41928104804533,5867
-30.595702355954575,-88.49642712426306,-15.423060669715408,5868
-30.24295999424836,-88.24632112626973,-15.42650580137241,5869
-29.890320408000733,-87.99722132523522,-15.429688387669875,5870
-29.5371867873629,-87.74918642017545,-15.432670853937337,5871
-29.183714519528706,-87.50227510644231,-15.43544655424961,5872
-28.829319475795,-87.2565460824088,-15.43796641564966,5873
-28.474325110764624,-87.01085812359347,-15.440258590459548,5874
-28.11905488180173,-86.76504771804852,-15.442335197741324,5875
-27.764578099882915,-86.51894296905608,-15.444272246896515,5876
-27.41106284347348,-86.27356351015315,-15.445975122991259,5877
-27.058683526528952,-86.02894288104683,-15.447430725009411,5878
-26.706875047377693,-85.78511462477428,-15.448627542245898,5879
-26.350534357015526,-85.5379125937167,-15.449723200033631,5880
-25.98899550796221,-85.28659260772204,-15.450740382854434,5881
-25.62683830470006,-85.03458082696118,-15.451544677383147,5882
-25.26400566656291,-84.78185209621243,-15.452148655072826,5883
-24.90044051259857,-84.52838126048444,-15.452566473273526,5884
-24.53624749216179,-84.27414316114991,-15.45274594267113,5885
-24.171692982606835,-84.01911264197761,-15.452705786880873,5886
-23.80704336101086,-83.76326454694328,-15.452465786883664,5887
-23.441657418569623,-83.50657372334905,-15.452005493109782,5888
-23.075633461151295,-83.24901501571074,-15.451342648526811,5889
-22.709063452026708,-82.99056326877475,-15.450495751492305,5890
-22.342778869507917,-82.7321794226265,-15.449521483155266,5891
-21.97670360565268,-82.47363288533823,-15.448436305785416,5892
-21.610761552244462,-82.21470145037777,-15.447257738935647,5893
-21.24413074435873,-81.95418520168946,-15.446063422125533,5894
-20.876890461013538,-81.69208413944179,-15.444873438654604,5895
-20.509113638632105,-81.42839826404004,-15.44370938222914,5896
-20.14086687107144,-81.16312757414003,-15.442493266679126,5897
-19.77221041031398,-80.89627206968703,-15.44122399709208,5898
-19.403198165744627,-80.62783175085139,-15.439901309443073,5899
-19.033131851240928,-80.35879271548146,-15.438562023158656,5900
-18.66220807808842,-80.0889495268033,-15.437221240670183,5901
-18.29061077268435,-79.81810513345197,-15.435895121713386,5902
-17.92220669092609,-79.54718461806559,-15.434638695302134,5903
-17.557545237453617,-79.27660199674685,-15.43345277467979,5904
-17.19719008689256,-79.00678595980436,-15.432339588827077,5905
-16.84171918287414,-78.73916596868298,-15.431231741462545,5906
-16.48877508642963,-78.47309469484229,-15.430097794539478,5907
-16.138418050157824,-78.20868114574809,-15.42894892060761,5908
-15.790701981070145,-77.94506500473305,-15.427850032975453,5909
-15.445674445265707,-77.68139433598569,-15.426758904794617,5910
-15.103376667902168,-77.41780330233907,-15.425669418887665,5911
-14.763843530296109,-77.15541216360786,-15.42448726366575,5912
-14.42120425808047,-76.88994994786346,-15.423134267958076,5913
-14.074388583203993,-76.62057604500718,-15.421606879315796,5914
-13.730381790000186,-76.35174233157647,-15.420085902162521,5915
-13.389812561426389,-76.08393829055672,-15.418569035003092,5916
-13.053317508106106,-75.81766807913765,-15.41705459933003,5917
-12.722287021540794,-75.5544366254813,-15.415506014580536,5918
-12.388369212234641,-75.28827245178516,-15.413970874585564,5919
-12.050436731982339,-75.01836010350334,-15.412463991973663,5920
-11.712468124353581,-74.74707676244698,-15.410885723190576,5921
-11.3744887586084,-74.47454820649703,-15.409237765775533,5922
-11.036511319111927,-74.20090021373119,-15.407521591118023,5923
-10.700189245255089,-73.9262585603172,-15.405836857234066,5924
-10.365522537387582,-73.6507490238153,-15.404185336796543,5925
-10.032511195577474,-73.37449738196977,-15.402569331322725,5926
-9.69950178110766,-73.09861550992797,-15.400880516820283,5927
-9.366481609333828,-72.82302374879217,-15.399115647665889,5928
-9.033425310721423,-72.5476508250295,-15.397271176491927,5929
-8.701202415850146,-72.27144775128093,-15.395352140119005,5930
-8.36993025748879,-71.99456546057489,-15.393352534323675,5931
-8.03971982582597,-71.71715488611332,-15.391266128707027,5932
-7.709768184667419,-71.44035305979895,-15.389129675598637,5933
-7.3800055687067285,-71.16410547836917,-15.386944497004471,5934
-7.050349527749768,-70.88836602392485,-15.38471199069212,5935
-6.721612511862713,-70.61211086504753,-15.382441338313054,5936
-6.393854773088508,-70.33551609063457,-15.38014948807554,5937
-6.0671302208938265,-70.05875778975675,-15.377853464016171,5938
-5.740740568474556,-69.78299814815622,-15.375643312758186,5939
-5.414882427248025,-69.50820781793101,-15.37352526336594,5940
-5.0897397237584405,-69.23436583652904,-15.371506224660294,5941
-4.765321968233641,-68.9592736123178,-15.369525881531313,5942
-4.441464260445209,-68.68291018285952,-15.36759389905961,5943
-4.117989015269035,-68.40524620072249,-15.365720093764521,5944
-3.7948676952787106,-68.12842994544728,-15.363881993633687,5945
-3.4722208042213474,-67.85243206917971,-15.362083713776993,5946
-3.1501561609734816,-67.57723160940054,-15.360329294036632,5947
-2.8287689007199077,-67.30182989168883,-15.358618857010258,5948
-2.5081414732552516,-67.02642816043122,-15.356948587933124,5949
-2.188343643510106,-66.75122766017121,-15.355314596850283,5950
-1.8703400736282323,-66.47621581247017,-15.353778924693733,5951
-1.5543432305349882,-66.20116621757055,-15.352332287063852,5952
-1.2405592385806161,-65.92585247586537,-15.350965852889164,5953
-0.9264156659146673,-65.64927591083385,-15.349524585158964,5954
-0.6123263467549767,-65.3718432039599,-15.348001345607559,5955
-0.2986765747378386,-65.09395265168376,-15.346388316818855,5956
0.014176895889453704,-64.81479424643321,-15.34476344752423,5957
0.3214307376728005,-64.5389647467888,-15.3431335368027,5958
0.6237175940663653,-64.26568223511475,-15.341505349263999,5959
0.926695099023589,-63.99094823430462,-15.33982742692759,5960
1.2299280133790056,-63.715169426071725,-15.338092981074427,5961
1.5330143952539608,-63.438744107071955,-15.336294751444488,5962
1.8355855985435139,-63.16086227013102,-15.334533059862926,5963
2.132271774717267,-62.887599820554556,-15.332839647084178,5964
2.4238197278298004,-62.6178666853978,-15.331222450296629,5965
2.7141613503718336,-62.34687576040986,-15.329539369266962,5966
3.0030017260723127,-62.074853445817354,-15.327792327607703,5967
3.290064965782176,-61.802026141956304,-15.325982569678958,5968
3.5760017918043654,-61.52840642781576,-15.324180518946767,5969
3.8607424393265424,-61.25379305983023,-15.322388518530047,5970
4.1442425129709095,-60.977984794548306,-15.320608760826097,5971
4.425575402040029,-60.70198030583158,-15.318838244691088,5972
4.704579378221902,-60.42580055721385,-15.317088408718993,5973
4.981111740329848,-60.14947489750909,-15.315370465182344,5974
5.25595639650458,-59.873041059464676,-15.313605861874969,5975
5.5291767700450425,-59.59654516210176,-15.311802752848209,5976
5.80086165367112,-59.320041709712726,-15.309968386314281,5977
6.070963478739213,-59.04239367176868,-15.308178968752705,5978
6.339298319205717,-58.7634501158749,-15.306442392213633,5979
6.605707618432692,-58.48306010972124,-15.304766171489929,5980
6.870058189696732,-58.20325873477963,-15.303102223482547,5981
7.132242214107912,-57.92391182898138,-15.301464555166083,5982
7.392177242189978,-57.64490200068238,-15.299866343088924,5983
7.6505520436755114,-57.363942611316524,-15.298302192840685,5984
7.90717952164128,-57.08093303973475,-15.296787319842236,5985
8.161904290841356,-56.79577266484554,-15.2953359582188,5986
8.413856824567485,-56.5095607863268,-15.29417326794172,5987
8.663100546160932,-56.22241898953294,-15.293284374242912,5988
8.909724248354886,-55.93447724507073,-15.292655157526072,5989
9.153680361927226,-55.64467398755329,-15.292196632668082,5990
9.394784960917404,-55.35293375088872,-15.291882186635828,5991
9.632879488736714,-55.059181069041905,-15.291685433121238,5992
9.868738341933815,-54.765526490085556,-15.29159677234508,5993
10.102421772518893,-54.4719113182288,-15.291603822529167,5994
10.33402174418308,-54.178293628080155,-15.291694503970843,5995
10.562754346328617,-53.88246224925038,-15.291857057487489,5996
10.788606894880722,-53.58439202661034,-15.292080007475427,5997
11.011592075124383,-53.284057805078916,-15.292352180548766,5998
11.23249379577939,-52.983620442212086,-15.292667712761705,5999
11.451220094048102,-52.68307155337955,-15.293006483146918,6000
11.667710718791257,-52.382419524329514,-15.29334874829744,6001
11.881191274228184,-52.079503496229115,-15.293576744922126,6002
12.091820318087898,-51.774348624625134,-15.293670729213892,6003
12.29978177744686,-51.466980065096415,-15.293610580057427,6004
12.503761849359137,-51.16080890756686,-15.293533236342142,6005
12.703419636215424,-50.856099285677445,-15.293419027730923,6006
12.898430096333165,-50.5531404886292,-15.2932491143922,6007
13.088484042548592,-50.25126086457491,-15.292969979009136,6008
13.27873362935794,-49.94560581130587,-15.29257188113596,6009
13.469909806109104,-49.63573720311357,-15.292045575586828,6010
13.65667126182088,-49.32758168709364,-15.291436347420877,6011
13.83872228777446,-49.02145370780751,-15.290721552954135,6012
14.015778274456144,-48.71769286537629,-15.289879548895312,6013
14.187565712374095,-48.41666391512507,-15.28880978276268,6014
14.35994835594562,-48.11155724924708,-15.287485003255089,6015
14.533809368237112,-47.801454690331816,-15.285898044618248,6016
14.705839978630147,-47.49042640533543,-15.284080039076919,6017
14.875951396350658,-47.17882037963102,-15.282041667839161,6018
15.044080199927999,-46.866992983767126,-15.279793989712918,6019
15.20944248587989,-46.555095152898815,-15.277360429206343,6020
15.372180955719571,-46.24307238335834,-15.274737551003005,6021
15.532457337995666,-45.930878556666535,-15.27192244842808,6022
15.690452387612034,-45.61847593931663,-15.268945155947902,6023
15.846365886657463,-45.30583518309162,-15.265809825835323,6024
16.0004166442529,-44.992935324961856,-15.26252136550973,6025
16.153588346958205,-44.67976378469319,-15.259084256923767,6026
16.305982471796373,-44.36631637000285,-15.255522169728145,6027
16.457725865090506,-44.05259727377552,-15.25185945319772,6028
16.607317309456235,-43.73861907705528,-15.248124242966082,6029
16.754921704367447,-43.424402742676,-15.244328845095009,6030
16.900716634036847,-43.10997761866363,-15.240486320803479,6031
17.04563821578578,-42.79418151767715,-15.236646756798159,6032
17.189734016818974,-42.47683835139233,-15.232838429765135,6033
17.333070631333452,-42.15777203148496,-15.22909059809951,6034
17.47408025025492,-41.83800639167888,-15.225455104915845,6035
17.61285483678221,-41.51758755055283,-15.221967171015239,6036
17.749492696564467,-41.196570011888454,-15.218663149878294,6037
17.885006057596783,-40.87501666109728,-15.215366364394143,6038
18.019673980391048,-40.55299877164057,-15.21207926694878,6039
18.153788210188363,-40.23059600215773,-15.208803932557279,6040
18.287491446529945,-39.90789639580274,-15.205542058115679,6041
18.420777347577676,-39.584996382238494,-15.202294964117229,6042
18.553652256206046,-39.26200077629843,-15.19906359367767,6043
18.68613520004169,-38.93880895606316,-15.195880929438765,6044
18.81825788990062,-38.615114862748335,-15.192753164102882,6045
18.950064721317467,-38.29062082274049,-15.189686339523417,6046
19.080866923096497,-37.9652513716458,-15.186695223965227,6047
19.210889646351617,-37.63915324951795,-15.183783703934791,6048
19.340364384639496,-37.31248158159995,-15.180955590592774,6049
19.469367240909193,-36.9841999589497,-15.178146698627627,6050
19.59781893676065,-36.65425807080132,-15.175362087169697,6051
19.725646536200887,-36.32260560639388,-15.172606211544089,6052
19.85369102852337,-35.99039217210828,-15.170034603106803,6053
19.98206023298998,-35.657789663846906,-15.16764016315465,6054
20.11087465356971,-35.324978362683204,-15.165416397134862,6055
20.239359899409514,-34.99193311506796,-15.16349296190629,6056
20.367493771715722,-34.65842332851493,-15.161802322027267,6057
20.49526041413424,-34.324226795725494,-15.160278829778813,6058
20.623396155718826,-33.987124797707516,-15.15906842604036,6059
20.751742441717035,-33.647801774568684,-15.158082553778732,6060
20.88015340201551,-33.306931684947436,-15.157236261382755,6061
21.008495846887776,-32.963978086745875,-15.156372578470982,6062
21.135530526368036,-32.626027927689755,-15.156511837407955,6063
21.26138269601457,-32.292106429704404,-15.157333687061696,6064
21.38655369669675,-31.957825209289258,-15.158680834293584,6065
21.511097436079027,-31.623003984139928,-15.160264899993834,6066
21.635074164306843,-31.28747085717728,-15.161811171075817,6067
21.758388735653195,-30.949057420107117,-15.162891238802757,6068
21.88079063213125,-30.608498424084065,-15.163305341616992,6069
22.002035678144235,-30.266518138831632,-15.162865911735892,6070
22.122793615702392,-29.922630431316215,-15.161343556504725,6071
22.24188227938493,-29.583972560976548,-15.160336440770234,6072
22.359484004179794,-29.249620060347333,-15.159314166188741,6073
22.476157206841304,-28.915234853418923,-15.157107296226874,6074
22.592012875236712,-28.5806869689543,-15.153377921998,6075
22.707168339745564,-28.24585482094763,-15.1478093508331,6076
22.821585547650812,-27.910625210800035,-15.141207852352832,6077
22.935071057569246,-27.574893323506373,-15.133090894723477,6078
23.04743777065141,-27.238562729307375,-15.123006449058797,6079
23.159412510416082,-26.90055928642368,-15.111599649784683,6080
23.27098893264715,-26.56100877137432,-15.098240244321211,6081
23.382173377942173,-26.220036960747727,-15.082337618770687,6082
23.492077292727792,-25.87776963223004,-15.063380167016263,6083
23.60056431662721,-25.53433256327935,-15.04085685440128,6084
23.70750443180789,-25.189851531428268,-15.014296586977947,6085
23.81368154389817,-24.845438405431196,-14.982939681909045,6086
23.919146389444006,-24.501013526238815,-14.946463368421043,6087
24.02396238982497,-24.15650562000928,-14.90458202283762,6088
24.12820565230612,-23.81185179711854,-14.857350980462408,6089
24.231964967241836,-23.46699755426739,-14.804499868582594,6090
24.335341809830865,-23.12189677335597,-14.745798028648375,6091
24.437542756522113,-22.775525625822116,-14.680752634444223,6092
24.538526582678372,-22.428060201522214,-14.60927534823038,6093
24.638258406197757,-22.07967659034113,-14.531314979406073,6094
24.73745553361432,-21.7303370543637,-14.446360259378602,6095
24.835940381478274,-21.37979004077887,-14.354537881868213,6096
24.93354805111085,-21.027783996754344,-14.256007459623605,6097
25.030288061889415,-20.675267286355606,-14.150932956101613,6098
25.12634434007565,-20.32221056298381,-14.039541517850038,6099
25.221913496745355,-19.96859286518472,-13.922092983905353,6100
25.317043093005083,-19.613415519383555,-13.79874552400295,6101
25.411631655085152,-19.25687977244556,-13.669869361494522,6102
25.505590393971826,-18.899186871195525,-13.535866204199962,6103
25.598843207872303,-18.541524156119433,-13.396952725760704,6104
25.69132667620791,-18.183887437500843,-13.253591941528251,6105
25.782990063179057,-17.82628091073439,-13.106276690267693,6106
25.873795310275057,-17.46653114021549,-12.955596934950357,6107
25.963717050510567,-17.104642320956334,-12.801984848830887,6108
26.052742601624495,-16.740610262723553,-12.645903410148238,6109
26.13996440195397,-16.379308221179077,-12.487306404299616,6110
26.22522707011003,-16.021231972907458,-12.32675119402015,6111
26.308381567265208,-15.666904546232614,-12.164821662199962,6112
26.389285194049908,-15.315890124542346,-12.002137093534946,6113
26.46916293148708,-14.960872217301432,-11.837979343991421,6114
26.54813686795775,-14.601152759841662,-11.672759486384415,6115
26.626637020865733,-14.240195666794119,-11.507320355762165,6116
26.704577771928893,-13.878005132624581,-11.34199540693311,6117
26.781892529782063,-13.514576966460218,-11.177138857902882,6118
26.85688031537917,-13.153798332479832,-11.01260518354778,6119
26.929499909098954,-12.79637044283139,-10.848994225523807,6120
26.99971643380466,-12.443013376180588,-10.686921794267882,6121
27.068247207544616,-12.095452169229317,-10.527348190539142,6122
27.13627598107574,-11.746139737665244,-10.368697278384293,6123
27.203889958965522,-11.394155809054155,-10.21116797022637,6124
27.26999892011897,-11.041764388347458,-10.055560096862505,6125
27.33480581862423,-10.688969668381397,-9.902274421779282,6126
27.398526293180957,-10.335767456633748,-9.751719258848908,6127
27.461226933269835,-9.982145171718644,-9.60355942419045,6128
27.52282529053148,-9.628081851292068,-9.457873100666228,6129
27.583251601174272,-9.273548147621106,-9.314741566905406,6130
27.64244878160794,-8.919706242224104,-9.172392548677502,6131
27.700372437144328,-8.56673222347752,-9.030768853199383,6132
27.756990857629532,-8.21480217951482,-8.889802642082751,6133
27.813030863046244,-7.864092195858482,-8.749482609172091,6134
27.868330727298158,-7.514778361306925,-8.60969712538234,6135
27.922747751049716,-7.167036764392923,-8.47032452000927,6136
27.97541241128107,-6.819843580003985,-8.3315174191693,6137
28.026375446166206,-6.473152689221497,-8.193232145092791,6138
28.07570027837997,-6.126909587725109,-8.055416790484541,6139
28.12346301229373,-5.781051385723422,-7.917574763915514,6140
28.169752439088718,-5.435506808485506,-7.779588320099466,6141
28.21467003442737,-5.090196195876652,-7.641328313141496,6142
28.25907581123159,-4.746231418460532,-7.503474366981747,6143
28.30294122996964,-4.403738253670889,-7.365848221642762,6144
28.34625677786945,-4.0628424786891255,-7.228266634150119,6145
28.38812438470032,-3.721483863236819,-7.090755748456732,6146
28.42840452229097,-3.3797714147399276,-6.953315792141641,6147
28.466970346913527,-3.0377973700787835,-6.8159429158450795,6148
28.50461527713866,-2.696623287756915,-6.678508733552609,6149
28.54140590681589,-2.3561024270123814,-6.541034838831469,6150
28.5774278565062,-2.016079661677738,-6.403537691258724,6151
28.61187820240401,-1.6775914020049212,-6.266200308987722,6152
28.644712549853868,-1.3406879591358887,-6.129078148281805,6153
28.67589918869576,-1.0054196440035916,-5.992222663953482,6154
28.70541908948402,-0.6706368501471729,-5.856013254809203,6155
28.7332659099714,-0.33616768170801686,-5.720470986141705,6156
28.75944599238114,-0.001831857451011807,-5.585615564370885,6157
28.783978360851652,0.33234546634050804,-5.450912704804458,6158
28.806894727862034,0.6661336980111555,-5.316332961791387,6159
28.828239490337122,0.9993106312737744,-5.181841453679755,6160
28.848815573671853,1.3318762694899522,-5.0475331761145865,6161
28.86853735811669,1.664052819298109,-4.913495749604493,6162
28.88733825058424,1.9960708727294312,-4.779811887160985,6163
28.904424846303556,2.3269694876830407,-4.647196760252252,6164
28.919923989986486,2.6567738199971074,-4.515586229363062,6165
28.93397521083854,2.9855090257193906,-4.384916683636028,6166
28.946568984382004,3.3141863546095314,-4.254221961054876,6167
28.957546755723925,3.6426255252658453,-4.123398058756109,6168
28.966762654375408,3.9706546416516963,-3.992334707346135,6169
28.974245232010624,4.297124098555312,-3.8620487608635736,6170
28.980197440219836,4.622084207578216,-3.732546937950838,6171
28.984834915083038,4.945585280527234,-3.6038379204423348,6172
28.988224239528435,5.268877545347634,-3.475310618746485,6173
28.99028296404076,5.592233519514267,-3.3469498573133545,6174
28.990941323514736,5.915934105869422,-3.218737742670381,6175
28.991049811364935,6.240054772520618,-3.0907353793007215,6176
28.99073210253308,6.564465550153253,-2.9630044520175325,6177
28.990130898600366,6.8890448548305105,-2.8356042296660084,6178
28.98924619555897,7.213679487550971,-2.7081760858306,6179
28.987935294120433,7.538264633346472,-2.5806101661830962,6180
28.986074521596024,7.862703862630113,-2.452791633360139,6181
28.982813394015754,8.18592303386538,-2.3252964298591707,6182
28.978221675727287,8.508047924597077,-2.1980971479104916,6183
28.97238181551554,8.829204312572092,-2.0711663798826327,6184
28.964481367249128,9.150504065094925,-1.9440667893003005,6185
28.95446008048076,9.471867523100139,-1.8168138546149886,6186
28.942264046918584,9.793223412845387,-1.6894197323379858,6187
28.92949911712621,10.114508851807408,-1.5619893101524926,6188
28.91613675229553,10.43566933656057,-1.434563359451656,6189
28.902167440210583,10.756658749049029,-1.3071799336447605,6190
28.88685485174839,11.077439353637137,-1.1800781580083421,6191
28.870382911968804,11.397981803129401,-1.0532864583977868,6192
28.85294823031712,11.71826513567693,-0.9268321282498394,6193
28.834598365884013,12.038276771477914,-0.7996220509719769,6194
28.815231843906936,12.358012518007069,-0.6716976022188134,6195
28.794759873945225,12.677476568065586,-0.5430903425067358,6196
28.772360511318123,12.995481578935939,-0.4139067340214828,6197
28.748125719979726,13.311826307860436,-0.2843281322169068,6198
28.722153806030896,13.626309512211542,-0.15452607744098307,6199
28.69454940704454,13.939929860216113,-0.02334348678519626,6200
28.665423514078178,14.252708316991498,0.10872495168134322,6201
28.634893460251337,14.56467423289866,0.2412058412920288,6202
28.603828752434453,14.876851432802134,0.37537774623319564,6203
28.572204026364982,15.18908060183124,0.5104280386779346,6204
28.54000660194825,15.50121919547342,0.6455801806341325,6205
28.506490640969457,15.812155339713556,0.7807081825423264,6206
28.4718242150198,16.121985467602656,0.9150817153630577,6207
28.436181737663745,16.430814397349383,1.0480113719590978,6208
28.40048981164174,16.739527610967997,1.1772196477822594,6209
28.364780151806837,17.047613615982893,1.3023703312920836,6210
28.32909715721508,17.35457769028326,1.4231545425907381,6211
28.29184449876363,17.660155699043266,1.5385207186853347,6212
28.253079257364874,17.964314103222492,1.6482432596371241,6213
28.212858513736197,18.267036134112576,1.7521178569260771,6214
28.172892757110812,18.568321795334054,1.8512208053126205,6215
28.1332517525193,18.868187858841413,1.9454383989106885,6216
28.094017949174244,19.16666786693658,2.034687736552615,6217
28.05363306878811,19.4635983028939,2.1186165518535245,6218
28.012192246210734,19.758618606707408,2.197113025414442,6219
27.969790616066422,20.051384988657926,2.2700941794735305,6220
27.92817672404159,20.341784255588642,2.3378254156165137,6221
27.88745838743816,20.629933801067466,2.400312661220023,6222
27.84775610773547,20.915967788986986,2.457593025896817,6223
27.80754965448081,21.20102324026179,2.509482449516373,6224
27.766972213771552,21.485062423005463,2.556026686039271,6225
27.726156971444748,21.76807276075378,2.5973009351052907,6226
27.68598296156023,22.048866918809523,2.633175998901736,6227
27.64642798670351,22.327260424235227,2.663749651295482,6228
27.607476191439684,22.603085574378913,2.6891474508039823,6229
27.56746465203758,22.875205335212698,2.7097395634920787,6230
27.52637751136797,23.14369098042709,2.7257682371941274,6231
27.48419256989577,23.40862216878787,2.7375049388416475,6232
27.442534690453616,23.672272958661463,2.745285455690556,6233
27.40138167333712,23.93475654909883,2.749470648794953,6234
27.360717660783013,24.196211294572464,2.750450749428649,6235
27.319787301459947,24.455600787062295,2.7481714584793733,6236
27.27874280649341,24.712891485721375,2.743035918475907,6237
27.237736386801206,24.96806661995034,2.735473169036105,6238
27.196012683934853,25.221126185452995,2.725795331772014,6239
27.153555839945245,25.47208695121742,2.714491734088607,6240
27.11034365447364,25.720982456452457,2.702076467927754,6241
27.068000996981677,25.967863015777716,2.6891292591470375,6242
27.02650566695613,26.212795708573882,2.676256236817024,6243
26.985841805878398,26.45586438448334,2.664088445606798,6244
26.94434648897523,26.69716965895839,2.652492693660392,6245
26.902003857631136,26.93682892216934,2.642042153670077,6246
26.858791710849424,27.17497633451392,2.6333292512347968,6247
26.816334919810632,27.411762834211693,2.6263570970889356,6248
26.77461128384213,27.647356122178415,2.6216963348699895,6249
26.73360494431063,27.88194066961551,2.619932406567768,6250
26.692560550906425,28.115717721502442,2.6197616339025074,6251
26.65163031431142,28.348905291068473,2.621481420092862,6252
26.61096644511109,28.58173816184986,2.6253905273498876,6253
26.570559440747935,28.813267979844724,2.629528613464322,6254
26.53023806209384,29.043540862786944,2.633813493961446,6255
26.48983107001447,29.272611313621923,2.638148412430354,6256
26.450074792494718,29.501742142015917,2.641847812051584,6257
26.410966058274422,29.731226828668966,2.644735359167167,6258
26.372508038275747,29.9613756246898,2.6466159201368566,6259
26.333802678190402,30.19011571211876,2.6489320303432855,6260
26.294697765213176,30.4173464678478,2.6518031327348206,6261
26.255041086531197,30.64296726881201,2.655341270976269,6262
26.21558799213193,30.868077409406443,2.660056203662087,6263
26.176354336309075,31.092798473233156,2.666169114141236,6264
26.137362315506934,31.31726042910588,2.6738964291059006,6265
26.097732898977057,31.54258772474482,2.6827262484441388,6266
26.05733290028047,31.768721662749098,2.692790888061423,6267
26.016029132920455,31.99562031608166,2.704212622097393,6268
25.974595987298052,32.22107252285255,2.7170311493224983,6269
25.93306834547421,32.4450531271313,2.7313212544541496,6270
25.891487431713394,32.667536973074775,2.7471472273776305,6271
25.849739081552087,32.889698820979135,2.7643077314487665,6272
25.807553750978073,33.111735720386186,2.7828652065656656,6273
25.764668238147273,33.333853106088235,2.8028695592765143,6274
25.720987411892246,33.5560509779162,2.8243187981935405,6275
25.67658420824003,33.77812389953788,2.8472374605290884,6276
25.631537905399224,33.999874819876304,2.8716372481566053,6277
25.585772400119893,34.220128979962325,2.897343290872372,6278
25.539056202385158,34.43891153398124,2.924386317249499,6279
25.491164164380116,34.65624763623283,2.9527827104303532,6280
25.442785044542894,34.87336236031403,2.982501674216901,6281
25.393874446945986,35.09050306766637,3.0135632554671785,6282
25.344400660030278,35.30792550502658,3.045972778163743,6283
25.29343708870382,35.525679979446814,3.079796470932786,6284
25.24080932347266,35.743611364830414,3.1150242148681015,6285
25.186349297012068,35.96157292035086,3.1516316966908025,6286
25.131548696321644,36.17844020292028,3.189585754530515,6287
25.07626482240854,36.39428867819954,3.2288835948503958,6288
25.020374002855377,36.60919381201751,3.269508078732348,6289
24.963025749710162,36.82323106725089,3.3116067946013708,6290
24.904289827371308,37.03647591049888,3.355139123267614,6291
24.84424868461831,37.24900380850301,3.4000514591702142,6292
24.78283572326427,37.46187632021339,3.446420775363102,6293
24.719835309910927,37.67496347531143,3.494180100022667,6294
24.655044495495904,37.88814368876325,3.5432505320335768,6295
24.588434745310632,38.10031766864186,3.593535776712258,6296
24.52015192998857,38.311586037361735,3.644980983219377,6297
24.450354604533704,38.522049417480645,3.6975191448647218,6298
24.37905227675901,38.73279452311153,3.7512953229326884,6299
24.306105419502614,38.94371653975335,3.806235260099688,6300
24.231387189926156,39.15471903818563,3.8622542042870633,6301
24.15569099609602,39.36472787643857,3.9203949154934064,6302
24.0790834321845,39.57386883392781,3.980357086139329,6303
24.00165011886994,39.78226769015851,4.041839427096599,6304
23.922588124427367,39.991036298321475,4.106876349160968,6305
23.841853056667887,40.200095004568624,4.174720307334346,6306
23.759413207621613,40.4093725401268,4.244642481098743,6307
23.67524955426882,40.61880602276611,4.315697208725575,6308
23.589355756804128,40.828340953124936,4.387310222381741,6309
23.50173815964788,41.03793121693073,4.458923713657998,6310
23.41241579357571,41.24753908968697,4.529319919819607,6311
23.32142037095161,41.457135225938146,4.59817014325217,6312
23.22879628838361,41.66669866535921,4.66515618111577,6313
23.135346484930565,41.876216877025755,4.724261433029513,6314
23.04098533848333,42.08568566122664,4.776437562393212,6315
22.945646253508787,42.29510920375924,4.822597953175061,6316
22.848535808761298,42.50330012290696,4.868507256490357,6317
22.749780849228635,42.71005717636218,4.914055918356632,6318
22.649520904187572,42.91517912185438,4.9591374048293595,6319
22.548654020837652,43.119664628224214,5.004404106218719,6320
22.447189713647383,43.323534660623544,5.04958104484859,6321
22.34515652350234,43.526818569358035,5.094402756312361,6322
22.24169444622918,43.730540176496426,5.139084946532016,6323
22.136702008301075,43.934540166157724,5.183363697026239,6324
22.030090420383733,44.13867599271184,5.226988302216406,6325
21.9219453083558,44.34162196599958,5.2697695093119155,6326
21.8125267035245,44.54304687537464,5.311481490725972,6327
21.702107321427288,44.74262789528933,5.351912009239173,6328
21.590810830159626,44.94125049755018,5.391064603390911,6329
21.47861186165307,45.13883083200345,5.428805634011089,6330
21.365497732025982,45.33530181872798,5.465016411378517,6331
21.251468441332133,45.5306131466708,5.499720922111015,6332
21.136536674196766,45.724731276242665,5.532850534652118,6333
21.02072779942947,45.917639438076975,5.564352472918571,6334
20.904825714107805,46.10813771957465,5.594154294776919,6335
20.788725773000323,46.29602068490674,5.622242332689362,6336
20.67234235726465,46.481091283330265,5.648618472548017,6337
20.553955463746423,46.6643607582569,5.673407021703666,6338
20.43350484117334,46.84587103516529,5.696678234597363,6339
20.310936580271783,47.02568080972624,5.718518598631717,6340
20.187856520957396,47.20386555259589,5.738917768128454,6341
20.06423612283629,47.38051750006244,5.757984239883275,6342
19.940065871877895,47.555745658642245,5.77584191317382,6343
19.81370187611973,47.72946197915483,5.792551351412531,6344
19.685159991064207,47.901381365812554,5.8082666517369095,6345
19.55446241422821,48.07123549302104,5.823156709724853,6346
19.423291089670116,48.23898662993143,5.837520969273389,6347
19.291693582483013,48.404827633840455,5.851593336864031,6348
19.159736484123766,48.56896813226344,5.865623272465797,6349
19.02659784818522,48.731420698793755,5.879791277138256,6350
18.892214252399082,48.89200085839854,5.894365758482192,6351
18.756534958689066,49.050540906243214,5.9096300735602805,6352
18.619521914273506,49.208089830892675,5.924611478224005,6353
18.481149749812293,49.364735675969044,5.939394837024274,6354
18.34140578016442,49.520591640499894,5.954071054809829,6355
18.200290017277332,49.67459618343749,5.966007425729213,6356
18.057815146942154,49.82669061181889,5.974808432630909,6357
17.91400653923863,49.976833003072656,5.980065496622715,6358
17.76890224692885,50.12499820190684,5.9818184600386965,6359
17.6225530085069,50.27117782595188,5.979732056739241,6360
17.475022246743762,50.41538026320795,5.973461129924911,6361
17.32638606542042,50.55763066461749,5.9636712669793575,6362
17.176733255444525,50.6979709577551,5.950176054259171,6363
17.026165291977076,50.83645984051233,5.932786360141947,6364
16.873888744443473,50.97415881909758,5.918432314056735,6365
16.7198623851098,51.110954685738584,5.908241724397314,6366
16.56405132814438,51.24675938774055,5.903389437381643,6367
16.408080455547754,51.38052397981863,5.89933552665298,6368
16.251940253072004,51.51241616355374,5.89629589131426,6369
16.095640232869258,51.64262041077769,5.894493150240871,6370
15.937555529959786,51.772324060347856,5.893184257589044,6371
15.777721025900131,51.901539689709224,5.892425198015877,6372
15.616177944304713,52.030305031726954,5.892271880821076,6373
15.453719696287223,52.15649697031848,5.892438236189282,6374
15.290244806991312,52.280186779202346,5.8929236983361175,6375
15.125664485834392,52.40145411724862,5.893725209935201,6376
14.960064351394454,52.52137312334991,5.894795940121769,6377
14.79370443304914,52.63983479137085,5.896123695082634,6378
14.626857444443527,52.75674688548381,5.897693487535019,6379
14.458901218034136,52.87203393778011,5.8994952354576125,6380
14.289965768418483,52.98563725260026,5.901523766719689,6381
14.120187452284668,53.09751490457573,5.903771115703123,6382
13.949708968706613,53.20764173894347,5.906189082092389,6383
13.778679358711004,53.316009370996625,5.90876766208837,6384
13.60725400541679,53.42262618632153,5.911493756397568,6385
13.434687068752321,53.52751733836502,5.9143855062848925,6386
13.260978548490336,53.63072475293973,5.917433474218902,6387
13.086128444320096,53.732307126134096,5.920625353663391,6388
12.911044321368344,53.83233992600224,5.924008872408018,6389
12.73589424697236,53.93091538964325,5.927574140782474,6390
12.560852630562428,54.02814252444322,5.931308853141279,6391
12.385192658503342,54.124147105608714,5.935248456751778,6392
12.208933356915688,54.21907168081718,5.939378116594022,6393
12.03209375183815,54.31307556801527,5.943680959166925,6394
11.855600437375402,54.40513494284462,5.948136887519373,6395
11.679640507677783,54.49522045771924,5.952742202219896,6396
11.504407399008649,54.58331115018912,5.957491089803434,6397
11.329193322006002,54.67059435539308,5.962409968714919,6398
11.154036329176632,54.75728808724746,5.9674986520076905,6399
10.978974472947455,54.84362712993671,5.972755065260236,6400
10.80404580846555,54.9286631234552,5.978159404270343,6401
10.629288388627906,55.01244218616933,5.983713368246663,6402
10.454740266270784,55.09501882156708,5.989416617851791,6403
10.27969365512317,55.17645591766567,5.995279504326607,6404
10.104341991214646,55.256824748392525,6.001303462983615,6405
9.928872368344614,55.33620497279132,6.007487966086006,6406
9.754211377426572,55.414684635320874,6.013878769516323,6407
9.580378044781641,55.49236016527438,6.0204698717060925,6408
9.40739139667136,55.56933637706348,6.027253685554175,6409
9.235270459480878,55.64572647088358,6.034157707598226,6410
9.064034259478122,55.72165203123892,6.041201380622058,6411
8.893701822872368,55.797243027757865,6.048401957862156,6412
8.723546336913413,55.872637814713244,6.0557864848366245,6413
8.553742211026183,55.94798313233767,6.0633525846185945,6414
8.384457512408543,56.02343410598289,6.071095841733975,6415
8.215853968828622,56.09696823808744,6.079029466642339,6416
8.048086963443485,56.16874065404198,6.087145117947041,6417
7.881305537203086,56.23889809406022,6.095432566562076,6418
7.715490660453653,56.30976492016113,6.1038962940372175,6419
7.5504552388787465,56.38148787215192,6.112535848281583,6420
7.386005835931937,56.45422207495175,6.12134896515713,6421
7.22210440085709,56.52693112578038,6.1302694066081145,6422
7.058868263865278,56.59956471371606,6.139304231675478,6423
6.896408412956169,56.672072527814024,6.148458158777656,6424
6.734667766652422,56.74461807736723,6.157755174558879,6425
6.573421177558785,56.817578693682805,6.167199321426831,6426
6.412437156054893,56.89133170803794,6.176792452158079,6427
6.251639597676678,56.966040631276236,6.186571671551136,6428
6.091107779601938,57.0416551525502,6.196530901253535,6429
5.930914636796878,57.118124960987366,6.2066621753039195,6430
5.7711267622780165,57.194413652999444,6.216910058113926,6431
5.611804406648897,57.27067635363513,6.227289311755471,6432
5.453001478303268,57.34705980277615,6.237812357602297,6433
5.295511382239169,57.42370235574386,6.24845953643053,6434
5.139219959469465,57.50073398198577,6.2592575393399965,6435
4.984013050963528,57.57827626578752,6.27023041472648,6436
4.829030658672486,57.65644240639966,6.2813926144658145,6437
4.674314006737454,57.73533721786783,6.2927686021557285,6438
4.519897977087357,57.815057129076386,6.304380123186478,6439
4.3658111094229195,57.89569018378537,6.316262037605021,6440
4.212075601405199,57.977316040726826,6.328423104380235,6441
4.0587073084823455,58.060005973471256,6.340869515277515,6442
3.9064615826208384,58.14382287172065,6.353485617046294,6443
3.7551862119276094,58.2288212386647,6.366288813384145,6444
3.6047289844621733,58.31504719234169,6.37929295926045,6445
3.4541918493337773,58.40253846491761,6.392606777721198,6446
3.3035779777334278,58.49132440423112,6.406237781488788,6447
3.152884198636703,58.58142597296346,6.420190689576324,6448
3.0021009987419616,58.67285574959292,6.434389441517213,6449
2.8512125227492717,58.76561792639012,6.448853667843557,6450
2.7001965731421986,58.8597083104761,6.4635995258614765,6451
2.5490246101052207,58.955114324025494,6.478645475624128,6452
2.397661751841523,59.05181500385038,6.494012279954612,6453
2.246066774336568,59.1497810016148,6.50971722844997,6454
2.095099675547952,59.24798849259277,6.525660626775483,6455
1.9448746147504128,59.34659679420007,6.541880718371796,6456
1.7955057511675192,59.445748453573415,6.558411291852766,6457
1.6461996794937237,59.54655534233789,6.575071696408392,6458
1.4969024914797155,59.64892103061555,6.591917802540705,6459
1.3475539366548768,59.75274070340913,6.608999289456975,6460
1.1980874221542457,59.85790115940001,6.626515934074015,6461
1.0484300132121382,59.964280813277156,6.644523493403574,6462
0.8985024328396618,60.07174969460125,6.6630726656909856,6463
0.7491266265734047,60.18115554409405,6.681968619900102,6464
0.6003787005756368,60.292146184873985,6.701280776719819,6465
0.4523347609567705,60.40436944010167,6.721071535111484,6466
0.3050709125369628,60.5176869557898,6.741270041852815,6467
0.15866326145349752,60.63217419751752,6.761946703216479,6468
0.013187913781760293,60.74790663091869,6.783163846713792,6469
-0.13293242657483764,60.86375980561278,6.805132429391948,6470
-0.27963433787168024,60.979586981034835,6.827878724435125,6471
-0.4268670827541713,61.09523303151559,6.851422209721671,6472
-0.5729392054339681,61.21053444228273,6.876206359155384,6473
-0.7178126527489243,61.32531931830516,6.902177074091089,6474
-0.8614493715947603,61.43940737941341,6.929277009166821,6475
-1.0054647118619724,61.55380987350671,6.9576054059991375,6476
-1.1498333049975047,61.66855195679143,6.98706513148133,6477
-1.2945424668397782,61.78365878547139,7.017557164903124,6478
-1.437938793680629,61.89894169161267,7.049241191620002,6479
-1.580022285604393,62.01399818985359,7.081947366217568,6480
-1.720792942745958,62.12842579480406,7.11550622074076,6481
-1.8609966043841237,62.24203584125987,7.149936620997028,6482
-2.0004778875958102,62.35485348619354,7.18507321797443,6483
-2.139087751677704,62.46690388654143,7.220752474654754,6484
-2.2775910612815764,62.579198290644236,7.256977096588832,6485
-2.416019527605532,62.691556419390544,7.293582676390953,6486
-2.554417546226885,62.80380637876511,7.330407902286781,6487
-2.6919346325405535,62.915784659257454,7.3673783204176955,6488
-2.8284724833193944,63.02733613724125,7.404329863437539,6489
-2.963939137545435,63.138314074181004,7.441102239131766,6490
-3.0975031388407883,63.24759402306043,7.477524264838212,6491
-3.229240593238673,63.35525145188526,7.513433499029585,6492
-3.359227606826029,63.461361828601895,7.5486711997169005,6493
-3.4891936866850064,63.56698671321826,7.58325445726695,6494
-3.6192276235210756,63.67199613734218,7.617042836668132,6495
-3.7494308924113717,63.776268517660526,7.649900886073369,6496
-3.879010088326133,63.87969065551887,7.681741784770654,6497
-4.007923987561274,63.98215773813804,7.712409695625135,6498
-4.136137708614831,64.08357333781336,7.741754217679812,6499
-4.262876874727348,64.18286331621788,7.7698183295986265,6500
-4.388274671402226,64.28015345206757,7.7964658650807355,6501
-4.512464284190494,64.3755695239867,7.821567528445148,6502
-4.636324735316678,64.47022340312942,7.845122109259799,6503
-4.759833827592352,64.56403543191614,7.867001555337275,6504
-4.882975706025682,64.65693433781703,7.887085666731134,6505
-5.005740857029911,64.75005714572416,7.905475521379006,6506
-5.128126109827956,64.84357155952746,7.922081688763351,6507
-5.250134635833918,64.93766205329737,7.9368241762307665,6508
-5.371775948373379,65.03132995436516,7.949875141085263,6509
-5.493065903148534,65.1245710704978,7.9612079309864345,6510
-5.614026698050971,65.21738959447835,7.970807067921627,6511
-5.733941034738327,65.30979810312424,7.978671350557699,6512
-5.85299917826731,65.4018175596348,7.984794248314332,6513
-5.971391393721413,65.4934773122164,7.989180480433486,6514
-6.090053784133443,65.58361517799413,7.992099533129198,6515
-6.209021231677205,65.6720550683376,7.9936150904163945,6516
-6.328334960712732,65.75862089446632,7.9938038981044555,6517
-6.448042536841979,65.84433648059286,7.992878474070961,6518
-6.568197868556174,65.92924794377208,7.990971400044564,6519
-6.688861206526431,66.01340978604603,7.988229150153726,6520
-6.809191579792511,66.09688489593245,7.984616435020874,6521
-6.929093855931847,66.17974454558903,7.98028875138962,6522
-7.048472902537059,66.26206839217156,7.975414053864984,6523
-7.168141149338867,66.34493057648238,7.969669561204519,6524
-7.288171531463119,66.42822209038661,7.963182908120417,6525
-7.408643326202343,66.5118506959326,7.9560905631901155,6526
-7.528734590783982,66.59475483398568,7.948307823996717,6527
-7.648369219143193,66.67708124327429,7.939960213839703,6528
-7.767471105230215,66.758985047577,7.9311804287489975,6529
-7.886871707173038,66.83942984530519,7.921778420574854,6530
-8.00666298634255,66.91836532487478,7.911829652993809,6531
-8.126943246292361,66.99574117463293,7.90141449727612,6532
-8.246909566898708,67.07369309055949,7.890538773792469,6533
-8.366504868882798,67.15218753132235,7.87927096222293,6534
-8.485672072967095,67.23120772581319,7.867683921500095,6535
-8.604354102091751,67.30856766625294,7.855791218870538,6536
-8.722493876781138,67.38426735206275,7.843645214846345,6537
-8.840034317578736,67.45830678259931,7.831302271506511,6538
-8.956918345030077,67.53068595795088,7.818747122314192,6539
-9.073088879657762,67.60140487755164,7.806030126972935,6540
-9.188488842003588,67.67046354077648,7.79320511824008,6541
-9.304714550846617,67.74004795651275,7.7803255768822535,6542
-9.421721611239835,67.81017489432466,7.767444580591952,6543
-9.539478312552538,67.88087789402466,7.754618680312175,6544
-9.656312229834068,67.95002125600966,7.741922960217876,6545
-9.772204336521547,68.01765529079675,7.729392264958783,6546
-9.887135606068439,68.08383030884099,7.717065138745312,6547
-10.00108701005718,68.14958271390589,7.704962657924273,6548
-10.114039522332387,68.2147573807558,7.6930884071055745,6549
-10.225974116739094,68.27920756923871,7.681449670551746,6550
-10.33777933033452,68.34300874520596,7.670155534699718,6551
-10.449604203667034,68.40645858198857,7.659161985261556,6552
-10.56160411944837,68.4698631379956,7.64842968913025,6553
-10.67303323848334,68.53332303429673,7.637958012888829,6554
-10.783891561190444,68.59673345745219,7.627667376365144,6555
-10.89417908798169,68.65999797908935,7.617483333576995,6556
-11.003895818783876,68.7230285547774,7.607438523074972,6557
-11.11304175405694,68.78574552690817,7.5974177658194435,6558
-11.221616894250376,68.84807762292948,7.5873119984860455,6559
-11.329621241456547,68.90897586184653,7.57703912381721,6560
-11.43705479570796,68.96859117757475,7.566485211092454,6561
-11.543917557040936,69.02707450393603,7.555542671719832,6562
-11.651117086689942,69.08556287037696,7.5439871430256895,6563
-11.758821452264279,69.14400177461275,7.531732363700607,6564
-11.867205063521187,69.20234509942998,7.518697433141127,6565
-11.975541109068816,69.26055511150389,7.504818792459407,6566
-12.083848615730595,69.31860246380607,7.4900110109389715,6567
-12.192146610316271,69.37646619437027,7.47419416956485,6568
-12.300454121823838,69.43314763445372,7.457164515387408,6569
-12.40879017649624,69.48884802801172,7.43888860330752,6570
-12.51717380058181,69.54376861892707,7.419337367306129,6571
-12.625624018342684,69.59909674503119,7.398424725804113,6572
-12.734159856354303,69.65482821364407,7.376164420105724,6573
-12.842800341180926,69.71096721716697,7.352573966673673,6574
-12.951564501026771,69.76632641900923,7.3276545306676555,6575
-13.060471362628864,69.82070457502626,7.301469380525413,6576
-13.16953995272501,69.87390044101248,7.27408525774619,6577
-13.278043458309556,69.92691268448621,7.245660000304958,6578
-13.386156288658709,69.979762267914,7.216266052912572,6579
-13.49404651087761,70.03247853882579,7.185980012932227,6580
-13.602621687600328,70.08509923209438,7.15482358234359,6581
-13.711881818678515,70.13767046510814,7.122881210496294,6582
-13.821826903950322,70.19024674033741,7.090241046397487,6583
-13.932456942887208,70.24267712550903,7.056893416987564,6584
-14.04377193604804,70.29460525069086,7.022946512531228,6585
-14.15577188397257,70.34568313104407,6.988511392433226,6586
-14.26845678749807,70.39578498814925,6.953674602743988,6587
-14.381826646316524,70.44500725008311,6.91853739255085,6588
-14.495881460106347,70.49345473001522,6.883203729074654,6589
-14.609875388127481,70.54222671743871,6.847815822841639,6590
-14.723963813380857,70.5912393601079,6.812475676359715,6591
-14.838295776673782,70.64042557599927,6.777288312354724,6592
-14.95285225593197,70.6875490466372,6.742286867216255,6593
-15.067446157338518,70.73255945953179,6.707589500504685,6594
-15.181884044917055,70.7754065021324,6.673316787803077,6595
-15.296127858515046,70.81921196297837,6.639565548874152,6596
-15.410294928619804,70.86373686460779,6.606428384422757,6597
-15.5244962435021,70.9087673849355,6.574000235948221,6598
-15.639582291630584,70.95192885292221,6.542232879144304,6599
-15.755495993868111,70.99304098684654,6.511209477195773,6600
-15.872180271055079,71.03193189009703,6.4810144768878235,6601
-15.988832204300985,71.06963796593101,6.45153144060986,6602
-16.105550096993756,71.10622629537646,6.422795968537831,6603
-16.222425910327072,71.14178072971617,6.394843585487081,6604
-16.339545265526873,71.1752019773254,6.367590132700561,6605
-16.456987439908538,71.2063852241773,6.341027870341257,6606
-16.574825368608394,71.23523404136117,6.315148228099907,6607
-16.693871479881043,71.26264648240145,6.289779006283246,6608
-16.814030642333147,71.28833745269881,6.264858856150888,6609
-16.93520772452849,71.31203862794746,6.240324541577084,6610
-17.05656175752891,71.33371227378723,6.21605499202321,6611
-17.17815299176186,71.35355124968576,6.191969347322096,6612
-17.300035335459942,71.3717651853893,6.167984482390269,6613
-17.4222563533068,71.38836665708163,6.1442720663012995,6614
-17.54485727025187,71.40317119278285,6.120729150339923,6615
-17.667872969035027,71.41601109077082,6.097252559426542,6616
-17.79207782795202,71.42673542225647,6.073693751962818,6617
-17.917338662513743,71.43521002579362,6.049937245921185,6618
-18.043522288179226,71.44131751021541,6.025867030922495,6619
-18.169749679071934,71.44615716431923,6.001621284742443,6620
-18.29604303299525,71.4498673442063,5.9771021586094,6621
-18.42241820551732,71.45261156136553,5.952213163019336,6622
-18.54888471144471,71.45337856526731,5.92711503787119,6623
-18.675445722401825,71.45215997182838,5.901715972867004,6624
-18.802098067787174,71.44896416718385,5.875927479932137,6625
-18.929578072194662,71.44381630876472,5.849776289575346,6626
-19.057714497640216,71.43675832243342,5.823208266907421,6627
-19.18633610606934,71.42784890428167,5.7961733543028355,6628
-19.315433380430047,71.41814961295584,5.768722503836851,6629
-19.44515853344491,71.40754725021027,5.7407723606612455,6630
-19.575663777732256,71.39595377316331,5.712244553300925,6631
-19.706939603144576,71.3823201991103,5.683249039442918,6632
-19.83881477150961,71.36681423155476,5.653691971597174,6633
-19.971118044571146,71.34962034420441,5.623485995598014,6634
-20.102932344449865,71.33072595491146,5.592798427616983,6635
-20.23424181694837,71.30992143589202,5.561541456692023,6636
-20.365024265608525,71.287013929527,5.529635728209991,6637
-20.495996986355355,71.26302726483787,5.497075616327021,6638
-20.626969714935342,71.23802433079132,5.463772330977284,6639
-20.757752186969615,71.21209317168126,5.429646142575509,6640
-20.889061702406483,71.1841470724733,5.394840645431271,6641
-21.020876064634894,71.15410218281765,5.359232581677739,6642
-21.153179419085888,71.12189142253959,5.322709641399075,6643
-21.28505468631183,71.08866439166867,5.285412880005034,6644
-21.416330628301445,71.05460975670545,5.247226894473734,6645
-21.546836006897195,71.01994133943809,5.208049192860044,6646
-21.677307152579683,70.98249829130555,5.167677098293946,6647
-21.80774089531065,70.94210033239374,5.126023479547685,6648
-21.938140407104907,70.89857556780682,5.083013285778817,6649
-22.06686179740357,70.85296039703996,5.038642604460363,6650
-22.193908237681892,70.8053219018012,4.9928610012467995,6651
-22.319276557122382,70.75574393392323,4.945630575239647,6652
-22.44461064739799,70.70432713133246,4.895923812808242,6653
-22.569907336643627,70.65118888397974,4.8439196547531544,6654
-22.695169795052713,70.59646335207188,4.7898011191527115,6655
-22.820407539620764,70.54030147955834,4.732527323435175,6656
-22.94563642378905,70.48287096473966,4.6725197588848735,6657
-23.07087864309724,70.42435627628542,4.610193650303766,6658
-23.19525517192798,70.36474482992216,4.545964156666729,6659
-23.31863282433426,70.30382699230172,4.480207161501188,6660
-23.44087841430029,70.24140990043023,4.413292432832643,6661
-23.562766316645117,70.17753127964681,4.346096686891719,6662
-23.684331411605438,70.11245945204273,4.278866327237202,6663
-23.805614921495497,70.04647951003099,4.21184602105909,6664
-23.92666440909457,69.97967949291935,4.145537048713962,6665
-24.047533782859535,69.91195039256544,4.080050246051132,6666
-24.16828329330477,69.84319997112694,4.01549720410937,6667
-24.288071967152185,69.7733527517044,3.952645388554995,6668
-24.406804672555296,69.70235003811042,3.8914671648284194,6669
-24.524386277540962,69.63014990438161,3.8319412406786966,6670
-24.64162920952092,69.55672718996651,3.774783104732317,6671
-24.758606404417613,69.48207351182697,3.719797962347982,6672
-24.87539714015574,69.40619725710212,3.666803703373024,6673
-24.992087034643284,69.32912357961914,3.6160054292734793,6674
-25.10876805053891,69.25089440830355,3.567113100393743,6675
-25.22553849248514,69.17156844222586,3.519852759151524,6676
-25.341595444237637,69.09122114918561,3.473872708182882,6677
-25.456881827240686,69.00994476773158,3.428959202542164,6678
-25.57134056276392,68.9278483065497,3.3849137488133216,6679
-25.68582213861957,68.84385763366252,3.341467090780737,6680
-25.800437544038736,68.7578930926614,3.2983968749587422,6681
-25.915304110261644,68.66988341215247,3.255495546308761,6682
-26.029637942420415,68.58096561624201,3.2127684827632916,6683
-26.14340098852089,68.49130741069281,3.1699241733005903,6684
-26.256555196379402,68.40109327139557,3.126687868464699,6685
-26.3707159167515,68.31031063344462,3.082466967060441,6686
-26.485857782907665,68.2187498701494,3.0370176711489227,6687
-26.601968112258525,68.1262181250281,2.9901103773374116,6688
-26.717393510139175,68.03155321704028,2.941046772411113,6689
-26.832133977229788,67.93480126592473,2.889679477252826,6690
-26.946189514071072,67.83601677647177,2.835871381053864,6691
-27.059560122252154,67.73624874548574,2.7782944235998626,6692
-27.172245802428996,67.63536301027152,2.7169589851795015,6693
-27.284246555125733,67.53324217844356,2.6518759747291694,6694
-27.39556238331616,67.42978563438129,2.5824500662347214,6695
-27.50619328723617,67.32490952590298,2.5087346011038214,6696
-27.616139267009792,67.21854677118786,2.430778617268732,6697
-27.726146168702464,67.10966097308932,2.3480732401423996,6698
-27.836058607764127,66.99842402487704,2.260786991132402,6699
-27.945727541760665,66.88501620509979,2.169079331495852,6700
-28.055171990437866,66.77061227181231,2.073121533358187,6701
-28.164579047194273,66.6552038391969,1.973037835969172,6702
-28.274142147500214,66.53879929186463,1.8689436450116412,6703
-28.38315350549921,66.42142377860266,1.761153461124715,6704
-28.491651171849213,66.3031192199903,1.6501808867988634,6705
-28.599673197124243,66.18394430700626,1.5365306909310747,6706
-28.707257631646183,66.06298839404523,1.4218389154520217,6707
-28.81444252372957,65.94054914585817,1.3069121127656564,6708
-28.921265921611727,65.816932612355,1.1925555517885744,6709
-29.027765874114976,65.69223940926946,1.0794246268379812,6710
-29.13398043111427,65.56636471408385,0.9683189777447808,6711
-29.239947642405564,65.43921208945518,0.8600358283145421,6712
-29.346451391421585,65.31287950345207,0.754679283347933,6713
-29.453374345236035,65.18730405981283,0.6529347859283263,6714
-29.56060551296914,65.06244801783835,0.5554804556925506,6715
-29.66729441713172,64.9361127848784,0.46248043723932647,6716
-29.773498134688847,64.80829416307115,0.37448691407091944,6717
-29.879273742560976,64.67899633981804,0.2920412729510163,6718
-29.98542415649092,64.549217994121,0.2148460348911409,6719
-30.091851071763077,64.41877464848,0.14327463014533176,6720
-30.198462525778496,64.28749859590322,0.07768387869422212,6721
-30.30517290714146,64.15425281600429,0.01740222513440843,6722
-30.41190293750704,64.0191085810532,-0.037427103019113755,6723
-30.518579680716822,63.882145548745086,-0.08668458578429354,6724
-30.625136541470443,63.74443786287698,-0.13090105208539307,6725
-30.731513269602004,63.60587651688207,-0.1701204452019717,6726
-30.837655957115715,63.466369274818845,-0.20441479497830484,6727
-30.94351703763806,63.325840668973065,-0.23368160860533188,6728
-31.049055287666846,63.18423200448501,-0.25803602704795336,6729
-31.154235825865136,63.04150135710232,-0.27761976779948533,6730
-31.259775953748182,62.89762357744677,-0.2927110896402031,6731
-31.365498091320188,62.75259028199966,-0.30352872236709155,6732
-31.471237342931488,62.60640985788446,-0.31031872729311477,6733
-31.576841499557105,62.45910746681732,-0.3137569299978991,6734
-31.682171034881097,62.31072503818561,-0.31424303764305217,6735
-31.787099106948705,62.16132127204545,-0.31220680697579767,6736
-31.891349838257135,62.00977172095154,-0.3079155044266934,6737
-31.99449830572365,61.85594641791912,-0.30182682582116277,6738
-32.096132270665294,61.699723781464854,-0.29442715761871785,6739
-32.19675973650642,61.54219052949238,-0.2857264301515642,6740
-32.29616189978239,61.38346405802283,-0.2761993236914359,6741
-32.394138983550086,61.22367853372031,-0.2663455849390474,6742
-32.489764397545954,61.06178496302725,-0.2555652159213357,6743
-32.583031801382205,60.89772884600939,-0.24421726640490973,6744
-32.67394753901613,60.73146406810855,-0.23267792500579215,6745
-32.76402231644214,60.56295290093771,-0.220731935656488,6746
-32.85297707951037,60.39216599856527,-0.20872947788221008,6747
-32.94055814275257,60.2190824004499,-0.19703341537804586,6748
-33.024883770943404,60.04587552516769,-0.18507534385879948,6749
-33.105738331594246,59.8725579523676,-0.1731595365841173,6750
-33.182918876444894,59.69916741727777,-0.1615960047165773,6751
-33.25714271526197,59.52358080321548,-0.1505611220256152,6752
-33.328400336135964,59.34586938742432,-0.14043092506249735,6753
-33.396701253625714,59.16611283243123,-0.13158590487682031,6754
-33.46207400245497,58.98439917295162,-0.12304880169266139,6755
-33.52456614941268,58.8008248402667,-0.11503362445314548,6756
-33.58424428771025,58.61549465084722,-0.10774902135311783,6757
-33.6411940251031,58.43070781244931,-0.10093014040397952,6758
-33.69552000761515,58.246602681856345,-0.09474062979620136,6759
-33.7473459076015,58.063342771323164,-0.08933530373222655,6760
-33.796068593013786,57.87893073449559,-0.08479341533358331,6761
-33.842005172303814,57.69356362484761,-0.08123625485206863,6762
-33.885485438148656,57.50744688098038,-0.07877582572815116,6763
-33.926690149125555,57.31959441145354,-0.07762761123593975,6764
-33.965651016196674,57.13000621659442,-0.07783604411106494,6765
-34.00241243460148,56.93868229671379,-0.07943732738361313,6766
-34.037939039292354,56.747808667124026,-0.0825045526193579,6767
-34.07246866180221,56.557402099269275,-0.08706931570234018,6768
-34.10625816004037,56.36749613492335,-0.09315528463707692,6769
-34.13867585898872,56.17694116669052,-0.10079212322241686,6770
-34.16984860275841,55.98558206952109,-0.10997624566879641,6771
-34.1999159197035,55.79327210351389,-0.12069628942527486,6772
-34.229030021944766,55.60008673552976,-0.13292926101789845,6773
-34.25735580439895,55.40632363887965,-0.14664053921236359,6774
-34.285070846229445,55.212288872024246,-0.16178772600081104,6775
-34.312365412002826,55.01808305777921,-0.17836504528563707,6776
-34.339442451404764,54.82360138185162,-0.196305300041293,6777
-34.366517598368716,54.628747415103895,-0.21553389399211806,6778
-34.393819171951876,54.43343311484793,-0.2360888569660362,6779
-34.42158817471081,54.2375788223222,-0.2578855505617579,6780
-34.4500782934561,54.04111326393023,-0.2808328431514966,6781
-34.477902498015915,53.84298744928894,-0.30483505158272545,6782
-34.505327158728434,53.643352311491455,-0.32979190658782687,6783
-34.532618645867416,53.44235878358123,-0.35559664580587935,6784
-34.56078916660325,53.2411438978818,-0.38226490651706974,6785
-34.589949708647794,53.039653150278646,-0.4096798491975212,6786
-34.620217601798544,52.837840421804785,-0.43771912265648816,6787
-34.650808952528195,52.6356679744992,-0.46623903619369816,6788
-34.681685707259135,52.43310645895879,-0.4951137661370717,6789
-34.71280981232269,52.23013491089895,-0.5242118261790906,6790
-34.74414321480737,52.026740752525434,-0.5535516089363224,6791
-34.77564786090052,51.82291978978027,-0.5829876600244293,6792
-34.807285696704824,51.61867621373455,-0.6123700704556908,6793
-34.83918039689384,51.41303650632521,-0.6414653193673782,6794
-34.871617357948246,51.20622706705411,-0.6701523360491322,6795
-34.90488197629012,50.99847429538968,-0.6983048402313878,6796
-34.938190354483694,50.79099068209733,-0.7259711634164115,6797
-34.971336371066144,50.58379718811932,-0.7530409225547903,6798
-35.00410756231418,50.376923159505445,-0.7793998085431938,6799
-35.03719269526927,50.16920641877652,-0.8052726573821716,6800
-35.07053469068547,49.96047087667327,-0.8305763808867783,6801
-35.104076469286056,49.75054044393904,-0.8552264564211124,6802
-35.13701510578837,49.54043894534009,-0.8793410250127264,6803
-35.16944890381617,49.330212499453715,-0.9028879594677317,6804
-35.20146982474089,49.11991560999747,-0.9258350571396863,6805
-35.233909330744474,48.909611171978966,-0.9484587630480932,6806
-35.26669131528309,48.69937045886036,-0.9707559435208308,6807
-35.29973967176137,48.48927312929347,-0.9927256544557792,6808
-35.33297830064592,48.27820731320704,-1.0146288855871421,6809
-35.36633109639356,48.06604723305749,-1.036478737820479,6810
-35.39972195345993,47.85266711134932,-1.058292464752894,6811
-35.43323648563748,47.63914108762676,-1.08019608490829,6812
-35.46712203772094,47.425565592478115,-1.1021891052110282,6813
-35.5016259544589,47.212045441699615,-1.1242760912320646,6814
-35.53683385570516,46.99869383456397,-1.146366008808357,6815
-35.572669634379245,46.78563235519143,-1.1684094789993975,6816
-35.60905718336245,46.572990972904854,-1.1903616529977727,6817
-35.64592040194571,46.359708127020625,-1.212308453588029,6818
-35.68318318392376,46.14570835045184,-1.2341920472458838,6819
-35.72076942309896,45.93091617616363,-1.2559601876764142,6820
-35.75785717162028,45.71525613336059,-1.2775940348369703,6821
-35.79452570696865,45.49865275570191,-1.2990297141512868,6822
-35.83084796444163,45.28103057686715,-1.320209240316301,6823
-35.86763637301645,45.06351404973778,-1.3410322577207225,6824
-35.90479579891968,44.846249913888364,-1.3614541062621925,6825
-35.942231108344856,44.62939329409873,-1.3814356374996297,6826
-35.9791013312045,44.41190778038243,-1.4009424809525817,6827
-36.015466718385994,44.193743061887936,-1.4199254093231428,6828
-36.05138117859026,43.97484882777881,-1.4383407825802992,6829
-36.08763812005665,43.755174770433385,-1.45609652192109,6830
-36.124123383378226,43.53467057816659,-1.4731501584748432,6831
-36.16072280915322,43.31328593933635,-1.4894644330917484,6832
-36.198229798968114,43.09217046261431,-1.5050180863750642,6833
-36.23669826033615,42.871496043911655,-1.5197862765272296,6834
-36.27618844292076,42.65144296436965,-1.5337494468745236,6835
-36.315113535391575,42.43099996577542,-1.5468640345168123,6836
-36.35353378864604,42.210141892902065,-1.5591016504932267,6837
-36.39150311139125,41.98884359053009,-1.5704390400997146,6838
-36.429814912711194,41.76707990748652,-1.5809171284233536,6839
-36.468355033213136,41.54482568776859,-1.5905233829235492,6840
-36.50700931351224,41.32205577541514,-1.5992508582907998,6841
-36.545663593468596,41.09874501340975,-1.606956562274983,6842
-36.58420371372727,40.874868245781144,-1.6136359655283494,6843
-36.62251551493523,40.650400316591536,-1.6192890689075075,6844
-36.6606465627644,40.42552989326655,-1.6241268593702292,6845
-36.69880614770308,40.200659464738855,-1.628179156372354,6846
-36.73720356024231,39.97619151998164,-1.6314818195995073,6847
-36.77588636696676,39.752314725608514,-1.6340462651265266,6848
-36.81474040878878,39.52900392598868,-1.635918285623007,6849
-36.853651526630244,39.306233965531554,-1.6371494874954309,6850
-36.891759718490746,39.08397968408915,-1.6377216649096755,6851
-36.92910620915757,38.86221592683987,-1.6376840449502352,6852
-36.9657258812261,38.64091753896419,-1.6370911399627135,6853
-37.003300690365336,38.41907327968309,-1.6360567645450517,6854
-37.041865518002965,38.196863430616645,-1.6346560042121647,6855
-37.08146158780803,37.9744598882952,-1.632969607219227,6856
-37.12048305540817,37.75202615505144,-1.6309975592548018,6857
-37.15897114481131,37.52971735709597,-1.6288159274399912,6858
-37.19696073787544,37.30768023548001,-1.6265058376931487,6859
-37.2352262108308,37.08703924329906,-1.6239813433543244,6860
-37.27363437842942,36.86771891400992,-1.6213227796141634,6861
-37.312052055421425,36.649643781091726,-1.6186142568470498,6862
-37.35125362863699,36.43175228711091,-1.6158209619634794,6863
-37.39127397970507,36.214174402586664,-1.6130048434896933,6864
-37.432154332483286,35.99703171292822,-1.6102307946193872,6865
-37.472288842158484,35.78043740913444,-1.6074528434334387,6866
-37.51171873279379,35.564496306177,-1.6047102124473231,6867
-37.550478886285404,35.34930483384677,-1.6020443138976963,6868
-37.589343684088625,35.134951039474586,-1.5993050146026166,6869
-37.62817993982445,34.92151458156427,-1.596523195315836,6870
-37.66685446713945,34.70906673346341,-1.593730491936413,6871
-37.706141641963846,34.498656481975104,-1.5908906089188968,6872
-37.746076347135805,34.29013289450064,-1.5880169862049986,6873
-37.78669980766526,34.08334503847124,-1.5851233657938193,6874
-37.82640618553749,33.877155878592646,-1.5822739767735376,6875
-37.86523670495087,33.67161991872446,-1.5794854668895115,6876
-37.90322624792729,33.46678327753524,-1.576775163566481,6877
-37.94205676477061,33.262683696514415,-1.5740696007980504,6878
-37.98176313736322,33.059350523934654,-1.571381009690908,6879
-38.02238658980337,32.856804722939415,-1.568721621437196,6880
-38.06306712061468,32.65505886701661,-1.566112551272913,6881
-38.1036905702381,32.454117148203856,-1.5635641814991046,6882
-38.14414277913759,32.25397537337789,-1.5610869700393466,6883
-38.184309587690635,32.05462096415017,-1.5586648130207081,6884
-38.22407683649816,31.856032957109143,-1.5563138687777167,6885
-38.26333036618291,31.658182003681542,-1.554050144759904,6886
-38.30286359119016,31.46004428033506,-1.5519261899253203,6887
-38.342730419179524,31.26177910528489,-1.5499330565045797,6888
-38.38299110007585,31.0635290264604,-1.5480620233490265,6889
-38.422431717924766,30.868871145708297,-1.546316571033376,6890
-38.46103483482856,30.677195442629504,-1.544673183526403,6891
-38.49877986123652,30.48420661994692,-1.5430821008383868,6892
-38.53564301328478,30.290090199407825,-1.5415801290364142,6893
-38.57159733569542,30.09501283585724,-1.5401602083961963,6894
-38.606612702171454,29.899122317517154,-1.5388158078817753,6895
-38.641563358732874,29.707445341655173,-1.5376999732811683,6896
-38.67658090802174,29.519543784244213,-1.5367528324357156,6897
-38.712359529504326,29.33056306150756,-1.5358232606862985,6898
-38.74801306290028,29.13983151765466,-1.5348855473198428,6899
-38.78340277070756,28.947638439737737,-1.533906339347684,6900
-38.818391501098766,28.754247959345815,-1.5328535297278516,6901
-38.853564785972104,28.561871245859194,-1.5318427490662294,6902
-38.88899556120877,28.37031124821966,-1.5308138606942752,6903
-38.9247631049289,28.17936253024933,-1.5297092195771747,6904
-38.9600454693093,27.989025088136522,-1.5286601342838355,6905
-38.99476654623493,27.799504357500464,-1.527575096195427,6906
-39.02885022764385,27.610997388813537,-1.5263666738901558,6907
-39.062755037834755,27.427144183084238,-1.5256041055433585,6908
-39.096650632287115,27.2474059941057,-1.525072155031074,6909
-39.131082778261806,27.067813709927325,-1.5246051788135215,6910
-39.16524221540724,26.88738961661862,-1.5240637041599063,6911
-39.1990655205329,26.706125328080667,-1.5232653947070487,6912
-39.23248926830972,26.524981783911834,-1.5225444346980197,6913
-39.26545003004569,26.34491153673844,-1.5216122735996227,6914
-39.29788438226016,26.165881044779113,-1.5202126962499989,6915
-39.32972890945195,25.986870672956492,-1.5185124982256741,6916
-39.361827755553904,25.808052320343045,-1.5161670978147916,6917
-39.394285564046164,25.62958949711672,-1.5128763738241287,6918
-39.4272133231198,25.451637329330957,-1.5087398218496189,6919
-39.45982079206785,25.274342552405358,-1.503478247239545,6920
-39.492063572706016,25.09784352029812,-1.4967806952864844,6921
-39.52408372415375,24.922023676315913,-1.4875475184745863,6922
-39.555798009677375,24.745856047582613,-1.4756579886389813,6923
-39.58712477304924,24.56928088926887,-1.4610236091789808,6924
-39.61798394377171,24.392219589987786,-1.4435703611055306,6925
-39.648645233565425,24.217993315517322,-1.4277520407143054,6926
-39.67931634524655,24.046245694962188,-1.4125747975654825,6927
-39.7098352289041,23.874656545007507,-1.3950155482347903,6928
-39.73958605383999,23.703297135306837,-1.3746524138406488,6929
-39.7686924900899,23.532230354222786,-1.351072284860774,6930
-39.79801769130401,23.36151070004412,-1.3210472913763207,6931
-39.827517263351034,23.19118429194894,-1.2848181256249671,6932
-39.85714681215158,23.02128886399949,-1.242645458185481,6933
-39.88704840858967,22.851607243598266,-1.1952117131873634,6934
-39.91713881228972,22.68221175334262,-1.1427466183465353,6935
-39.9473363682848,22.513164234286442,-1.0854680820389315,6936
-39.977561007298995,22.344516046074258,-1.0236088299663197,6937
-40.00717485603266,22.179726696331603,-0.959257005036674,6938
-40.03621755340328,22.018586556461532,-0.8922532418037782,6939
-40.06509848910683,21.858930576957285,-0.8207418243950674,6940
-40.09422707504941,21.696793839229688,-0.7449303966273081,6941
-40.123642954514466,21.531633405662575,-0.6650865393718768,6942
-40.153388913986475,21.367376673845584,-0.580850975591876,6943
-40.1835109359546,21.20425528563479,-0.4926689766072722,6944
-40.214058174052795,21.042502979199575,-0.40099585550779016,6945
-40.24508295009806,20.882355587648522,-0.3058441372565714,6946
-40.27664078350185,20.719551356025725,-0.2075242715915694,6947
-40.308790346159725,20.55349703652287,-0.10656416986934579,6948
-40.340912773300026,20.388969651157314,-0.0032543900930388035,6949
-40.372947023278336,20.22631718567154,0.10177340087689565,6950
-40.404830468857206,20.065896010939937,0.20788538435426104,6951
-40.43668536162912,19.90708478920492,0.31475857382321365,6952
-40.46863396084302,19.7480622663999,0.42186790589956313,6953
-40.50061364064767,19.588962606621386,0.5285435746923308,6954
-40.53256336081594,19.429903203636442,0.6341175296432628,6955
-40.56386425909366,19.275142874751975,0.7381703523942893,6956
-40.59457500668277,19.124371371564457,0.8400753580134737,6957
-40.625124036231604,18.975323030001075,0.9392582043140292,6958
-40.65593978510656,18.823932308007148,1.0358831603356662,6959
-40.68708092528328,18.669555646341735,1.1294713721142449,6960
-40.718155492532695,18.515719841405254,1.2194955447192954,6961
-40.74914446256933,18.362500360614128,1.305526978494119,6962
-40.78002881104194,18.209972671332093,1.3871458829631398,6963
-40.81097598344285,18.056026230358697,1.4644617685996804,6964
-40.84192810848138,17.90071973392913,1.53720659378433,6965
-40.87282890042536,17.74409510791404,1.6051247180042612,6966
-40.903623649482086,17.587377422419703,1.668469905201376,6967
-40.93369984446866,17.43375554923265,1.7263109044496017,6968
-40.96312249506041,17.282835386301937,1.7786898831411195,6969
-40.992326368994355,17.13226741447645,1.8262736718260282,6970
-41.021292438667295,16.982101944066187,1.8691772976827268,6971
-41.0500016763811,16.83238928530959,1.9075294536908203,6972
-41.07820817475381,16.682493636537234,1.9400692878397774,6973
-41.105850887890035,16.532726296028706,1.9668571925768399,6974
-41.13286718435008,16.383392273151618,1.987956787993164,6975
-41.159192842632194,16.235776382394953,2.0032573431244125,6976
-41.185442718689266,16.087265795468632,2.0183842323753907,6977
-41.21167547304438,15.937449636571682,2.03446815235721,6978
-41.239152578141045,15.787314013343018,2.049622617626775,6979
-41.26786768504506,15.637064359550216,2.064698836919484,6980
-41.29782712916909,15.486897723790905,2.0805661394513257,6981
-41.32739653363792,15.337988865150018,2.0944661985246245,6982
-41.356594923266776,15.19031262767341,2.1066993230257878,6983
-41.3854413229128,15.043843855394977,2.117558196108882,6984
-41.41391432871403,14.897131704821135,2.128193832514637,6985
-41.44195209998395,14.750566084479413,2.138899897247468,6986
-41.469492796109236,14.604524325143583,2.1499690359765404,6987
-41.49647457654973,14.459371179833628,2.161692875035757,6988
-41.5229568887562,14.316456863265241,2.174475890994875,6989
-41.549120483246064,14.174850621902037,2.1895118811624203,6990
-41.57506525828789,14.03306325593025,2.206870711712004,6991
-41.600810235875244,13.891224734108599,2.2271453748663603,6992
-41.62637443810921,13.749456640030028,2.250918896544597,6993
-41.65177688894899,13.608858268400981,2.2776235647932848,6994
-41.67703661244155,13.469328996760442,2.3077370045530703,6995
-41.70217263274835,13.330768202650189,2.341718418262409,6996
-41.727949827247414,13.192089175519136,2.379519722156639,6997
-41.75423183568437,13.05339672859257,2.4214482836794824,6998
-41.780888640202136,12.914787289993187,2.4677897257185126,6999
-41.807050722024904,12.77634889886842,2.5186776357444427,7000
-41.83275613324391,12.638161214436549,2.574211223561215,7001
-41.8580429261382,12.500295510778415,2.634467501364068,7002
-41.882722255010876,12.365000685923135,2.6984722658406897,7003
-41.90679015489077,12.232348013935848,2.7663226410032737,7004
-41.9302410754008,12.10241715404812,2.8380853801985797,7005
-41.953067884553704,11.974310056428303,2.9140898722653135,7006
-41.975942558625626,11.844728844862614,2.994256772395269,7007
-41.998980845495815,11.713308766321768,3.078498667969032,7008
-42.02259371396195,11.582059745263907,3.166116819296672,7009
-42.04666383312613,11.451011129501726,3.257065848907057,7010
-42.07108021456388,11.320183881756854,3.3512674604957184,7011
-42.094992365545444,11.189590574313666,3.4490242147566734,7012
-42.11845736704461,11.059235400727397,3.5501567949683013,7013
-42.14153230027527,10.929114169417122,3.654456287618055,7014
-42.16404734154881,10.801400310321561,3.7617026621514755,7015
-42.18601755508635,10.676089631843121,3.871669667919586,7016
-42.20745641970102,10.553186327533208,3.9841014386263107,7017
-42.228375832370155,10.431716882126947,4.099041014805932,7018
-42.24946679247196,10.308307951651958,4.217069139300732,7019
-42.27086407597894,10.182519316925454,4.337954021103714,7020
-42.29299767945157,10.05628543632952,4.460860563565247,7021
-42.315769300274326,9.9295601915645,4.58556603525221,7022
-42.339086978255104,9.802289079211006,4.7118229401073055,7023
-42.36211924040674,9.675609120216128,4.840017761548091,7024
-42.384942193910206,9.549671248322612,4.969916066931,7025
-42.40763194607883,9.424626397257748,5.101263491085082,7026
-42.43026460445451,9.300411677807883,5.2339485472490095,7027
-42.4529162787587,9.176750381164437,5.367728119419471,7028
-42.47566307883781,9.053365798490487,5.502340216084072,7029
-42.497673539806264,8.930195036764305,5.6379993562789315,7030
-42.51885569967847,8.807389028553796,5.774553441061663,7031
-42.53911125436174,8.685098706360865,5.9118347425288365,7032
-42.55924313167578,8.562275091890788,6.0501867599001224,7033
-42.57930841338843,8.43884691209053,6.189385781241838,7034
-42.59936418139384,8.314734508719614,6.329196618290283,7035
-42.61998646344541,8.191949694062888,6.468420831289077,7036
-42.64103493795146,8.070784899935802,6.606823184160677,7037
-42.66237404007024,7.951538847017184,6.744149546495323,7038
-42.68312711715105,7.834516539949319,6.880206799557358,7039
-42.70400418800835,7.715529596227005,7.017417166405837,7040
-42.72515905305721,7.594062329666571,7.155959567729549,7041
-42.74629488262939,7.473173642852409,7.295290506389334,7042
-42.76748778359675,7.352964158208295,7.435271512544228,7043
-42.78881386285711,7.233534498106012,7.5757606432405415,7044
-42.81034922989541,7.113785369243428,7.71726780687343,7045
-42.83216999283929,6.993595187506212,7.859660648901042,7046
-42.854352259857656,6.872833983572623,8.002808324781187,7047
-42.87606456030103,6.752563312645014,8.146772236366877,7048
-42.8972149329665,6.632858640697897,8.291355058934636,7049
-42.9177050744194,6.513795433610999,8.436362714275738,7050
-42.93908375886773,6.395449167753496,8.5808197207904,7051
-42.96125268273705,6.277895309065997,8.724557406651456,7052
-42.98411988468571,6.161209323474873,8.867404230977892,7053
-43.006853901651276,6.044266756604495,9.010223105258254,7054
-43.02953084158705,5.926920868828643,9.15293101543636,7055
-43.052226812466,5.809016535312219,9.295449704039125,7056
-43.07501791639859,5.691590161273883,9.437535588819635,7057
-43.09798026080513,5.574692058156098,9.579015053736367,7058
-43.12118995308262,5.458372537343893,9.719718333320198,7059
-43.144561372893506,5.3426819088318025,9.859655257551362,7060
-43.167847173352,5.227670481951309,9.998877996623659,7061
-43.19080000754443,5.113388565973658,10.137443099817844,7062
-43.21352071751915,4.999146903226946,10.27584267374123,7063
-43.23604656365674,4.885149881736571,10.413916145083176,7064
-43.25841639187265,4.771595600624251,10.551511509982925,7065
-43.280670639795005,4.657475956122003,10.688604180358345,7066
-43.3022919541827,4.543493829399276,10.822750552486552,7067
-43.32344047444494,4.429443785148882,10.954332742311,7068
-43.34539192204522,4.316311924188344,11.08456575903666,7069
-43.368067019170475,4.204098246074244,11.213477877588671,7070
-43.39139283023905,4.092802750347762,11.341094730345786,7071
-43.413649351703846,3.9814393343933125,11.467694635656445,7072
-43.43476364580236,3.870213433547832,11.593436071571489,7073
-43.45465643262255,3.759322097918725,11.718476308043858,7074
-43.474895498536405,3.6492005253751274,11.843620153267484,7075
-43.49540156552459,3.5399776368875915,11.968815029077849,7076
-43.51610169778729,3.431776064557016,12.094012944070421,7077
-43.53692930831693,3.3235122380147177,12.219235318567193,7078
-43.55670540056954,3.215813567636154,12.340999171775671,7079
-43.57560913883379,3.108399152084748,12.460002765101793,7080
-43.594189418305874,3.0011935290697997,12.579689997808892,7081
-43.61254137039131,2.894326668650809,12.700201379571224,7082
-43.63076012655756,2.787920155697474,12.821676363014001,7083
-43.64968666889412,2.6820871949516656,12.943262545095603,7084
-43.669260744446674,2.5769326001748722,13.065154871263456,7085
-43.689428442585765,2.472552799980565,13.18753937776285,7086
-43.70848876899607,2.3700219191673275,13.31145763945859,7087
-43.72638781402758,2.2692141803263706,13.437140125498457,7088
-43.743065325840774,2.1700038059543787,13.564814813403506,7089
-43.760108133993505,2.0712789369741604,13.694201526485106,7090
-43.77745598503805,1.9731192316812047,13.825590342567903,7091
-43.79505496783626,1.8755959632208477,13.959264695332616,7092
-43.812111672022105,1.7787720156628444,14.095177352906532,7093
-43.82874025624204,1.6827018930255189,14.233440625090829,7094
-43.845054879256324,1.5874317141422971,14.374158289952327,7095
-43.861169702013036,1.492999213006561,14.517128101335139,7096
-43.877198883924045,1.3994337382711586,14.662371200489938,7097
-43.89325658452934,1.306756253405965,14.809898158382316,7098
-43.91020281419282,1.2139932503259998,14.959544673921599,7099
-43.927996348007014,1.1213543570457576,15.111206856100761,7100
-43.94660230345701,1.0290324313076031,15.26476933765104,7101
-43.96433872004523,0.9381896417075278,15.4201868737099,7102
-43.98117071551172,0.8487798697954605,15.577503972340676,7103
-43.997057065521744,0.760748611900796,15.736753589755754,7104
-44.01360361908408,0.674032989323294,15.897734531982357,7105
-44.03076915271499,0.588561728184678,16.060383981065897,7106
-44.048518785283406,0.5042551694637205,16.224626132752597,7107
-44.066078133805725,0.42102526471989504,16.390473824566243,7108
-44.08358038667062,0.3387755857380258,16.55771482151567,7109
-44.10115873240452,0.25740131912284936,16.726125110297804,7110
-44.11878462952261,0.17678926526091357,16.895950811896988,7111
-44.136267813355616,0.09681783855441214,17.067065043985107,7112
-44.15341801934569,0.017357068224550798,17.23933239250511,7113
-44.16997981923049,-0.06181755742793342,17.41241825068276,7114
-44.18604438419411,-0.14048068749470038,17.585837840266237,7115
-44.20170129999816,-0.21841745252690412,17.759097662513756,7116
-44.21778440433259,-0.2944373693519186,17.931704382095013,7117
-44.23490539296425,-0.36945189919399785,18.105981347459615,7118
-44.253126103580975,-0.4436413222527631,18.281932334049433,7119
-44.27041070265828,-0.5181804065370487,18.45836155929905,7120
-44.28674333673864,-0.5930607673003397,18.634952141518344,7121
-44.302101810240664,-0.6682907901361709,18.811390370043497,7122
-44.31811098695115,-0.7417096173240032,18.987211556915952,7123
-44.33474867050151,-0.8133424043976676,19.16225099458436,7124
-44.35199900672563,-0.8832143068938534,19.336345410067402,7125
-44.3681990832443,-0.9526365587398198,19.50855978234795,7126
-44.38333304645902,-1.021484431384108,19.678496187923734,7127
-44.39737870065714,-1.0896436777600953,19.84575309802596,7128
-44.41105335279965,-1.1570105279489673,20.009712287266858,7129
-44.42552807033157,-1.2243916252537614,20.174215001989786,7130
-44.44086468755073,-1.2918708209839231,20.33967029291855,7131
-44.456680771557934,-1.357362735382506,20.503892535687886,7132
-44.47297315360821,-1.4209679900867365,20.66664065272438,7133
-44.4897450071224,-1.48278720673196,20.827680059653055,7134
-44.5053524400475,-1.5439071076367707,20.986844467668796,7135
-44.51979862237146,-1.6042228788172657,21.144192768211525,7136
-44.5330803818911,-1.6636380914897613,21.299789741819932,7137
-44.546095785345635,-1.7232646088502586,21.45316380983708,7138
-44.558997046033426,-1.7832449773765193,21.604385454280955,7139
-44.57193637735037,-1.8437385138397049,21.753526893708166,7140
-44.58490425100588,-1.9037213931567278,21.901753975655936,7141
-44.5977294269615,-1.9631642685916075,22.049110489977753,7142
-44.61024066516112,-2.0220461785642865,22.195650494781823,7143
-44.623174294335186,-2.080354540660071,22.34159751097613,7144
-44.63652714396891,-2.13808516254653,22.486873922530563,7145
-44.650302385724906,-2.195242237005119,22.631414193759568,7146
-44.663950140609465,-2.251345299437654,22.776220132589167,7147
-44.67760280486203,-2.30651802988698,22.921017762448756,7148
-44.691394360157325,-2.3608883009722077,23.065554209553987,7149
-44.70455279773286,-2.4133882709955343,23.209403218724802,7150
-44.71760659577081,-2.4654111249195334,23.35177205095829,7151
-44.73040353972099,-2.516558570482646,23.492547527661195,7152
-44.74295313205613,-2.566654520638176,23.633189024481254,7153
-44.755426614035365,-2.61574509284778,23.773493178228627,7154
-44.76799522678233,-2.663884789713025,23.913284183903702,7155
-44.78066848091796,-2.7111364991939007,24.052911449401467,7156
-44.79329416584105,-2.7575714961386826,24.19211234028676,7157
-44.8057200707792,-2.8032694405296663,24.330656159425992,7158
-44.81795571861228,-2.8493044662201807,24.468193001430496,7159
-44.830172350263766,-2.8955675660146536,24.60443022202162,7160
-44.84254120654606,-2.9419665029686657,24.73910643470988,7161
-44.85507179181585,-2.987439720583514,24.872488304199237,7162
-44.867611895963236,-3.0321339598011514,25.004311723805667,7163
-44.88000930868257,-3.0762043466895643,25.134347921733205,7164
-44.89227354387852,-3.118614479801795,25.26167155396947,7165
-44.904575843370466,-3.1593140476379835,25.385915606970862,7166
-44.917087448767745,-3.1982527386973776,25.506743569957518,7167
-44.929072044885025,-3.237566248346484,25.62389189940774,7168
-44.94053280463349,-3.2772210364835983,25.737071989262965,7169
-44.95146655860847,-3.317200333288501,25.84602611370159,7170
-44.96351719711954,-3.3553181274672172,25.950115695726115,7171
-44.97668155093267,-3.391574419273749,26.049085991900515,7172
-44.990962792823204,-3.425969208920048,26.1427101945331,7173
-45.00471703462892,-3.460688507757655,26.231327711921313,7174
-45.0179474480746,-3.4957490862802425,26.314863797166385,7175
-45.03065086256307,-3.5311844852590326,26.39327541412805,7176
-45.04372532317113,-3.564859008710797,26.466268405071766,7177
-45.0573230433909,-3.5968229665432894,26.533807285206127,7178
-45.071596236507574,-3.6271266686582333,26.595886317485014,7179
-45.0857895502061,-3.656806520276531,26.652815447686073,7180
-45.099887127353625,-3.6857073968385285,26.704690902768768,7181
-45.113866768443295,-3.713682558934873,26.75164069595016,7182
-45.12844578024056,-3.7408074688382182,26.793192205346976,7183
-45.14343389806211,-3.7673797996180958,26.82940941761231,7184
-45.15864085708289,-3.793705609459241,26.86038372659006,7185
-45.17403811130802,-3.8198855190466223,26.887110262441745,7186
-45.18975884434075,-3.845814713507412,26.909880048097666,7187
-45.20593623960109,-3.8713967630765076,26.92901770483627,7188
-45.222703477983416,-3.8965436227889017,26.94519980605201,7189
-45.240193742181695,-3.9211756330395944,26.958866641948354,7190
-45.258540214690065,-3.9452215193291575,26.970494366133924,7191
-45.27696851360277,-3.968618398026113,26.979862220685686,7192
-45.29544375354635,-3.9913117659041797,26.987385881018017,7193
-45.3139247067799,-4.013255504882933,26.99351175177688,7194
-45.332363806959656,-4.034411882161444,26.99818177917499,7195
-45.35070714238251,-4.054751549978088,27.001794235323665,7196
-45.368894459003826,-4.0742535457180225,27.00477442197272,7197
-45.38753984419907,-4.092519153609768,27.006242266540617,7198
-45.406696414204404,-4.109860718934273,27.00643388290633,7199
-45.42641569960515,-4.126594779534715,27.00560309013295,7200
-45.4467476515894,-4.144028155889904,27.00401253410789,7201
-45.46705993545729,-4.160480473174188,27.002617753949625,7202
-45.48727326939187,-4.175750488760437,27.001850506589204,7203
-45.50820961455505,-4.1908368658231145,27.000918481460232,7204
-45.52994507582012,-4.205760566565389,27.000060189604916,7205
-45.55255575801566,-4.220550938303577,26.999527732410982,7206
-45.57521020223974,-4.235245719476459,26.9988096315033,7207
-45.59781644573149,-4.249891028718844,26.998062212938027,7208
-45.620276183521796,-4.2645413698207655,26.99744988143346,7209
-45.64339233220141,-4.278059715639816,26.996860363126917,7210
-45.66722196980015,-4.290295133593704,26.996414499121574,7211
-45.69182217430414,-4.301096691097514,26.99623924617329,7212
-45.715596628684295,-4.312499466878163,26.995963713701762,7213
-45.73858972712122,-4.324369298688166,26.99564075327933,7214
-45.76083317947676,-4.33658879459811,26.995325783461453,7215
-45.78399941866854,-4.348071232718521,26.994876547283837,7216
-45.808107471955694,-4.358938197153862,26.994306031286285,7217
-45.83317636664022,-4.369319657128543,26.993628430042804,7218
-45.85922512331819,-4.378154056442833,26.992767682414854,7219
-45.88627276805297,-4.385365928895932,26.991733943494943,7220
-45.91433832690394,-4.390879808287908,26.990537896887453,7221
-45.94178742076044,-4.395820149386449,26.989244765175968,7222
-45.96862639257871,-4.400333691698189,26.987876293083495,7223
-45.99484890095502,-4.4045755599298255,26.98645513126831,7224
-46.0213434878912,-4.408495437798161,26.98504731244891,7225
-46.04824650903274,-4.4118375782729995,26.983664200496612,7226
-46.07568797786681,-4.41435461948476,26.982318442772517,7227
-46.10453741659089,-4.417007490592088,26.98097765594562,7228
-46.13475677174413,-4.419787806701365,26.979662451752223,7229
-46.16630798996525,-4.422703953158842,26.978394347960734,7230
-46.19840716133593,-4.423595089713369,26.97717222749798,7231
-46.23117161665168,-4.422486370951118,26.97601156914483,7232
-46.26471234449996,-4.419402951500078,26.97492860665263,7233
-46.29897227911897,-4.41655598753706,26.973916795265357,7234
-46.33372627246104,-4.41398740605854,26.97298602415125,7235
-46.3687428343781,-4.411755904340504,26.972146786457774,7236
-46.40394585156008,-4.408737038573922,26.971382794865548,7237
-46.4394146007117,-4.404800838883067,26.970690199301217,7238
-46.475222016386546,-4.399825720554203,26.970065602659037,7239
-46.51218053372026,-4.393698479179313,26.969544685559015,7240
-46.5501950191516,-4.3863143013823445,26.969104154913268,7241
-46.58917033916791,-4.377576758907936,26.96872154815813,7242
-46.628265517332046,-4.367397813496597,26.968377152935755,7243
-46.667540804152836,-4.355697806112479,26.96805401949503,7244
-46.707050107985644,-4.342405462881903,26.96773602856127,7245
-46.747586838150475,-4.327457890233931,26.96739324200128,7246
-46.789036834804904,-4.3108005856344445,26.967001498347223,7247
-46.83128593815609,-4.292387431670166,26.9665373911532,7248
-46.874219996276054,-4.273380606688411,26.965944678987753,7249
-46.917724850781966,-4.253972969174422,26.9652127153939,7250
-46.96168634339576,-4.234374147854115,26.964331306934483,7251
-47.005244465267886,-4.213610635969397,26.963319269114834,7252
-47.048440440892705,-4.191703396035331,26.9621656167698,7253
-47.09130915261321,-4.168681775729654,26.960860044206125,7254
-47.13462498403722,-4.144583503040073,26.959335806033366,7255
-47.178254749222,-4.119454696983734,26.95758735192878,7256
-47.22206526227908,-4.093349861699183,26.955609358077478,7257
-47.265923336451856,-4.066331886365376,26.953523706283107,7258
-47.309695785969055,-4.038472045355421,26.951324581977918,7259
-47.353249425106554,-4.0098499981632365,26.949007378626796,7260
-47.3964510752797,-3.9815398795181935,26.946493815379515,7261
-47.43916754944308,-3.9534326837154445,26.943788798858524,7262
-47.48126566065847,-3.925436175290966,26.940897839707397,7263
-47.52351977719414,-3.895288882583814,26.937830908453257,7264
-47.56596478058104,-3.862915339301504,26.934602426154587,7265
-47.60864189455191,-3.828240079112965,26.93122741792702,7266
-47.65143697282763,-3.7933736371447937,26.927724616388552,7267
-47.694080471379266,-3.7582573193197444,26.92409685085682,7268
-47.73630918848646,-3.7228492017594124,26.92034763021991,7269
-47.77712041497874,-3.686138045625294,26.91653130784794,7270
-47.81641901902842,-3.648320901834082,26.91265505584943,7271
-47.85410986885682,-3.609603206423465,26.908727103361006,7272
-47.891005408030765,-3.5711848647887816,26.904818896697037,7273
-47.92717857197191,-3.5330826467041363,26.900927831643084,7274
-47.96270863840535,-3.49533009214349,26.897052889575363,7275
-47.99842705666064,-3.4557915056920674,26.893103178986365,7276
-48.03427040512355,-3.414517198515616,26.889074395779147,7277
-48.070187946580155,-3.3715574816987655,26.884963141969983,7278
-48.10448822231603,-3.3279487670571744,26.880819009975763,7279
-48.13713317805065,-3.2835359301127442,26.87664656733937,7280
-48.168084759552926,-3.2381722315085124,26.87245166513421,7281
-48.19895832576282,-3.1919331267199103,26.868248404544744,7282
-48.22972850982925,-3.1451162876810965,26.864039503590032,7283
-48.260382629351696,-3.0980277713640865,26.859829039419488,7284
-48.29001311586869,-3.050768205092325,26.855638273838967,7285
-48.31846458476437,-3.0032327758952344,26.851466450637652,7286
-48.34558799367119,-2.955325055881088,26.847314323688742,7287
-48.371402362163685,-2.905970911240653,26.84319613989752,7288
-48.39609478612452,-2.855296117549144,26.839100424426356,7289
-48.419858703629394,-2.8034264503420103,26.835017363522,7290
-48.44273217554619,-2.7514737761732952,26.83087900618846,7291
-48.464597870844464,-2.699358437189611,26.826657302580497,7292
-48.485344800743405,-2.6470091606168946,26.822325486430827,7293
-48.50577588111608,-2.59337696270644,26.81787776498111,7294
-48.52596087740399,-2.538612775178736,26.813290091438052,7295
-48.5459822394433,-2.4828675296720952,26.808539853635825,7296
-48.56502753935138,-2.427278253812844,26.803539863648354,7297
-48.58303652597796,-2.37179044472403,26.79827562466749,7298
-48.59995529042484,-2.316357984608209,26.79273354595313,7299
-48.61573625932713,-2.259957050573392,26.786919448219976,7300
-48.63033820952441,-2.202763730413181,26.780838956098346,7301
-48.643726260051736,-2.14495411188024,26.774498675787346,7302
-48.656779440226146,-2.0867042767325663,26.76803553665364,7303
-48.66964362209257,-2.0281903115347903,26.76142266116601,7304
-48.68247736208461,-1.9695883027690149,26.754635285938345,7305
-48.6945443385284,-1.912060432899292,26.74764069815521,7306
-48.70586040675959,-1.855577353890025,26.74043746343674,7307
-48.71644776435726,-1.8001181027847437,26.733026110497494,7308
-48.72633494343215,-1.7446840115837354,26.725555476380016,7309
-48.73555682787514,-1.6894763229391767,26.71796976549495,7310
-48.744154643754186,-1.63469627946225,26.710216504380675,7311
-48.75217595751546,-1.5803313032388528,26.70230248811426,7312
-48.75967467663496,-1.5261549956613496,26.694195741988267,7313
-48.76671105076308,-1.4719409580817613,26.685867990929054,7314
-48.77409751466454,-1.417676607305152,26.677431701686125,7315
-48.781751621429805,-1.3635631867502531,26.668845951646666,7316
-48.789603608514014,-1.3098019397524765,26.660074650412277,7317
-48.795942983802604,-1.2563803001271652,26.65119425281012,7318
-48.80071266649225,-1.2030718699896623,26.642138882956306,7319
-48.80385557573577,-1.1496502514573947,26.63284847860582,7320
-48.8062222011818,-1.0961028611314108,26.62324718992268,7321
-48.80792353309731,-1.0426309411348738,26.61328258171651,7322
-48.809076903907524,-0.9894357335505266,26.602907881483823,7323
-48.81055182257813,-0.9355185648885371,26.59212178174214,7324
-48.812322920771024,-0.8808584725106484,26.580850781151483,7325
-48.81437751444672,-0.8254261085767511,26.569027494115655,7326
-48.81506219977412,-0.770383661647873,26.556640809647405,7327
-48.814376978326294,-0.7159072192214415,26.543637876445214,7328
-48.812321851626834,-0.6621728687969788,26.529972336367315,7329
-48.809804388286246,-0.609142871488834,26.51565567971395,7330
-48.80699265532371,-0.5565656725316339,26.500639586526965,7331
-48.80406106190638,-0.5041897171216465,26.484882683064168,7332
-48.80102863505091,-0.4519772719213159,26.46827565827036,7333
-48.79775901879457,-0.400104425331498,26.450798125610458,7334
-48.79412219932586,-0.3487472657136417,26.432436040753657,7335
-48.78924865478104,-0.29688197574940545,26.413122645555966,7336
-48.78317643806401,-0.24446243701019224,26.392856128216117,7337
-48.775943601978,-0.1914341459507185,26.37164056607527,7338
-48.76924161877677,-0.13893411359244734,26.349485191074415,7339
-48.763121227127016,-0.08711327173249572,26.326384756234162,7340
-48.757645850049926,-0.03612255208707018,26.30233997931842,7341
-48.75123817574626,0.015087013358273157,26.277307358986874,7342
-48.74397431005502,0.06658669864602641,26.251297239537713,7343
-48.73593035871672,0.11845616293502746,26.224325552404544,7344
-48.72792827145475,0.17056963506540823,26.19642077600386,7345
-48.71988877280643,0.22259590224555106,26.167604314486297,7346
-48.71173892940985,0.27421213684374585,26.13790323469144,7347
-48.702666305861285,0.3253177118381506,26.107351007611307,7348
-48.69276603388986,0.3760342121188314,26.076007129432107,7349
-48.68213324512616,0.42649160769224287,26.043936683476307,7350
-48.67160892143892,0.4756283478978296,26.01125356333483,7351
-48.66113281179008,0.5233689662720883,25.978042028671833,7352
-48.65065100729624,0.5696379963894893,25.944392228344668,7353
-48.64011594230352,0.6143599718083095,25.910260922029593,7354
-48.629486392567046,0.6574594261946581,25.875706774393933,7355
-48.61872747600354,0.6988608932521424,25.8407934332752,7356
-48.60706480205496,0.7396888125220852,25.805583317735802,7357
-48.594631555168725,0.7800899244962386,25.770176846289182,7358
-48.581560919699434,0.8202193547823549,25.734679269566918,7359
-48.56873193264812,0.8590407082615481,25.698930567985435,7360
-48.55612239615489,0.8965036740724709,25.662995635264345,7361
-48.54371645453702,0.9325579413908993,25.626942309742283,7362
-48.530758743398785,0.9683531052583496,25.590869931088864,7363
-48.517401473834404,1.0040610616514243,25.554850529256875,7364
-48.50379685685796,1.0398620916625203,25.518959305275736,7365
-48.48993538638219,1.0747449496216637,25.483134173841687,7366
-48.47564582275968,1.108684479032232,25.447430665301397,7367
-48.46075692632629,1.141655523392351,25.41190649955337,7368
-48.44525917771633,1.1748328381315891,25.37633136562316,7369
-48.42930478802794,1.208413474579598,25.340755548932044,7370
-48.41304596830344,1.24260286918219,25.305229334898858,7371
-48.39738078006429,1.2764149376548615,25.269820772590734,7372
-48.38230605185638,1.3098496799816648,25.23457644666652,7373
-48.36782495442412,1.3429070961838827,25.199543092834034,7374
-48.35303943360955,1.3755871803285908,25.164547223543153,7375
-48.33779727633909,1.407889931399245,25.129626513089185,7376
-48.32194626955054,1.4398153483746714,25.09481712572625,7377
-48.30549592691245,1.471363431403733,25.060069955177877,7378
-48.288617487499934,1.5025341815999447,25.025427095052578,7379
-48.27148219040462,1.5333276000729845,24.9909284494013,7380
-48.255007117437536,1.5639575132257633,24.956402922438787,7381
-48.239208120914135,1.59485156237852,24.921899779395027,7382
-48.22410739537747,1.6264373888876111,24.887464434945645,7383
-48.20882591112975,1.658928807872502,24.853034571067763,7384
-48.193230481349005,1.6923258184148737,24.818695050889428,7385
-48.177187919249484,1.7266284195932518,24.784525905413854,7386
-48.16147260763404,1.7618366165881227,24.750492688999987,7387
-48.146119427813574,1.7979504095884622,24.716701368837718,7388
-48.13116960334185,1.834969798822807,24.68325209851554,7389
-48.115763138802464,1.8719086881041207,24.650085594493973,7390
-48.09978587257076,1.908972512152205,24.617296875156526,7391
-48.08312364312874,1.9463583205615267,24.584973937202708,7392
-48.066569858265765,1.9842547838850961,24.55313058088747,7393
-48.05017842480369,2.0228421825818534,24.5218632604023,7394
-48.03400959187463,2.0622924120279666,24.49126080428712,7395
-48.017222384176044,2.1025551561407925,24.461338405036106,7396
-47.9997216699428,2.1433578977740937,24.432174885858313,7397
-47.981412317525354,2.1844197346588285,24.403840915752244,7398
-47.963106762193064,2.2256652058392055,24.376446083921017,7399
-47.94487793790466,2.2672242811644696,24.350060456775157,7400
-47.92680512093017,2.309218545401531,24.324746248566985,7401
-47.90806636116622,2.351761192280084,24.30054005641343,7402
-47.88858555119896,2.3949570352968594,24.277492088592673,7403
-47.86828658372691,2.438902502824649,24.255644550172374,7404
-47.84709335866009,2.4826995476940916,24.23492434659586,7405
-47.82492976760108,2.5266332635651896,24.215358771444816,7406
-47.80171970232464,2.570971973851278,24.196966284563743,7407
-47.77829461630173,2.6169533282067716,24.17986959107666,7408
-47.75474647119547,2.6646066751383795,24.16407994152599,7409
-47.73117357098013,2.713952978071293,24.149600583290248,7410
-47.70677299963577,2.764018718920972,24.136400115903214,7411
-47.68148767612075,2.8150135253746895,24.124471328716517,7412
-47.655260519559945,2.867130254873462,24.113798781357715,7413
-47.62894201159939,2.921531091122585,24.10436383962529,7414
-47.602643141387055,2.9781699166624693,24.096125053849384,7415
-47.576481240382215,3.036992228952576,24.089032820191143,7416
-47.55041826845861,3.0959629581615586,24.083038256588026,7417
-47.52426078697694,3.155421700547726,24.07807359902508,7418
-47.497821699712894,3.2156828970405384,24.074063004804373,7419
-47.47108197191558,3.278021924951126,24.071043327401696,7420
-47.44419064545244,3.3424974811240666,24.06894842843537,7421
-47.41730310454754,3.4091514921996438,24.067704921368342,7422
-47.389673507106814,3.4780091087105567,24.067210555881687,7423
-47.36130185382029,3.549078715796997,24.067373446305115,7424
-47.33218814553557,3.6223519283536048,24.06809430776016,7425
-47.303078230789374,3.6968175052009884,24.069390336403565,7426
-47.27381672555812,3.7726389552869226,24.07115990586925,7427
-47.24425458821781,3.8499546322300673,24.073294896642086,7428
-47.21441084540905,3.9288777355551794,24.07574744843326,7429
-47.18447259231239,4.009496310309488,24.078412313288073,7430
-47.1546332665068,4.091873246212584,24.08117820311353,7431
-47.12493091224659,4.177246187521888,24.08408985330833,7432
-47.09524819817653,4.265849916984996,24.08705390527794,7433
-47.06547413527176,4.357902447143339,24.08997209281734,7434
-47.03550408909876,4.451419018570189,24.092955401233308,7435
-47.00523975522661,4.546567333152837,24.09593191475053,7436
-46.97458917164934,4.643481552324888,24.098826320004786,7437
-46.94272086911887,4.743248382861653,24.101723891719622,7438
-46.90971095532615,4.8457294707318574,24.104576384899858,7439
-46.87563553812996,4.950761306533896,24.107333289451997,7440
-46.84131655878293,5.059355141239848,24.110067637135693,7441
-46.8066747401834,5.171519359509424,24.112740695127023,7442
-46.771637147529816,5.287245575794444,24.115312371573967,7443
-46.736137193577214,5.40552254378048,24.117840378099398,7444
-46.70011462673226,5.526513773022577,24.12030376298297,7445
-46.663515537747514,5.650357617744155,24.122680894978814,7446
-46.6262923669169,5.775967365643077,24.12500348387948,7447
-46.58840389110378,5.903208854513773,24.12725854338686,7448
-46.54981522956744,6.031914381695357,24.12943278517877,7449
-46.51049783572373,6.163082615148465,24.13155198584978,7450
-46.47042951223814,6.296700977086739,24.13360255526309,7451
-46.42959440411393,6.43273173439122,24.135570903266473,7452
-46.38798299236597,6.572098089100539,24.13745617064935,7453
-46.34559210795281,6.714506561908397,24.139250618387003,7454
-46.302424924117034,6.859646903299123,24.140946582952395,7455
-46.258490953968504,7.007405914116896,24.14261905906587,7456
-46.21380605261499,7.157867445730089,24.144268840001992,7457
-46.168392417440245,7.311098579297063,24.14589739853649,7458
-46.122278595842594,7.465949714566194,24.14748335191598,7459
-46.075499471303516,7.622232186518446,24.14902167969689,7460
-46.02809626963403,7.779732174801013,24.150507889924736,7461
-45.980862392637476,7.939410619402867,24.15195267976234,7462
-45.93369636567473,8.101225594129591,24.153362315428225,7463
-45.88650939857111,8.26511840261481,24.15474366717892,7464
-45.83847955157464,8.429813662552872,24.156089547951147,7465
-45.78969878868028,8.594996932428826,24.157398335130313,7466
-45.740265416209134,8.760328615393165,24.158668934584284,7467
-45.69012234062656,8.927843780303524,24.15987221840959,7468
-45.63905709823865,9.09759692917632,24.161009846417393,7469
-45.58686356756331,9.269634178938107,24.162083780403457,7470
-45.53350370347646,9.442793351437604,24.163133725813594,7471
-45.479107522322025,9.616881589688195,24.164158702088244,7472
-45.42381138271309,9.79168926649117,24.16515833265347,7473
-45.36850382673261,9.966989988844102,24.166141728800174,7474
-45.31317851397976,10.142540588207746,24.167107871204212,7475
-45.25784178850982,10.318081125868249,24.168056420069913,7476
-45.20085926177249,10.494534793936719,24.16892865431292,7477
-45.14224996083608,10.671830318989919,24.16972514038914,7478
-45.08203291278819,10.849888042475662,24.170446671187758,7479
-45.021880554097045,11.02861993080863,24.171113960926213,7480
-44.96182459655889,11.207929555336387,24.171728406692626,7481
-44.901909436371604,11.387712102354712,24.172291783099844,7482
-44.84053874439238,11.56785436289672,24.17282398856092,7483
-44.77776960115276,11.748234753033886,24.17332385315379,7484
-44.713659087199915,11.92872330370771,24.173790735394242,7485
-44.649010116828876,12.1103815762702,24.174213724348135,7486
-44.58372438574653,12.293285036286802,24.174591234013402,7487
-44.51770993180985,12.477509149353535,24.174922131375784,7488
-44.45178871035404,12.661929475515283,24.175225424705452,7489
-44.38604951319826,12.84639927573531,24.1755010390884,7490
-44.32059381655679,13.030763425922865,24.175749503636,7491
-44.25462821305775,13.214858411251596,24.1759414571204,7492
-44.18811147967122,13.398512336495044,24.176076483864854,7493
-44.12100873556776,13.58154492133292,24.176154545664744,7494
-44.052545593334,13.764967407099824,24.176204540899796,7495
-43.9828552388265,13.948804949981904,24.17622548904863,7496
-43.91207085786185,14.133082706157387,24.176217013536714,7497
-43.841071477222116,14.317825836058978,24.176179346763444,7498
-43.769834899206195,14.50305949497433,24.17611331923271,7499
-43.69834526825797,14.688808838219343,24.17602036543709,7500
-43.626593070889044,14.875099021059295,24.1759075522909,7501
-43.55457513602003,15.061955198919796,24.175767971490956,7502
-43.482294634715196,15.249402527253897,24.175595394223887,7503
-43.409761087597744,15.436266250394398,24.175368436428933,7504
-43.33699035145722,15.622349318083206,24.175089778284722,7505
-43.264004625278396,15.807446294966342,24.17476262844128,7506
-43.19083244292847,15.992543271730765,24.174369117377168,7507
-43.11750868656169,16.177640248634237,24.173909509671137,7508
-43.04407458047596,16.362737225961766,24.173384447382663,7509
-42.97057769112913,16.547834204014148,24.172784145766066,7510
-42.89707192724023,16.732931183158023,24.17210800125045,7511
-42.823617539671574,16.918028163787042,24.17135571224321,7512
-42.74937355895588,17.10213905006866,24.170584394191764,7513
-42.67424485118908,17.28546927700327,24.1697909516313,7514
-42.5981362824621,17.46821589445441,24.168973044013143,7515
-42.52186028125133,17.651553663322936,24.168071970701526,7516
-42.44548978295308,17.835457428709066,24.16709029926256,7517
-42.36910406510527,18.019902035739193,24.166030899239352,7518
-42.291881179752416,18.20486232398371,24.164927423628754,7519
-42.213745020790356,18.390313137631782,24.163785496787938,7520
-42.13461948206424,18.57622932085956,24.162611271512745,7521
-42.055336025017944,18.762585723404545,24.161370143389377,7522
-41.97598661158911,18.94935719047009,24.16006517085966,7523
-41.896669545856064,19.136518567285393,24.158699638839995,7524
-41.81658190682792,19.324044693656635,24.15726624823325,7525
-41.73566661499454,19.51191041389155,24.15576673516965,7526
-41.65386659079722,19.700090572285493,24.15420298670826,7527
-41.57203232174873,19.888560018527585,24.15259170203842,7528
-41.4902747962674,20.07729359789298,24.1509447734422,7529
-41.40871134491078,20.26626615568226,24.149274319675474,7530
-41.32581223296124,20.45545252785374,24.147581870970747,7531
-41.241694790814726,20.644827559627295,24.145877998252463,7532
-41.156470006638344,20.834366096176595,24.144173423334724,7533
-41.07189593389612,21.024042991953074,24.142475179173463,7534
-40.98808356104419,21.213833092249534,24.140786588571142,7535
-40.90515021867756,21.40371124238357,24.13911112530185,7536
-40.82231200719939,21.594638372836187,24.137470170233723,7537
-40.739530874756895,21.78638389250487,24.135863797720212,7538
-40.65676876940306,21.978725595397503,24.134292384082208,7539
-40.57398764464851,22.170463570235995,24.132719162304618,7540
-40.49114944739187,22.361597816801254,24.131148662295452,7541
-40.40821612448398,22.552128334861987,24.129585413888407,7542
-40.32514962256984,22.74205512405723,24.12807138833523,7543
-40.24191188857214,22.93137818418559,24.126607566960647,7544
-40.15846486936399,23.120097515032356,24.12519523302248,7545
-40.07567807889622,23.30821312176896,24.1237877320896,7546
-39.99368153199682,23.495725005147257,24.122388500403552,7547
-39.91261158563208,23.682633165943574,24.12100089867129,7548
-39.830957526909536,23.86992368633809,24.11965484326567,7549
-39.74885571371623,24.05739113151046,24.118347993532847,7550
-39.666436161670006,24.24483845171837,24.117078159748363,7551
-39.58456838963339,24.431090895762935,24.115802011350915,7552
-39.50321434444828,24.616173618835028,24.114513508086677,7553
-39.422335972910155,24.800111776113607,24.11320645862449,7554
-39.341895216779044,24.983916613368486,24.111880301109448,7555
-39.26185402387567,25.167407850215074,24.110540093107943,7556
-39.18217434193163,25.35041359138111,24.10919074114779,7557
-39.10207228374036,25.531784232317868,24.107854750095505,7558
-39.02166517927746,25.711570084354136,24.106533026877692,7559
-38.941064016295634,25.889821458774428,24.10522647831136,7560
-38.861119275564285,26.067574761356198,24.103900504205406,7561
-38.781773878208114,26.244674866969156,24.10256340867391,7562
-38.70297074526477,26.42097503559621,24.10122319379102,7563
-38.62465279616828,26.596550732958725,24.099879858022863,7564
-38.54676294975169,26.77169963067662,24.098525398938445,7565
-38.46924412475715,26.946727785482384,24.09715151205643,7566
-38.39129340171711,27.12173581479412,24.09579280483444,7567
-38.31300908481758,27.296618905045545,24.09444837123358,7568
-38.23448313598242,27.47128062775093,24.09311730514941,7569
-38.15654701484231,27.645632943288838,24.09178790064378,7570
-38.07912461565891,27.819596192600027,24.090457249978055,7571
-38.002139832607696,27.993099101737734,24.089122369883853,7572
-37.9247707252222,28.165092687754267,24.08776435981499,7573
-37.847096569839145,28.335727883226944,24.08638763775058,7574
-37.76919030057795,28.505155620691422,24.08499639505872,7575
-37.691118504700725,28.674512923270736,24.08359460180761,7576
-37.61294143301945,28.84374528791318,24.082185995288597,7577
-37.53471299408872,29.012806596649668,24.0807740862262,7578
-37.457226593774536,29.181659120147344,24.07939265092658,7579
-37.38036807298139,29.350273509866042,24.078046898104,7580
-37.304023272529186,29.51862880237837,24.076742036448763,7581
-37.22823976449845,29.685726330080193,24.0754832710311,7582
-37.15322683966866,29.851767336989237,24.07427581367399,7583
-37.07919378878306,30.016953067115516,24.07312487613647,7584
-37.00544233223509,30.182470850406226,24.071996303366372,7585
-36.93201369403313,30.348316494440454,24.070895003044647,7586
-36.85894275593151,30.514494191881273,24.06982558078775,7587
-36.78700390340787,30.679816612897675,24.06878848893457,7588
-36.71606395183673,30.84408251386379,24.067780026186096,7589
-36.645989716555796,31.007090651144512,24.066796189180213,7590
-36.575902167192204,31.169839688742318,24.06584732851271,7591
-36.505823501098966,31.332350589514416,24.064938540634678,7592
-36.435769573376554,31.49465270140224,24.06407469543702,7593
-36.36574989729657,31.656783757641584,24.063228023649422,7594
-36.29576764360529,31.81878987639116,24.062396939821582,7595
-36.22581964079912,31.980725560895397,24.061579405439456,7596
-36.15664221430264,32.142653702828746,24.060823104227975,7597
-36.088064125032574,32.30464557490212,24.060127393703553,7598
-36.019914133825345,32.46678083494056,24.059491555863893,7599
-35.95218273428259,32.62794761601027,24.058882380450008,7600
-35.88502213924828,32.78802014203585,24.058292997032158,7601
-35.81858456153819,32.94687263693626,24.05771623312319,7602
-35.75211463785526,33.10656532188324,24.0571287874241,7603
-35.68559651313193,33.26698919014624,24.056530432487353,7604
-35.61900799001464,33.428052005205345,24.05592048785435,7605
-35.552320539409784,33.58749229867024,24.055365738158862,7606
-35.48549927967943,33.74523460424042,24.054863200469367,7607
-35.41850298697977,33.9012034555758,24.054409967270967,7608
-35.35219165506361,34.05652330254967,24.053937213736845,7609
-35.28667944228216,34.21134088536346,24.053447432740327,7610
-35.222080506917706,34.36581132933843,24.052942664134672,7611
-35.15760144763001,34.518898228777665,24.05249433839355,7612
-35.093188356109025,34.670551272625126,24.052106041270356,7613
-35.028780981840114,34.82072014978612,24.051781433936352,7614
-34.96431272665595,34.97055446077158,24.0514544045727,7615
-34.89971065463874,35.12022610022568,24.051126312607217,7616
-34.83489548762802,35.269915347880925,24.05079806441341,7617
-34.77068917199929,35.419597052378805,24.050487876984572,7618
-34.70716781489498,35.56904062319236,24.050192049762344,7619
-34.644407523393355,35.718023854914,24.049906580185876,7620
-34.58157684397347,35.8653468322624,24.04961827356034,7621
-34.51858381510652,36.01100955477916,24.049324373549595,7622
-34.45533013306401,36.15501202197046,24.049021746225918,7623
-34.39187287222911,36.29855414559602,24.04873042155684,7624
-34.328424494134396,36.4418581323814,24.048454365661254,7625
-34.265191118078015,36.58515457414303,24.04819731811667,7626
-34.20311836153008,36.728468630474616,24.047971675116262,7627
-34.142244278319055,36.871620021383436,24.04777887026018,7628
-34.08260692220996,37.014436851995946,24.04762018615291,7629
-34.02333678215824,37.156755608268234,24.047477066199995,7630
-33.96430384429399,37.298421164762146,24.047350339184558,7631
-33.90537175251216,37.43928678112877,24.047240531855973,7632
-33.84655952913386,37.580414014653726,24.047121239762625,7633
-33.78804158321468,37.72189510243641,24.04699793801028,7634
-33.729985981543074,37.86383905179383,24.046875573214425,7635
-33.67330029325414,38.005171732292894,24.04677129074919,7636
-33.61798451863694,38.145813485194346,24.046694829789722,7637
-33.56403865792056,38.285693036880446,24.046655476511713,7638
-33.50980930342187,38.42573358160051,24.046693727539107,7639
-33.455283771815814,38.56567518043206,24.046802861296335,7640
-33.40043669534205,38.70527466463779,24.046976005205472,7641
-33.34539174795021,38.844305636629116,24.04723662489775,7642
-33.290421643661695,38.98255846953104,24.047579699391594,7643
-33.235786412068926,39.11984030665544,24.04800028321373,7644
-33.182479236985984,39.255975064503005,24.0485379055441,7645
-33.1305793961833,39.390803426145936,24.04917852224138,7646
-33.08015982516734,39.52418284486881,24.049908542215768,7647
-33.030379548520536,39.65697363058496,24.05070209982131,7648
-32.98113075068421,39.78886134072215,24.051540656497146,7649
-32.93229293163025,39.919556688015355,24.052406051255893,7650
-32.88389463297202,40.04879554145534,24.05329826024731,7651
-32.8361134363814,40.17633892590121,24.054196179802318,7652
-32.7891142390669,40.3019730215207,24.05507923483403,7653
-32.74379509824186,40.424309255986415,24.05591539378154,7654
-32.70014016013657,40.54296191353167,24.056700388100435,7655
-32.658127228724254,40.65756204860386,24.05743032681004,7656
-32.617727765029144,40.767971307017184,24.058022963781866,7657
-32.57890688662814,40.874281924982526,24.058474561883653,7658
-32.541623368843005,40.976602908928555,24.05878115752629,7659
-32.505083801920385,41.07604612280262,24.058957069424014,7660
-32.46938966056426,41.17254867850167,24.05901528374422,7661
-32.43462973502276,41.266072843237,24.058968635726355,7662
-32.4016259698878,41.35660604276627,24.058832916847713,7663
-32.37028640356983,41.44416085434783,24.058607258201278,7664
-32.3405127321895,41.528775010581484,24.058290715487807,7665
-32.311454471260205,41.61051139633362,24.057870283556994,7666
-32.2831560153239,41.68945805547431,24.057360119557018,7667
-32.255649074470085,41.76572818718919,24.056774154211297,7668
-32.22969851843809,41.83826023784489,24.05614887494898,7669
-32.20515530649558,41.9069955108946,24.0554845069921,7670
-32.181864055660796,41.971892080009205,24.05478127562584,7671
-32.15966303538476,42.03412470027479,24.05405021817971,7672
-32.13838417721021,42.0939071915803,24.053293562299984,7673
-32.11785307039333,42.151478529156044,24.052513611251392,7674
-32.098796526065904,42.207102847518826,24.051741311333867,7675
-32.081195516395326,42.2610694333547,24.05097741919435,7676
-32.06503101342965,42.31369272871854,24.050222993639274,7677
-32.04937643073033,42.3641124160298,24.049433063229426,7678
-32.0340446736783,42.41247104151212,24.048614687272526,7679
-32.01884230540843,42.45892792160802,24.047774849642394,7680
-32.00282370826033,42.503659139557016,24.04695789671585,7681
-31.98593814395351,42.54685755294155,24.04616711371892,7682
-31.96812218979666,42.58873278953385,24.045406012421648,7683
-31.950953141221135,42.62951125440365,24.04470187357954,7684
-31.934354891089825,42.6694361157343,24.044066514388792,7685
-31.918251332185548,42.70876731195354,24.043512129658303,7686
-31.90165879317817,42.74778154754928,24.04307984977079,7687
-31.884333099320777,42.78677230071301,24.042780925160695,7688
-31.86602373361962,42.82604981985121,24.042627210350044,7689
-31.848127245022482,42.86474122002004,24.042557459529657,7690
-31.830393117484654,42.90296808442409,24.04257457907134,7691
-31.812577177084826,42.94086038141743,24.042681550930368,7692
-31.794603317741622,42.97855646568232,24.04282623420681,7693
-31.776563500166993,43.0162030772245,24.04301901183546,7694
-31.75855602720036,43.05395534120314,24.043269889324637,7695
-31.739777980011834,43.09197676406599,24.043569984741353,7696
-31.7201722784051,43.13043924066117,24.04391114472855,7697
-31.69968184214613,43.16952305096273,24.044284762969347,7698
-31.67824959639467,43.2082169490195,24.044653209909242,7699
-31.65581846181854,43.246495779265345,24.045008670649597,7700
-31.632331359085846,43.284334386137616,24.045342650770895,7701
-31.609384611342303,43.32170762144838,24.045606617789115,7702
-31.58693382364273,43.35859032972979,24.045790416343266,7703
-31.564947285372508,43.39495735557397,24.0458829096062,7704
-31.542498406002576,43.430783539151854,24.045943754360067,7705
-31.519412776181778,43.4660437244019,24.045966154422313,7706
-31.495522328721307,43.50071275529095,24.045942860625484,7707
-31.46991949883806,43.5349792930897,24.045909385636588,7708
-31.44260428481606,43.569245823754486,24.04586558121236,7709
-31.413576684935062,43.60391483324162,24.045811148099,7710
-31.38449010046818,43.639174993447256,24.045806618334367,7711
-31.3553572158797,43.67500114906207,24.045855691439037,7712
-31.32620339995693,43.71136814482734,24.045962368998936,7713
-31.296159142251803,43.74825082191519,24.046078853808915,7714
-31.265107112870275,43.785624024486104,24.046203597362002,7715
-31.23293632407815,43.82346259672582,24.04633497567521,7716
-31.20044969793767,43.86075529598657,24.046498671308566,7717
-31.167716997494733,43.897682402674626,24.046708465020764,7718
-31.13482067015303,43.93441581212387,24.046978213070044,7719
-31.101694118372887,43.97210512456982,24.047276710525008,7720
-31.0681217088421,44.010700028386715,24.047606107852516,7721
-31.03390049257092,44.05015021200057,24.047968329068297,7722
-30.99809437038902,44.089419270032124,24.048391698284238,7723
-30.960681144149746,44.12866232723778,24.04887213943593,7724
-30.921644957898756,44.16802612327383,24.049405576423926,7725
-30.880976294011525,44.208635103442674,24.04995745239724,7726
-30.838671981780287,44.25041380168007,24.050521537938053,7727
-30.79473519265658,44.293286751946916,24.051091377146925,7728
-30.749921282018484,44.33619240000836,24.051747896383144,7729
-30.70409072185652,44.37926071481635,24.052482941786526,7730
-30.657116668512632,44.422613280244484,24.053288812501123,7731
-30.609046684390993,44.467349386958105,24.054099218693793,7732
-30.560102745709244,44.51336841449339,24.05490691259103,7733
-30.510519513006678,44.56056974243691,24.05570464647385,7734
-30.460382609652648,44.607866659019066,24.056460452633846,7735
-30.40962861366953,44.65536397807343,24.057176483426876,7736
-30.358206787432792,44.703158128358936,24.057854664694013,7737
-30.305333239165858,44.75133715029055,24.058537236826382,7738
-30.251137983025618,44.79998070321959,24.059208723189936,7739
-30.19575737535766,44.849160061394684,24.05985379811595,7740
-30.139172389245772,44.89893811309028,24.060441452993942,7741
-30.081208615101573,44.94936936098837,24.060964212790356,7742
-30.02169798552312,45.000499922666734,24.06141460242995,7743
-29.961386334739593,45.05335362446816,24.061856937979996,7744
-29.9002863478548,45.10775437891972,24.062290048047036,7745
-29.838423394287407,45.16352609859095,24.06271328980047,7746
-29.775089693410244,45.21950660270972,24.063109958166017,7747
-29.71049136552663,45.275725240171276,24.063466917064467,7748
-29.644840873125514,45.33220297476504,24.0637714833875,7749
-29.579102859008664,45.38895238807766,24.063997522690233,7750
-29.51334708705843,45.44597767303106,24.06414465795027,7751
-29.44765600550385,45.50327463746615,24.064212814138912,7752
-29.38121718284089,45.56083069965416,24.064285975563013,7753
-29.31397036872965,45.618624896655156,24.064355723432033,7754
-29.24586165500949,45.676627880415985,24.064414620434906,7755
-29.176843475781894,45.73480191793536,24.06442572294533,7756
-29.10687460729436,45.793100890968084,24.064381404853606,7757
-29.035920167974048,45.851470296157004,24.06427479502261,7758
-28.964859177055658,45.911047160283864,24.064064273905704,7759
-28.893837503732716,45.97198241622264,24.06375188189835,7760
-28.82301370150714,46.03442699688754,24.06334011244964,7761
-28.750905611399176,46.09733191718278,24.062863561569284,7762
-28.677684472161523,46.16062590431849,24.062310526771945,7763
-28.603521522564957,46.22422930036873,24.061670060516775,7764
-28.52933383925942,46.28805406477107,24.060960535643982,7765
-28.455137278161835,46.35200376879231,24.06017081509778,7766
-28.380954037365893,46.41597359858436,24.05929074329851,7767
-28.306812650920882,46.48105026412945,24.058609938201467,7768
-28.232748000598274,46.547334387544694,24.058070717305366,7769
-28.15880131030096,46.614926590937046,24.057618871206166,7770
-28.08411258763915,46.68272758165948,24.0571662094197,7771
-28.00856767440296,46.75061577532526,24.05666901501953,7772
-27.932052412386597,46.81846120238925,24.05608674207925,7773
-27.855360201840746,46.88732542274538,24.055420647613808,7774
-27.778544951105182,46.9572839031951,24.05461572933619,7775
-27.70166691065073,47.02841211052791,24.053620533557613,7776
-27.624792677283867,47.09958559904767,24.052540015277412,7777
-27.54799518678076,47.170657629974535,24.051302220528225,7778
-27.471353717076948,47.2414730793823,24.049840027412774,7779
-27.394046323327654,47.31208225479097,24.04812591143313,7780
-27.315996899040105,47.38274090289459,24.04607391533114,7781
-27.237129337712524,47.4536963852111,24.043603291393374,7782
-27.157529259270763,47.524973857701816,24.040741946795855,7783
-27.07744400906408,47.596376271511346,24.0374107551922,7784
-26.997120932436573,47.66769819260536,24.033536630309904,7785
-26.916645647571656,47.73893962076285,24.02912238004063,7786
-26.835942048049994,47.81030599175582,24.024109453965767,7787
-26.754934027437276,47.881994356168896,24.01844587024449,7788
-26.6744530397663,47.955179474219456,24.011992839106917,7789
-26.594591046656447,48.029836191335846,24.004701209069715,7790
-26.51544635184874,48.10593935291281,23.9965277178041,7791
-26.43621604114626,48.18247770999595,23.98744075610348,7792
-26.356843034559912,48.25963154276842,23.977420392677423,7793
-26.277270252088506,48.33757274622961,23.966452585294586,7794
-26.19669477662997,48.41625100582468,23.95469402787289,7795
-26.115214912794805,48.49539380573993,23.942099606373215,7796
-26.032922623021836,48.574720244945965,23.928631530332705,7797
-25.951556927838496,48.65415486448211,23.91414701636529,7798
-25.871209788204798,48.73382763431844,23.898633570412738,7799
-25.791979507228163,48.813860139259944,23.88208511601592,7800
-25.713063166679373,48.89436557508943,23.864545207593086,7801
-25.634403686706143,48.97544875563296,23.846028606429893,7802
-25.555943987440685,49.0572061095243,23.826556793390413,7803
-25.47688115176161,49.13972567875824,23.806029061703114,7804
-25.397313482722623,49.22308712214357,23.78447742521758,7805
-25.317332941207795,49.3073617132834,23.761939635812872,7806
-25.237770980815935,49.393598434086435,23.73840784534563,7807
-25.158551495866117,49.481646351600865,23.713946228967604,7808
-25.07959838064103,49.57135453281819,23.68862424694001,7809
-25.00083553209005,49.66158595290602,23.662639765039593,7810
-24.922186843853112,49.75239511443859,23.636064170522467,7811
-24.84357620955671,49.84382813479966,23.608975117209873,7812
-24.76508924819327,49.93592274688288,23.581480490901853,7813
-24.686973303646916,50.028708299080485,23.55363997713222,7814
-24.609475719790186,50.12220575459434,23.525519830010897,7815
-24.53268211534118,50.21642769087738,23.497126867250383,7816
-24.456516384073808,50.31137829965272,23.468545726312534,7817
-24.380902419749567,50.407053387452954,23.439867084717243,7818
-24.30501827959005,50.50344037532557,23.410916801888742,7819
-24.228943240521495,50.60051830049915,23.38172651330522,7820
-24.152750237308133,50.69825781500535,23.35233208243457,7821
-24.077251700175907,50.79662118783042,23.32278825825122,7822
-24.002352496725837,50.895562300116,23.293149061730112,7823
-23.927957494553663,50.99502664782527,23.26347281735958,7824
-23.853225723989013,51.094951340223055,23.233726836901187,7825
-23.778217435571104,51.19526510354443,23.20396389588386,7826
-23.70298653767952,51.29588827883198,23.17424039381007,7827
-23.628326435000254,51.396732825764175,23.1444079714535,7828
-23.554122968901893,51.49770231477064,23.1145056621919,7829
-23.480261980756005,51.59869193111885,23.08457461335993,7830
-23.405883470581603,51.700788384797725,23.054558928835288,7831
-23.33102866195346,51.80409229723669,23.024482128397015,7832
-23.255732436266367,51.90870428981383,22.99436916630716,7833
-23.18167673777185,52.01352507845394,22.964168872508747,7834
-23.108896448781003,52.11843307895117,22.93389121253376,7835
-23.037432793771487,52.22329832196808,22.90354705786463,7836
-22.965679934814176,52.32918235917515,22.873133534324946,7837
-22.893679095650068,52.43616065678644,22.84265362497993,7838
-22.821465157842955,52.54430868096902,22.812111143362426,7839
-22.74981250217113,52.65250198813554,22.781576730283927,7840
-22.67858794383633,52.760593838218504,22.75105061066099,7841
-22.60765829804557,52.868429105992625,22.720534368345895,7842
-22.536144538342146,52.97704418998651,22.69007224521632,7843
-22.46406886204805,53.086489400942284,22.65967269795103,7844
-22.39144712430557,53.196815049548434,22.629345844217763,7845
-22.31994224348301,53.30687154238796,22.598832173093143,7846
-22.249570075667812,53.41648698466217,22.568112354855643,7847
-22.180352819117036,53.52548109644859,22.537166757700675,7848
-22.110665609663034,53.6348651185838,22.506037174324113,7849
-22.04053064472817,53.744664206438436,22.474728776866876,7850
-21.969963779560832,53.854903515342954,22.443246812918833,7851
-21.89897452693491,53.965608199536796,22.41172091193135,7852
-21.827566057883214,54.07680341456883,22.380130575329442,7853
-21.75573520126175,54.18851431593849,22.34845643701399,7854
-21.68512584109918,54.301752154412625,22.316762861959297,7855
-21.61573480686607,54.416336649874495,22.285041052609976,7856
-21.54756527014475,54.532095907318364,22.2532839480205,7857
-21.478973349719535,54.6466804061473,22.221863716669294,7858
-21.40996221733463,54.759918251781535,22.19072788333666,7859
-21.34052870257273,54.87162916443417,22.15982880480412,7860
-21.270663288827052,54.98282438941399,22.129239537365674,7861
-21.2003501208939,55.09352908296148,22.09885970137865,7862
-21.129567001378845,55.20376840122428,22.068594881798607,7863
-21.059192954264553,55.31356750493714,22.038142040013163,7864
-20.98936116500086,55.422951550619715,22.00742088042706,7865
-20.92020481901058,55.5319456947327,21.97635541102444,7866
-20.850949537901453,55.64057508757393,21.94523872764628,7867
-20.781560440063444,55.748864885547576,21.91394870604929,7868
-20.711996301693134,55.856840244951556,21.88237054562329,7869
-20.643117119949547,55.96452632566927,21.85028755161645,7870
-20.57503705386262,56.07194828439393,21.8175968155468,7871
-20.507870262429442,56.17913127773853,21.78420192206716,7872
-20.44082334134605,56.28610045735486,21.750238772009112,7873
-20.373842382526426,56.392880979623904,21.71558539207597,7874
-20.306867135689515,56.499498000809155,21.680128189631027,7875
-20.240738568967245,56.60696277209884,21.643639584127136,7876
-20.175551815318187,56.715095014162024,21.606052490750365,7877
-20.11140200764525,56.82372283270799,21.56730714842094,7878
-20.047476717962823,56.9316966220438,21.527625179464117,7879
-19.983703011527304,57.03906669357801,21.486921380183407,7880
-19.920001611397986,57.14588335858989,21.44512013557387,7881
-19.85719446145926,57.25219693185619,21.40204694889316,7882
-19.795357667504668,57.35805772480095,21.357663730132565,7883
-19.73456733529048,57.46351604874538,21.31194107197384,7884
-19.673992005363313,57.56960830256896,21.264954000128743,7885
-19.61353971687674,57.67617936151206,21.216666271882982,7886
-19.553112166768337,57.783082485814944,21.167051157792084,7887
-19.49351227497862,57.88919323230748,21.116060947810695,7888
-19.43479712067851,57.994587067500376,21.06368578981595,7889
-19.377023783001526,58.09933945779423,21.00992511839144,7890
-19.319341778902967,58.20352586757666,20.954698114185774,7891
-19.261640120351984,58.30722176264644,20.898020179918188,7892
-19.20380147712707,58.41050260867902,20.839915325476348,7893
-19.14660973706211,58.51442996530558,20.78040537610594,7894
-19.090102953218793,58.618873862818766,20.719529553884833,7895
-19.03431917860459,58.723712716537186,20.657335612658976,7896
-18.977643068686906,58.82784723035581,20.593951603379658,7897
-18.92009999151984,58.93137802527911,20.529448649778207,7898
-18.861702630813237,59.03440572216808,20.463906935749556,7899
-18.8041043838378,59.137030939153604,20.398124854407843,7900
-18.74730525034861,59.23935429825819,20.33206997863549,7901
-18.6913052300502,59.34147642133539,20.265724906166493,7902
-18.63610432238805,59.44349792842367,20.19922900688665,7903
-18.581702527237734,59.54551944198171,20.132505873824293,7904
-18.528099844421583,59.64764158428289,20.065495559395337,7905
-18.47513455334514,59.74876506953796,19.99766236694282,7906
-18.42248320421824,59.848768312120434,19.929073302423678,7907
-18.369822347231317,59.94752134112711,19.85980767849978,7908
-18.316990255467804,60.04608571562869,19.789634174337678,7909
-18.26398692860765,60.144536901669966,19.718579442836962,7910
-18.210812366297144,60.242950365167374,19.646680254124934,7911
-18.15746656999137,60.34140157788203,19.573351272884416,7912
-18.10394953922916,60.43996600523902,19.498679176022875,7913
-18.05026127352998,60.53871911258183,19.422755774550126,7914
-17.99640177515455,60.636750275744525,19.34546137372849,7915
-17.942371042884854,60.73434039482924,19.26699420658104,7916
-17.888169075507495,60.83176198474388,19.187555601598188,7917
-17.833795871127645,60.930265271841044,19.10682089792485,7918
-17.779251429157867,61.029900565290575,19.024959031554072,7919
-17.724535749007675,61.13071817423794,18.942138107930823,7920
-17.66964883239248,61.231782316787175,18.85846398630698,7921
-17.614590678196983,61.33334873757126,18.774137164552652,7922
-17.559361285322602,61.435664796071464,18.68935670588971,7923
-17.50396065120371,61.53995556063302,18.604080628513074,7924
-17.448388775393934,61.646246185193185,18.518457256159987,7925
-17.392645657449844,61.75456182368679,18.43263181696235,7926
-17.337477136349104,61.863727716763876,18.347050563302204,7927
-17.282727829476812,61.97354681220526,18.261852944985076,7928
-17.228248696388924,62.083813672651154,18.17717765670719,7929
-17.173151201629754,62.194528297613864,18.09280181366174,7930
-17.11745437097422,62.30589612191365,18.00882723234337,7931
-17.061177230218522,62.418114195236136,17.92535233154676,7932
-17.004338802722298,62.5323572730031,17.842582111015172,7933
-16.94695811471731,62.648600198706156,17.76063205071574,7934
-16.88905419243619,62.76681781583001,17.679614988020475,7935
-16.83139190329797,62.88430591037431,17.600514770584812,7936
-16.77383489129069,63.00112527573725,17.523205914785017,7937
-16.715134385580388,63.11953446142807,17.446142856847747,7938
-16.655399785903754,63.24029001417039,17.369517782959566,7939
-16.594737323378784,63.36316867814928,17.293506931393875,7940
-16.533250058045397,63.48795348643327,17.218279481025416,7941
-16.471410799009814,63.612708092444905,17.14481766603575,7942
-16.409238572426915,63.737587621261135,17.073122696175325,7943
-16.346752404463306,63.862738812790354,17.003195630073698,7944
-16.283971322744346,63.98808620409043,16.934788761369955,7945
-16.220914354317312,64.1133321224889,16.867954636550383,7946
-16.15760052624905,64.23817051017123,16.802743536934024,7947
-16.0949564245385,64.36348683679806,16.739377222552115,7948
-16.033169142947326,64.48918048120946,16.677856749934133,7949
-15.97243211738675,64.61515082223349,16.618182420577895,7950
-15.911291728484601,64.74129724143238,16.559685517048838,7951
-15.84994141259101,64.86751911938389,16.50218517398615,7952
-15.788568263912254,64.99371583666813,16.445495316353515,7953
-15.728098872164722,65.11978677715987,16.38923682001341,7954
-15.668552264800596,65.24563132227684,16.333112017760296,7955
-15.609947469283666,65.3711488534612,16.276816975701106,7956
-15.551395947556113,65.49722483757795,16.220534219338877,7957
-15.492748660105656,65.62355321878046,16.164069969416826,7958
-15.43385022525193,65.74983632633764,16.10722750214753,7959
-15.374700647115846,65.8747987876391,16.049406835990556,7960
-15.315455308958773,65.99836513815998,15.9904674992394,7961
-15.256263251899641,66.12045991339298,15.930262753486794,7962
-15.198013010252776,66.24100764331895,15.869333110447894,7963
-15.140685558026206,66.35993286298616,15.807553387160029,7964
-15.084261869224552,66.47716010741969,15.74479734360476,7965
-15.02946875216259,66.59233467426479,15.682175918906898,7966
-14.976131797217015,66.70591145923449,15.619468614201327,7967
-14.922404800944852,66.82129945391405,15.555065346676457,7968
-14.868475651940562,66.93712894439057,15.48923828353999,7969
-14.81452430919185,67.05302888738598,15.42210688401854,7970
-14.760722803969742,67.16864081730346,15.353788833136328,7971
-14.708913373480062,67.28186047221352,15.28560596404065,7972
-14.658902581231557,67.39319305719242,15.217476456518487,7973
-14.609757494899386,67.50461873114958,15.14844330942004,7974
-14.5614527479281,67.61512624598232,15.078614472863839,7975
-14.513962971483126,67.72469044499343,15.008107465228345,7976
-14.466516958106656,67.83427226352848,14.936925066303512,7977
-14.418337160389331,67.9436411090108,14.86503732773438,7978
-14.369379183387188,68.05257477392763,14.792554857178912,7979
-14.319958867496922,68.16061291724233,14.719233809030667,7980
-14.270836316925791,68.2688013736775,14.645352554555224,7981
-14.222022629803677,68.37721455911503,14.571105709991155,7982
-14.173525733156968,68.48594156343337,14.496684059978485,7983
-14.125723302686477,68.59413275668796,14.42271820559499,7984
-14.078539232623267,68.70163301263203,14.349303088559479,7985
-14.031897417177483,68.80829559013017,14.276533575156265,7986
-13.984441269651722,68.91479591303198,14.2039228624031,7987
-13.936004308286252,69.0215427591564,14.131206395509889,7988
-13.887398965960484,69.12625767459214,14.0589448564923,7989
-13.838769526253898,69.22887462412366,13.987377151899874,7990
-13.79025710167422,69.32932128364043,13.916743433967442,7991
-13.742745468406973,69.4285051308139,13.847542604753682,7992
-13.69576023154671,69.52823568493494,13.77901830416166,7993
-13.649199916384116,69.62861356713617,13.71118789833522,7994
-13.602217212875434,69.72877007504218,13.644056690721577,7995
-13.554866030428881,69.82784489075904,13.57794006677883,7996
-13.50719393480107,69.92596379068908,13.512903676857976,7997
-13.45998798486394,70.02423864470325,13.44902093028863,7998
-13.413127680306895,70.12258979578561,13.386115665039057,7999
-13.366492520322115,70.2209459697794,13.324204339403755,8000
-13.319216167102566,70.31924427629181,13.26330069215732,8001
-13.272241064929974,70.41743021564935,13.203242879059504,8002
-13.225763820623746,70.51545767012178,13.144007192337039,8003
-13.179981041202574,70.61328890834139,13.085450570795569,8004
-13.13418177193758,70.71089458333282,13.02736021802702,8005
-13.088394552636494,70.80825373272666,12.969685698485776,8006
-13.04338741943289,70.90436768735297,12.912414619629633,8007
-12.999020846944571,70.99823777717464,12.85557184103503,8008
-12.955155308053328,71.08984303976631,12.799097036242816,8009
-12.910905437216124,71.18014021974227,12.742844692159188,8010
-12.8671946490836,71.27008605914558,12.687181941582432,8011
-12.824200523879949,71.35965959516562,12.632126603009512,8012
-12.782100641584403,71.44884824859801,12.57781778118537,8013
-12.74016502117449,71.53764782894078,12.523949639014639,8014
-12.698403175983655,71.62606252945795,12.470452072948326,8015
-12.656818277392075,71.71410492978326,12.417135550526421,8016
-12.614499591224247,71.80359587245712,12.362952032811128,8017
-12.57126953704041,71.89489801691856,12.307658407172482,8018
-12.529725704320573,71.98479523148893,12.25278119025156,8019
-12.489887912709088,72.0730254802959,12.198351882372453,8020
-12.45178390954369,72.1593225348861,12.14440262558064,8021
-12.414703533155762,72.24341597450106,12.09083301685574,8022
-12.376803750682058,72.32863093593812,12.036407745670076,8023
-12.337906981512738,72.41535523340332,11.980947404446685,8024
-12.298730523551505,72.50219776283289,11.925444595383611,8025
-12.259239494809496,72.58925495346075,11.869877688128277,8026
-12.219392671131473,72.67663161964302,11.814223919865702,8027
-12.180050048695387,72.76422714179468,11.758484424477196,8028
-12.141325786664188,72.85173546214239,11.702684227506284,8029
-12.103334044188287,72.93885890805129,11.646847222053452,8030
-12.06573519903282,73.02462206846195,11.591736397291264,8031
-12.028559376352518,73.10900502832389,11.537388173261414,8032
-11.991833530212267,73.19198996879786,11.483843481248364,8033
-11.955581444229262,73.27356117153263,11.430774844731191,8034
-11.9193699508613,73.35340503610652,11.377783194126248,8035
-11.883132457572879,73.4314544808826,11.324899975052519,8036
-11.846796029013127,73.50764241959669,11.272536090452583,8037
-11.810735168881276,73.58310169472456,11.2198608668633,8038
-11.77494829173527,73.6579874335429,11.16667837856024,8039
-11.739884419079077,73.73344923487528,11.113464030202932,8040
-11.705619656568519,73.80945355717402,11.060305705630602,8041
-11.67223010983132,73.88598362916426,11.007290835852867,8042
-11.63888432686503,73.96085344587068,10.95416640971907,8043
-11.605490346420712,74.03406300671809,10.900966478402697,8044
-11.571949865102036,74.10561231113805,10.847722223980822,8045
-11.539065795849321,74.17768736758265,10.794384000741655,8046
-11.50689521787385,74.2503049457833,10.740997751770308,8047
-11.47549521036528,74.32349858578131,10.687605871746353,8048
-11.444015294588215,74.39513259314616,10.633987762907921,8049
-11.412344482682453,74.46525727751225,10.580228516268187,8050
-11.380365444645257,74.53392294855621,10.526407484672658,8051
-11.348116233124793,74.601179915559,10.47267819454834,8052
-11.315790283559677,74.66707848903289,10.419091874853615,8053
-11.283574689245436,74.73166897952606,10.365694695898103,8054
-11.252396036677265,74.79598779109604,10.312588327465587,8055
-11.222273352401555,74.85987979764589,10.259851478446247,8056
-11.193225662959286,74.92319825826537,10.207558101200727,8057
-11.164364432847599,74.98601863877496,10.155590184888357,8058
-11.135540620913059,75.04863861044436,10.104029916492593,8059
-11.106598843846657,75.11136422973503,10.05295321641335,8060
-11.078284938337026,75.17429611773102,10.002553614292404,8061
-11.050598904407012,75.23732945918567,9.952906950502271,8062
-11.023540742075083,75.30036782404774,9.904083704871624,8063
-10.997110453141474,75.36233707719353,9.855926692150064,8064
-10.971308037355456,75.42336299517478,9.808482460751348,8065
-10.946133494476696,75.48357135461445,9.761790537402748,8066
-10.921586822643544,75.54407402387673,9.716006137244102,8067
-10.897668021876905,75.60479134337831,9.67118445116822,8068
-10.87437709219455,75.66565203874254,9.6273744790039,8069
-10.850060636603624,75.7256071269722,9.584486259790681,8070
-10.824705970537693,75.7848075402493,9.54254580567546,8071
-10.798287725139803,75.8434042108113,9.50157195609348,8072
-10.772421244163274,75.90253416420123,9.46177397355987,8073
-10.747068474737185,75.96214289654131,9.42317896249527,8074
-10.722191363986733,76.02218428915634,9.385808289268574,8075
-10.697751859249811,76.0826206100986,9.349556809446396,8076
-10.673711907692788,76.14342251143357,9.314408553914634,8077
-10.650033456479624,76.20456903043977,9.28034098498712,8078
-10.625932617497512,76.26484767280633,9.24749207444354,8079
-10.601526720888847,76.32403203997184,9.215846606128867,8080
-10.576926754654494,76.38189573342288,9.185384003238237,8081
-10.552983198946597,76.44039836707474,9.155709083433017,8082
-10.529638974872496,76.49933031338391,9.126718670670627,8083
-10.506837003528108,76.55849871518177,9.098301661405241,8084
-10.483774369557278,76.61674138508108,9.070899341246557,8085
-10.460549376317422,76.67410444223881,9.044446590466764,8086
-10.437253985009125,76.73064239098547,9.01887443882554,8087
-10.413973814127175,76.78740421939253,8.993654370925489,8088
-10.390788140992123,76.8442557671519,8.968621828801579,8089
-10.36776990076181,76.90107964431266,8.943605232999802,8090
-10.344985687464701,76.95657531221853,8.918864664623424,8091
-10.322495752076138,77.01043671401634,8.894327185205672,8092
-10.300354003416139,77.06236617803278,8.869915779265687,8093
-10.27860800614958,77.1132743302976,8.845679450862756,8094
-10.257298984474991,77.16310247598962,8.82151868777498,8095
-10.236461820421388,77.2118086905986,8.797330957893124,8096
-10.216125055392313,77.25816790425203,8.773154254285965,8097
-10.196310887384547,77.30194952662545,8.748892611250653,8098
-10.177035172236058,77.34293135254977,8.724448100124054,8099
-10.158307421256621,77.38209947167492,8.70009439687581,8100
-10.14013080557411,77.41947065497608,8.675770873622245,8101
-10.122502154140838,77.45507844369556,8.651417657688368,8102
-10.1063195143394,77.48995924526741,8.626860648292496,8103
-10.091735098066778,77.52397470582977,8.602027173357362,8104
-10.078901117185005,77.55701162695328,8.576844485606944,8105
-10.06706222478379,77.58679595651594,8.551292578451818,8106
-10.05620256566574,77.61324803613994,8.525325809972811,8107
-10.046299942471133,77.6362965925779,8.498898764846453,8108
-10.037325813977846,77.65707865211048,8.471950753173433,8109
-10.02924529807758,77.67576191726891,8.444503823440558,8110
-10.022017170488235,77.69253086086425,8.416579873321927,8111
-10.015593868122298,77.70540072098586,8.388017266926784,8112
-10.009921482351153,77.71457274046318,8.358863044286322,8113
-10.004939762398307,77.72024816213414,8.329162584378418,8114
-10.000582112388773,77.72481423689148,8.298904001882486,8115
-9.996775597145668,77.72848897729213,8.268174957001916,8116
-9.993440939321928,77.73150716619953,8.23706084507537,8117
-9.990492519869536,77.73390653668321,8.205577612569757,8118
-9.987838377663609,77.73552776954722,8.173828619476119,8119
-9.985380209410536,77.73622831591169,8.141914356906922,8120
-9.98392093108112,77.73609622009533,8.109886878173977,8121
-9.98351762139186,77.73545011618204,8.07786744327838,8122
-9.984227359041164,77.73462540858498,8.045973990341153,8123
-9.985199662788752,77.73277435715059,8.014277902345029,8124
-9.986323544644861,77.73004370048713,7.982882467493011,8125
-9.987481674463808,77.72658856238267,7.951887349988823,8126
-9.988550380056909,77.72257245261166,7.921324511587943,8127
-9.989399646953899,77.71816726521837,7.8912954664775325,8128
-9.989893118529528,77.7135532794335,7.861897576332259,8129
-9.99079565777862,77.7089191618077,7.833156122724227,8130
-9.992126290740307,77.70446196216834,7.8051615593641746,8131
-9.993904043449563,77.70038711554463,7.777999658947304,8132
-9.995240382039876,77.69570852768598,7.75166966059713,8133
-9.995986265847215,77.69042619729728,7.726260769570588,8134
-9.995986312065922,77.68454012314012,7.701856830479872,8135
-9.995986355997145,77.67925022123296,7.678397812477843,8136
-9.995986397256697,77.67477869729761,7.655934682061398,8137
-9.995986435458896,77.67135614227836,7.6345120636702735,8138
-9.99598647180719,77.66802161779934,7.614192936806656,8139
-9.995986506232889,77.66480027902327,7.594999839091252,8140
-9.995986538676814,77.66171728118745,7.576949192490935,8141
-9.995986570307146,77.65781168532517,7.560139651171892,8142
-9.995986600771133,77.6533140826658,7.544595265306885,8143
-9.995986629736139,77.64844667935992,7.530334573327789,8144
-9.995986655596331,77.64440939015604,7.517331677616041,8145
-9.9959866784011,77.64120221543546,7.505555433637811,8146
-9.99598669820866,77.63882515564873,7.494969034216832,8147
-9.99598671485287,77.63727820945627,7.4856821307623145,8148
-9.995986728483583,77.63656137804114,7.477597892090249,8149
-9.995986739257408,77.6366746626388,7.470615183408379,8150
-9.995986747058192,77.63761806233148,7.464808502438437,8151
-9.995986752170603,77.63939157933346,7.45999660687036,8152
-9.995986754883466,77.64199521589123,7.455995611827583,8153
-9.995986756799006,77.64422905739708,7.452827043357483,8154
-9.995986758570579,77.64587090022556,7.450266884615055,8155
-9.995986760864396,77.64669015561655,7.44809021263014,8156
-9.995986763784893,77.64666166855773,7.446249528835615,8157
-9.995986767466333,77.64596572267074,7.444502210081985,8158
-9.995986772053556,77.64477421642383,7.442606161630556,8159
-9.996732612929428,77.64423675400828,7.440598069974078,8160
-9.998068907788198,77.64430302694882,7.438263961876609,8161
-9.999846616471505,77.64492272674725,7.4353924311766795,8162
-10.001177201443504,77.64724545123681,7.432349002748903,8163
-10.002079689317226,77.6514430990365,7.428880030089045,8164
-10.00257310668317,77.65769595382349,7.424739039475541,8165
-10.00267648129955,77.6649927664317,7.4199750117939995,8166
-10.002408840001372,77.67330838418927,7.414363781627369,8167
-10.001789209609175,77.68261765430971,7.407690545794133,8168
-10.001582454828831,77.69169550416258,7.400266328133332,8169
-10.001652220134934,77.7002945749466,7.391829964347732,8170
-10.001868492144368,77.7081591225566,7.382133880389332,8171
-10.001361760143883,77.71622492466778,7.371460584230949,8172
-10.000170077547208,77.72444167394559,7.359524602638032,8173
-9.99833149774072,77.73275906283739,7.346058280824063,8174
-9.995884074010224,77.74112678302713,7.330856177582657,8175
-9.992865859702677,77.7494945266381,7.3136770260388,8176
-9.989314908137082,77.7578119855709,7.294297755275137,8177
-9.98526927109459,77.76602883953342,7.273492855663153,8178
-9.98076700211188,77.77409478216714,7.2508971239619235,8179
-9.975846154684998,77.7819595067901,7.226171782595155,8180
-9.971290619664295,77.78858660471894,7.1997491288500015,8181
-9.96698306764834,77.7941312062664,7.171205108037273,8182
-9.962812511349878,77.79874005620441,7.140148357697049,8183
-9.957928467898084,77.80353761259597,7.105702879500008,8184
-9.952388017035343,77.80844841145759,7.067684485728698,8185
-9.946248238461125,77.81339698846065,7.025937150873833,8186
-9.940312049989794,77.81732178272499,6.980619054745384,8187
-9.934481148275767,77.82035276589043,6.9315751556432055,8188
-9.928663572091796,77.82261152408002,6.8786809900430885,8189
-9.922773702460853,77.82421125806718,6.821817213315433,8190
-9.91673226239579,77.82525678311399,6.760908815496059,8191
-9.910466317028781,77.82584452896624,6.695911213792608,8192
-9.903909272491449,77.82726245796425,6.626501426697279,8193
-9.897000877733104,77.82981243438086,6.552764321956225,8194
-9.889687223815391,77.8337963221506,6.474812552023157,8195
-9.881920745866676,77.83831607225987,6.392627147321919,8196
-9.873660219473466,77.84345134167832,6.306371268387299,8197
-9.864870762348483,77.8492734019047,6.216234652328625,8198
-9.855523834743371,77.85584514164128,6.122204796750497,8199
-9.845597238679895,77.8632210620296,6.024478724514766,8200
-9.835075118309001,77.87144727875854,5.923278449517745,8201
-9.823947961167455,77.87957542708172,5.818917511837161,8202
-9.812212595605153,77.88784028979758,5.711526494925862,8203
-9.79987219211109,77.89645987908465,5.601262030193777,8204
-9.787682101966706,77.90563544665446,5.487538286806575,8205
-9.775502797024817,77.91555146241853,5.370634812668984,8206
-9.763207433442213,77.9263756257505,5.250851012495405,8207
-9.749936011967632,77.93945877271594,5.128994190510467,8208
-9.735742440090037,77.95515727025084,5.005242271444124,8209
-9.720686967430057,77.97381909983548,4.879797416038951,8210
-9.704674463363297,77.99458394477693,4.752694948382509,8211
-9.687454412224344,78.01756080876173,4.624195539818139,8212
-9.668782640497898,78.04284192488944,4.4945825875596706,8213
-9.649328881062413,78.0695166717334,4.363402684726298,8214
-9.629029711504264,78.09784917815108,4.230955841407141,8215
-9.60783439373051,78.1280784173349,4.097559055321284,8216
-9.586450711194997,78.16041820353593,3.9638409285709484,8217
-9.564697911774802,78.1950571999725,3.8300357835328778,8218
-9.542414269820615,78.23215891416739,3.6963976482889005,8219
-9.517803688082928,78.271861706989,3.5622681830976113,8220
-9.49072980966666,78.31427877459785,3.427939430658239,8221
-9.461062619853253,78.35949815752844,3.2937159666748115,8222
-9.430331847445778,78.40758275924198,3.1585655169622466,8223
-9.398432846182171,78.45857030803083,3.02290326699291,8224
-9.365279996299526,78.51247337670809,2.887146213990416,8225
-9.330060868312456,78.56829328969998,2.751499309149989,8226
-9.292883278037621,78.62619774514258,2.616406468392561,8227
-9.253867725645966,78.68632090054763,2.4823116827297262,8228
-9.213893234328738,78.74974948679493,2.348119993252394,8229
-9.172950290583195,78.81634514509068,2.214158246195314,8230
-9.13104840742381,78.88594436131946,2.0807419622097942,8231
-9.08730856288156,78.95857229510851,1.9473395533534967,8232
-9.041610255699275,79.03444276633222,1.8140821314570146,8233
-8.993845668989547,79.11374443959525,1.681083669104173,8234
-8.944827233960238,79.19445481089977,1.5488560222210934,8235
-8.894640569356145,79.2766954620023,1.4176815322688952,8236
-8.843390320458006,79.36054604906101,1.2878278173179434,8237
-8.791038432226138,79.44823031674026,1.1591151952906618,8238
-8.737404153143569,79.5397608403225,1.0317401601563203,8239
-8.682325758214468,79.635125039834,0.9058813116186015,8240
-8.624914712609263,79.73329909104292,0.7812071441459907,8241
-8.565202726922827,79.83442553884423,0.6579545094738929,8242
-8.5032341961254,79.93861338776546,0.5363382123478189,8243
-8.43981203612919,80.04593809922136,0.41682453903332695,8244
-8.374850627776562,80.15644159575365,0.2996802764271451,8245
-8.308283378433938,80.27013225952038,0.18515190098169337,8246
-8.240062721594056,80.38698493334219,0.0733813860014646,8247
-8.170160117679181,80.50694091808849,-0.03537811088442648,8248
-8.098566053632533,80.62990797425506,-0.14089457301667344,8249
-8.025290042996778,80.75477422386567,-0.24271045112331652,8250
-7.950360625716554,80.8815857838814,-0.34069165250098776,8251
-7.873825368258219,81.0103468457015,-0.43472311148011994,8252
-7.7964966998329155,81.14221960249694,-0.525610358029811,8253
-7.718304857048492,81.27734660098245,-0.6132756227342915,8254
-7.639205445180632,81.41583684755632,-0.6976671092840736,8255
-7.557526037044448,81.55776579968948,-0.7781887236352466,8256
-7.473260290797966,81.70317538140341,-0.8547000688386198,8257
-7.386414548947439,81.85207397634352,-0.9270828704743523,8258
-7.298661238444291,82.00443643981869,-0.996072160889886,8259
-7.210044755166644,82.16020407658897,-1.0617268692482071,8260
-7.120634863651652,82.31928465112382,-1.124133936382784,8261
-7.029619134229923,82.48056628968428,-1.183241237198769,8262
-6.9369500016025345,82.64409511222273,-1.2391712720552805,8263
-6.842598926971051,82.80987531321848,-1.2920733450828734,8264
-6.746556395313249,82.97906907343595,-1.3418044488723964,8265
-6.648831920606913,83.15181894228603,-1.388497917059234,8266
-6.549454043310199,83.32823392883408,-1.4323116973983623,8267
-6.4475627677533405,83.5083895074104,-1.4739488865751205,8268
-6.3430566204942345,83.69232760760889,-1.5137165495486204,8269
-6.235846812413438,83.88005661871651,-1.5519499895048279,8270
-6.126764800093106,84.07056528969258,-1.588492228744072,8271
-6.01591523012674,84.26400036471202,-1.6236351544808556,8272
-5.903421775577936,84.46046666244615,-1.6576952681834924,8273
-5.788519570943406,84.66101315699825,-1.6899942168326905,8274
-5.67120227507528,84.86545537711895,-1.7207019568125443,8275
-5.551476231120508,85.07357531111795,-1.7500059614798995,8276
-5.430268027041002,85.28533522590108,-1.7778634678941374,8277
-5.307777441533435,85.50087767198771,-1.8044720614322742,8278
-5.184223279730535,85.72031165943709,-1.8300450324124435,8279
-5.059681647102832,85.94251273496808,-1.8543283020359258,8280
-4.934085952215181,86.16730061966739,-1.8774631356402838,8281
-4.807388630057881,86.3944531089567,-1.8996031815432686,8282
-4.678815303463493,86.62490598898117,-1.920953823534647,8283
-4.548511842871471,86.85857541067995,-1.941693774654825,8284
-4.4166368029835805,87.09534398448663,-1.9620144328351445,8285
-4.284107256860325,87.33626069068207,-1.9816776364752346,8286
-4.150951745060198,87.58136326474578,-2.0008392200247,8287
-4.017217834532858,87.83066428676786,-2.0196645316435586,8288
-3.881318720133618,88.08295126240746,-2.038174087001901,8289
-3.7433273374809177,88.33796425413641,-2.0565376547271415,8290
-3.603322964283788,88.59540978385706,-2.0749333847526144,8291
-3.46304461671946,88.85616074314008,-2.093028437632543,8292
-3.322596941157999,89.12007877819737,-2.1109005812398034,8293
-3.18210361034298,89.38700037978904,-2.1286324160558587,8294
-3.0400539241271343,89.65673687962872,-2.1461087674087636,8295
-2.8965969236731173,89.92907445741783,-2.163408838933678,8296
-2.7518879922113597,90.20377413737874,-2.1806151568494716,8297
-2.6068346903008575,90.47958569013898,-2.197583592148017,8298
-2.4614497030606515,90.75642526520039,-2.214374697373516,8299
-2.315758399813741,91.03417547140113,-2.2310506867498376,8300
-2.169798833060188,91.31487139238891,-2.2480153681122115,8301
-2.0236217406779056,91.59834532681093,-2.265386752599496,8302
-1.8772905447402948,91.8844128030002,-2.2832869288573545,8303
-1.7292279523191079,92.17188647613519,-2.3012879559807358,8304
-1.5795100695857929,92.46075376918232,-2.3194314348714773,8305
-1.4282130026019284,92.75097694957677,-2.337759117979976,8306
-1.2770662552477285,93.04347922249822,-2.3561782136290184,8307
-1.126158618189722,93.33796710803863,-2.3747163213013587,8308
-0.9755915662781051,93.63413035590615,-2.393400210375298,8309
-0.824571695678394,93.93065584893625,-2.4121910110822817,8310
-0.6730577829819228,94.2274052323969,-2.4311018241226128,8311
-0.5210149468030847,94.52421499599984,-2.450144467224921,8312
-0.36766881120317785,94.82209639085492,-2.4693618718105586,8313
-0.21315256151529302,95.12105780245095,-2.488769288526368,8314
-0.05759938294762242,95.42109084588418,-2.508380911441311,8315
0.09811170338660083,95.72315645957728,-2.5281596916920552,8316
0.2540028946948025,96.02700728164604,-2.548115410057313,8317
0.41009004616750655,96.33238756496429,-2.568256413099973,8318
0.5663826717670435,96.63804708305028,-2.588644829017875,8319
0.7228839421345286,96.94391875478776,-2.6092788838168746,8320
0.8795906859022344,97.24991872866369,-2.6301558224399697,8321
1.0372392256674536,97.55714629889637,-2.651234450121388,8322
1.1956583233730593,97.8657062800309,-2.6725135946381444,8323
1.3546767410963994,98.17569510137315,-2.6939908005779074,8324
1.5133774054091633,98.48600089057115,-2.7156851337116947,8325
1.6717444605378118,98.79648109981052,-2.737578324064147,8326
1.8297557087055805,99.10697641087714,-2.759651045104861,8327
1.987382609779967,99.41949674677458,-2.781921068897863,8328
2.1445902818113582,99.73386601921418,-2.804384509654562,8329
2.3013375008448427,100.04990813982906,-2.827036651278708,8330
2.4592300982103437,100.36646092584458,-2.849873141303427,8331
2.618226849952983,100.6835537249205,-2.872870346913515,8332
2.7782928744043387,101.00120749948303,-2.8960038806271524,8333
2.9377462357390742,101.31943482575103,-2.9192181132156967,8334
3.096552051832739,101.63823989601909,-2.9424849951881846,8335
3.25466909856603,101.95761851733947,-2.965775495889214,8336
3.412957370079442,102.2785442087516,-2.989204323616834,8337
3.571531024905893,102.6007905704309,-3.012735844947042,8338
3.730504221723864,102.924131202489,-3.036334577677514,8339
3.889829392948135,103.24833970701083,-3.060035043930393,8340
4.049297248005859,103.57318968403106,-3.083804517333235,8341
4.208698496457139,103.89845473353587,-3.1076109512405483,8342
4.36873140988611,104.22292235965955,-3.1313581699013984,8343
4.529354764348431,104.54657159873337,-3.1550034770845814,8344
4.6905336781873235,104.86937310187255,-3.1785044034224494,8345
4.850586215321962,105.19227523216564,-3.202000868379513,8346
5.009477493859954,105.51502643400272,-3.225442667167087,8347
5.167166289912245,105.83737515173561,-3.248781256257746,8348
5.325258431341424,106.16125584358673,-3.272048448945581,8349
5.483712694679349,106.48643372411084,-3.2951996280901037,8350
5.642494198724147,106.81269077816535,-3.3181924415366,8351
5.8023202404270915,107.13763975512691,-3.3412207942827856,8352
5.9630132402321445,107.46107940904037,-3.364185367219823,8353
6.1244083029930145,107.78280849397919,-3.386991145043518,8354
6.2846998209188,108.1048117755774,-3.4096083557066743,8355
6.4437355829159,108.42690477861774,-3.431954894591348,8356
6.601363378013425,108.74891979823272,-3.4539534136213463,8357
6.759084389575162,109.0695059794662,-3.4752263478564434,8358
6.916759091301659,109.38830695276944,-3.495782160101516,8359
7.074260641282627,109.70497473374722,-3.5156314272518663,8360
7.231474879673071,110.02135573846179,-3.5349732615528695,8361
7.38830033312958,110.33713552255658,-3.5537836220503762,8362
7.54464821268082,110.6520247971824,-3.5720421671272873,8363
7.699534851494149,110.96674552679464,-3.589883178731623,8364
7.852728762548223,111.28085329657367,-3.6072622707392292,8365
8.004004801038699,111.59393723239242,-3.6241400397347325,8366
8.154797560076087,111.90343399140147,-3.6404859503262923,8367
8.304907263372765,112.20898301068455,-3.6562782651873227,8368
8.454153161137336,112.51024049771105,-3.671500229969398,8369
8.602373525274796,112.81005153668916,-3.686094872824811,8370
8.74942565918103,113.10791720962318,-3.7000435551277016,8371
8.895185892710435,113.40338052438618,-3.7133323187632143,8372
9.038642022942403,113.69504032042488,-3.726002074702661,8373
9.17954036536597,113.98272889385741,-3.738050524473621,8374
9.317639919798586,114.26631208151424,-3.7494804277755516,8375
9.453619927536224,114.54667535570235,-3.760218922864087,8376
9.587432823731218,114.82354619839248,-3.770274434417925,8377
9.719050069980698,115.0966940174268,-3.779659841098706,8378
9.849207986562424,115.36571632786483,-3.7884515240299383,8379
9.977760706124265,115.63003874592368,-3.7966717303579647,8380
10.104587729870211,115.88912881371529,-3.80434761418257,8381
10.22868636564007,116.1436959127306,-3.8113595245517575,8382
10.349818784749896,116.39351364381992,-3.817754769237215,8383
10.467766184919975,116.6384059188652,-3.8235843547862687,8384
10.583236348740787,116.8782469633402,-3.828967062130766,8385
10.696216593031016,117.11296131128438,-3.8339521967918118,8386
10.806719603141605,117.34252380778803,-3.838593291559782,8387
10.914783431156657,117.56674578663092,-3.842868625827358,8388
11.02047149977894,117.78527507149816,-3.846818487487166,8389
11.123872600228509,117.99780979712105,-3.850486863160873,8390
11.22419333372426,118.20311231370447,-3.853915680674698,8391
11.321405161378149,118.40118681425263,-3.8571447682558087,8392
11.415498570694307,118.59207941765096,-3.860217653017533,8393
11.507228905213372,118.77806418170269,-3.8631637597397672,8394
11.59646932308999,118.95928784724502,-3.8660377128861256,8395
11.68311835096348,119.13595585133103,-3.868897684470154,8396
11.76726160927493,119.3071324081474,-3.8716580039628803,8397
11.84917181015486,119.4729181406184,-3.8743636314879106,8398
11.929147034226599,119.63346398270295,-3.8770620178331656,8399
12.007349005895895,119.78777126319005,-3.879786543934017,8400
12.083803094308674,119.93586933067073,-3.8825760935508464,8401
12.158560037099974,120.07782945961466,-3.8854719657418606,8402
12.230042544932852,120.21496475868774,-3.8881848462004722,8403
12.298339407443596,120.34765255998077,-3.8907026860070233,8404
12.363552098483662,120.47632050656452,-3.893013510843682,8405
12.427448169265697,120.60024663812753,-3.895074950736115,8406
12.490167146593024,120.71973701286814,-3.896873032578269,8407
12.55187392574201,120.83513961482052,-3.8983936314796037,8408
12.611851211728059,120.94684436070551,-3.9000507933411366,8409
12.670146570308715,121.05528308736639,-3.901902420544955,8410
12.726826593585177,121.16092955753066,-3.904009283766869,8411
12.781231068978329,121.26211344293331,-3.9062170520285244,8412
12.833620023006338,121.35937558729259,-3.9085483655302964,8413
12.884266166429454,121.45328198984892,-3.911027223051875,8414
12.934200726936512,121.54420998163035,-3.913477551166913,8415
12.983566402310322,121.63234822885191,-3.915895760056678,8416
13.03252491668911,121.71791055323793,-3.91827818391951,8417
13.080349459845463,121.80233584747745,-3.920624910138885,8418
13.127071741824924,121.88611045102206,-3.9229398181462063,8419
13.172736156885065,121.9697542439854,-3.9252267112403034,8420
13.216653953419428,122.05142081313042,-3.9275229533111684,8421
13.25905027669415,122.13125270643016,-3.9298209534236848,8422
13.30015661408984,122.20940924219047,-3.932113346841376,8423
13.340956628170021,122.28628033042061,-3.934300348902063,8424
13.381539107733014,122.36248647328453,-3.9363858360878696,8425
13.422005525813077,122.43866494327727,-3.9383731560504094,8426
13.461724205784744,122.51525595944936,-3.940226512919321,8427
13.500977371871798,122.59250269243162,-3.9419690051842937,8428
13.540053590406469,122.67066508316645,-3.9436228250001486,8429
13.57908604879543,122.74783382934571,-3.945114733953247,8430
13.618052549202996,122.82428564179226,-3.946472058461267,8431
13.65693723592627,122.90029723130417,-3.9477204639077526,8432
13.694984759957308,122.9771314034606,-3.9489495102473553,8433
13.732347332268542,123.05485943350232,-3.9502146519873764,8434
13.769177163827006,123.1335609818014,-3.9515700599595442,8435
13.805626467272825,123.21233799650928,-3.952950540595486,8436
13.841847453099765,123.29149234474755,-3.9544067872369575,8437
13.877992331810894,123.37132589358947,-3.955987303692188,8438
13.914959147146641,123.45192668798478,-3.9576368859730384,8439
13.952744728461214,123.53316895160722,-3.959412313971881,8440
13.991352247234502,123.61492690807911,-3.961367347505874,8441
14.03004538358228,123.6972886016415,-3.963582464814991,8442
14.068995374299769,123.780555899042,-3.966086425860962,8443
14.108373456189895,123.86503066696964,-3.9689052725584113,8444
14.147443310115397,123.94981485253582,-3.972004051081454,8445
14.186208107008515,124.03498811565207,-3.975424021548251,8446
14.224664675698996,124.12062173098677,-3.979203197690684,8447
14.263711060920198,124.20677858997543,-3.9833979536883257,8448
14.303499473550566,124.29351319720506,-3.9880438116890593,8449
14.344182124490656,124.3808716720335,-3.9931731984459335,8450
14.385749500149238,124.4688917489068,-3.99883630667522,8451
14.428030363174864,124.55760277576707,-4.005042271835678,8452
14.470853476235394,124.64702571533321,-4.0117973604957395,8453
14.51420932883362,124.73618705078405,-4.019142431437194,8454
14.558250131401625,124.8252964114627,-4.02707445994994,8455
14.603128094413535,124.91454665633056,-4.035587854611855,8456
14.648087868390936,125.00509996683536,-4.044649727841417,8457
14.693113598046224,125.09691022459047,-4.054258759177407,8458
14.738183085992379,125.18992292597314,-4.064410834787821,8459
14.783267794885308,125.28308908616235,-4.075059700739359,8460
14.828332842653031,125.37654286756216,-4.086195350251532,8461
14.873337005142474,125.4704016621714,-4.097804681335352,8462
14.918394436538026,125.56695210479792,-4.109940560603305,8463
14.963774676631624,125.66629481725232,-4.1225650456798375,8464
15.00974092310614,125.76853042127419,-4.135637702668193,8465
15.056388311448693,125.87157352625137,-4.149101742134074,8466
15.103643906899357,125.9755079830621,-4.162923148757196,8467
15.15142843262017,126.08040087218716,-4.1770652650235585,8468
15.199656269887043,126.18630250444578,-4.191528158134072,8469
15.248235457661865,126.29324641954372,-4.206270188117161,8470
15.297067692830097,126.40124938679466,-4.221247374817109,8471
15.346955887936439,126.51031140614047,-4.236377132505524,8472
15.397957121872857,126.62041570619157,-4.25159709660319,8473
15.4501284735778,126.73152874517388,-4.266842335828768,8474
15.501873629212355,126.84480012535971,-4.282114009500849,8475
15.553236983008452,126.96038497144234,-4.2973617544536165,8476
15.604250244990158,127.07843002287353,-4.312533093699699,8477
15.656585834318674,127.19787372250359,-4.3276687696461975,8478
15.71026277736575,127.31862383277797,-4.342726238561878,8479
15.76530010055378,127.44057134577852,-4.357661522545598,8480
15.820063437749585,127.56479039833837,-4.372531457570453,8481
15.874559130633136,127.69136064883425,-4.387297649106054,8482
15.928780836682527,127.8203533704281,-4.4019210233399635,8483
15.984362922363653,127.95063153937593,-4.416435551768112,8484
16.041286361519568,128.08202745180296,-4.430810961330094,8485
16.099532128048743,128.21435663349544,-4.445016828331376,8486
16.158335360797082,128.34861775566884,-4.459069624930137,8487
16.21783241514704,128.48481501095463,-4.472954325648345,8488
16.278153304404817,128.6229442067977,-4.486656056235562,8489
16.338514147590427,128.7608067537709,-4.500266258172362,8490
16.398864207561118,128.89836491866174,-4.513786517450641,8491
16.459140063018076,129.03555581274725,-4.527219326666165,8492
16.52091899373659,129.17447740512796,-4.540456890337322,8493
16.584124894456075,129.3150332662261,-4.553496907683511,8494
16.648681659957482,129.4571185812903,-4.566337153635521,8495
16.71376735525731,129.5996340561559,-4.579117135848352,8496
16.77946125646593,129.74266354282557,-4.5918435340094845,8497
16.845836297644865,129.88627412297018,-4.604524160740314,8498
16.91295906846937,130.03150220330951,-4.6171768200574945,8499
16.980889819337094,130.17817588835302,-4.629809744843808,8500
17.04968245857723,130.32611489744312,-4.642432376243373,8501
17.118476997594072,130.47414446609295,-4.654981681951256,8502
17.18714659376361,130.6222729792955,-4.667459360567096,8503
17.255551720295188,130.7704920516887,-4.67986779063322,8504
17.325193553664356,130.9199764475001,-4.692177589472021,8505
17.395919882563632,131.07090644733708,-4.704386488569768,8506
17.467578495735456,131.22345394663958,-4.716492672650044,8507
17.539271352389978,131.37658253895896,-4.728591297559931,8508
17.611001623530136,131.53022514296651,-4.740678362742793,8509
17.68276613811671,131.6842979070026,-4.752751076087343,8510
17.754555380608977,131.83990012587057,-4.76481168063257,8511
17.826353495321463,131.99713661425983,-4.776867497721471,8512
17.898138284509713,132.15610380169065,-4.788927056976234,8513
17.970788768046802,132.31568981538936,-4.800885121456557,8514
18.04443813057519,132.47575210786633,-4.812738333618589,8515
18.119219556814887,132.63613136129698,-4.824483713832019,8516
18.194358672019366,132.79785140393483,-4.836197371960849,8517
18.26982059431353,132.96094158377662,-4.847877683983855,8518
18.34556409976528,133.12542286364516,-4.859524007656953,8519
18.421541622489674,133.29130782089598,-4.8711239530486345,8520
18.49769925432211,133.45860064792407,-4.882672989895691,8521
18.573976745042277,133.6272971519486,-4.894167494212035,8522
18.65030750245576,133.79738475475511,-4.905592018823756,8523
18.72661859210667,133.96884249313314,-4.916938900720659,8524
18.80283073748448,134.14164101869483,-4.928201307669669,8525
18.87976588010651,134.31475650552383,-4.939412624185127,8526
18.95750012476973,134.4883482718304,-4.9505679764649235,8527
19.036109576360303,134.66255886550422,-4.9616636236599,8528
19.1147627801877,134.8385001576338,-4.9727127716718815,8529
19.193367775651634,135.01607571844664,-4.983706400118891,8530
19.27182626010132,135.19518073300202,-4.994636772411461,8531
19.350195313683574,135.37570200028642,-5.0054561439112035,8532
19.428687397301108,135.55751793584267,-5.016155191844372,8533
19.507508629814044,135.74049857003524,-5.026725575227755,8534
19.586697063232933,135.92450554743633,-5.037131372629742,8535
19.666122684446997,136.10939212728223,-5.04736790623447,8536
19.7456491382962,136.29500318362906,-5.057431253508861,8537
19.826041287587884,136.480189113127,-5.067357633413756,8538
19.907318158407517,136.6649834564464,-5.077144930769007,8539
19.98949877693488,136.84940298393525,-5.08679208785528,8540
20.07260216347602,137.03563370736424,-5.096279374225984,8541
20.1566473443378,137.22367562679625,-5.105607695804571,8542
20.241653345875687,137.4135287422956,-5.114778864611815,8543
20.32673164402318,137.6030070408266,-5.123856623915029,8544
20.41173319897838,137.79209375186508,-5.13284890184726,8545
20.496502628921395,137.98075533455503,-5.141764986032722,8546
20.581039928745067,138.1711274885032,-5.1505525758457615,8547
20.665500480189774,138.36315990329558,-5.159215522373365,8548
20.75003332293889,138.5568022685,-5.167758582824564,8549
20.83552699257302,138.74981826362156,-5.1761766611227555,8550
20.921962462808942,138.94214080740647,-5.1844743262957085,8551
21.009320707461885,139.13368604827352,-5.192656978335777,8552
21.09758269426031,139.32653937675383,-5.20074160492047,8553
21.186729397163802,139.5206001710127,-5.208737268508429,8554
21.27674179018292,139.71576780921723,-5.216653937659219,8555
21.36669329411455,139.91095557208115,-5.224511391200935,8556
21.456396816252823,140.10626827387173,-5.232319555689073,8557
21.545658921856933,140.30180234367884,-5.240089339492561,8558
21.634441558822445,140.49764582316413,-5.247732290955204,8559
21.72286205575938,140.69387837197803,-5.255256675108026,8560
21.811031399250247,140.8905712645727,-5.262670983783119,8561
21.899800062170097,141.08877348822946,-5.269996639816831,8562
21.989110966016845,141.28833411015572,-5.2772484450854815,8563
22.078907032338954,141.48910219754708,-5.284441503553187,8564
22.169131186089746,141.68994072296167,-5.2916217316143985,8565
22.259726348095914,141.89090419019934,-5.298806984236639,8566
22.35063543926368,142.09203871788884,-5.306015645174715,8567
22.441801380452343,142.29338203859504,-5.313223409786414,8568
22.533167092549185,142.4949635004841,-5.320441715939652,8569
22.624675496520744,142.69680406654447,-5.327682228283832,8570
22.71552367878867,142.89990240756146,-5.3349637719689635,8571
22.805809942523684,143.10405728010107,-5.342292768732382,8572
22.89562624884527,143.30906744069614,-5.34967594242566,8573
22.985804051439825,143.51374555261904,-5.3571006557223795,8574
23.07626724494277,143.71809580838894,-5.364574081265637,8575
23.166939724070023,143.9221140153457,-5.372103542980461,8576
23.257745380052537,144.12698751194975,-5.379666002224604,8577
23.348608106970502,144.3329175420355,-5.387266928549477,8578
23.439451798960224,144.54010534941682,-5.39491171610085,8579
23.5294545224326,144.74755225759745,-5.402573299939858,8580
23.61869555356772,144.9552373039821,-5.410250924950377,8581
23.70724782652443,145.16313114076348,-5.4179435343152775,8582
23.796831320460164,145.37119604048115,-5.425660567847825,8583
23.887518969750477,145.5793858849475,-5.433402365926586,8584
23.979390050961367,145.78764617080574,-5.441169042685667,8585
24.07087679613997,145.99591400506623,-5.448999858897102,8586
24.162058481618526,146.204118114163,-5.456894777860072,8587
24.253008041711777,146.4121788393258,-5.46485383868594,8588
24.344537892369896,146.62219415092392,-5.472846615318401,8589
24.43655290233169,146.83408438953734,-5.480871147044926,8590
24.52895794036257,147.047778280888,-5.488925322047533,8591
24.621657882527025,147.26102692419994,-5.497035489975463,8592
24.71455759739838,147.4737590451764,-5.505197537768788,8593
24.807561953633474,147.68589498433906,-5.513407428155381,8594
24.899829985426795,147.8985466107413,-5.521639567362813,8595
24.99142194215334,148.11183970193645,-5.529886062170853,8596
25.08239173114749,148.32590003543334,-5.538138943983977,8597
25.174440307751848,148.53965347783634,-5.546409872598817,8598
25.26762158015532,148.7530035997222,-5.554690884434454,8599
25.361995798738633,148.96584558650613,-5.5629740916774155,8600
25.456721996721573,149.1792661526172,-5.57125165844295,8601
25.551705042161316,149.3933659195209,-5.579515843754234,8602
25.646849803173637,149.60824550866553,-5.587758982236403,8603
25.741315317440073,149.82379171765243,-5.596000127524381,8604
25.83516183587606,150.03967752502652,-5.604226225143412,8605
25.928443267354478,150.25557590929708,-5.612424522740217,8606
26.021953009179374,150.47137367320585,-5.62057175916865,8607
26.115576903087344,150.68717143799202,-5.628653775860004,8608
26.209200790874814,150.90306982488138,-5.63665664085157,8609
26.303618069615446,151.119169458864,-5.64460098348606,8610
26.398882646865474,151.33557096197214,-5.652483177069951,8611
26.495054772346485,151.55237495625047,-5.660300047997583,8612
26.59129348680828,151.76848214496553,-5.668095227029368,8613
26.68750365905688,151.9837709427005,-5.67586105378608,8614
26.783590157988087,152.1981113788753,-5.68359069870261,8615
26.879457844513343,152.41355110974942,-5.691258427504014,8616
26.975011587632892,152.6299601647817,-5.698858920955087,8617
27.07015625637486,152.84721695859352,-5.706387539230231,8618
27.164050893347916,153.06422219234278,-5.713831470596588,8619
27.256755747957627,153.28107648824485,-5.721189277732394,8620
27.3483247275765,153.4978804684851,-5.728460127460503,8621
27.440458782753662,153.71452093970717,-5.735639936301351,8622
27.533211822600325,153.93067088045652,-5.74272138825153,8623
27.626644098386468,154.14600326929684,-5.749697771383786,8624
27.719914648538577,154.360404904098,-5.756591540332939,8625
27.812928341138868,154.57397640629304,-5.7633954825937295,8626
27.905590044331706,154.78681839731726,-5.770103216281916,8627
27.99780462630175,154.999031498897,-5.77671999428792,8628
28.089476955156112,155.21071633257108,-5.783243096458383,8629
28.180511899064484,155.42197351988202,-5.789670708762772,8630
28.271721876787687,155.63388978152304,-5.79601965249948,8631
28.363179822969798,155.8463603030525,-5.802286230506588,8632
28.45496501438414,156.0592886552243,-5.808467802510464,8633
28.54625551908666,156.2716006947402,-5.8145361764616705,8634
28.63697523141876,156.48342219888937,-5.820496370438144,8635
28.727048045783288,156.6948789449634,-5.826354233137702,8636
28.817305406867142,156.90708280898656,-5.832112564140781,8637
28.907839275513986,157.11995413218358,-5.837771176436549,8638
28.99874795469335,157.33342164097056,-5.843330713393308,8639
29.089228539178443,157.5462225266807,-5.848794606226076,8640
29.179223951203983,157.758080078792,-5.854169015402922,8641
29.268677113060267,157.96871758678606,-5.859460931996657,8642
29.35753094676885,158.17807216133593,-5.864656565426489,8643
29.445728372861495,158.38629473528974,-5.869760555524149,8644
29.533212311930203,158.59353624149506,-5.874778221736251,8645
29.620833234510844,158.80093371167047,-5.879715533600725,8646
29.70870212764402,159.00843264279953,-5.884579174065405,8647
29.79693632049233,159.2159869170548,-5.889376505449202,8648
29.884751929815426,159.42355879820664,-5.894104768662328,8649
29.972110903236604,159.6311189381807,-5.898770684419444,8650
30.058975188401575,159.8386463740664,-5.903381577329911,8651
30.145306737176973,160.04514243272735,-5.907945401166879,8652
30.231067496183552,160.25080835817408,-5.912470682719531,8653
30.316219412100956,160.4558453944158,-5.916966552887967,8654
30.401631985678947,160.660240966344,-5.921401454144194,8655
30.487435230863312,160.863768675153,-5.9257815827480735,8656
30.573765503749094,161.0662021220533,-5.930113437021027,8657
30.659857943676407,161.2685148216877,-5.934394912746825,8658
30.745693524465505,161.47070258161781,-5.938634957228132,8659
30.831253219955602,161.6727695945603,-5.942842744149318,8660
30.917263833325773,161.87472844207085,-5.947038473679899,8661
31.003550957173243,162.07660008657166,-5.95123377360538,8662
31.08994652620091,162.2784138756705,-5.955440573560316,8663
31.175542987379565,162.48020753776086,-5.959627891232334,8664
31.260340340571013,162.68202719137014,-5.96380025568611,8665
31.344338585653308,162.8839273401755,-5.967962195858767,8666
31.427537727293736,163.0847709564296,-5.972137953390305,8667
31.50993776613662,163.28440710728302,-5.976332213223374,8668
31.591538702876523,163.48268485987467,-5.980549811383706,8669
31.67324808692689,163.68065320196493,-5.984788747026762,8670
31.75523398355979,163.87838340841864,-5.989059852188156,8671
31.83767080015703,164.07595513927802,-5.993374034246304,8672
31.919831741782648,164.27127042327174,-5.997729606433685,8673
32.00173583429881,164.46440891969792,-6.002131776020883,8674
32.0834021036554,164.65544190267406,-6.006585750580139,8675
32.164849566208446,164.84661827318502,-6.011075072884017,8676
32.246097247953585,165.03800930525185,-6.015600949150562,8677
32.32716417490013,165.22969465804212,-6.020164434462257,8678
32.40881520204284,165.42176237965478,-6.024775307405891,8679
32.490913974190946,165.61430889881748,-6.029432471568374,8680
32.57333047825118,165.80743902943598,-6.034134754866992,8681
32.65519521880869,166.0000660492089,-6.038850455967184,8682
32.73654624880055,166.19208933624307,-6.043576104171047,8683
32.8174216212102,166.38340826862307,-6.048307926850413,8684
32.89785938413023,166.5751221426213,-6.053083110804144,8685
32.97789758957399,166.7673525433025,-6.057901426269965,8686
33.057574289567256,166.96022944088185,-6.062762643349679,8687
33.1376733699262,167.15269127664342,-6.067644949575894,8688
33.21807750244331,167.34466258342286,-6.072544119449753,8689
33.298675701040644,167.53606789406794,-6.077455776510378,8690
33.378617487993246,167.72781783369055,-6.08238617482891,8691
33.457959943382775,167.91963149944362,-6.087332641317829,8692
33.53676014729703,168.11123637362957,-6.092292427236363,8693
33.6150751841693,168.3015960501222,-6.097271609804983,8694
33.69296213099368,168.49108786150475,-6.102265422085393,8695
33.77047806481576,168.6800891403457,-6.107269097227762,8696
33.84768005803652,168.8697494923024,-6.11225120833195,8697
33.92462519065056,169.0598131701244,-6.117212554771109,8698
34.00137054265692,169.25003281170652,-6.122153709259357,8699
34.07871902776404,169.43918334956044,-6.127119435472997,8700
34.156572343798985,169.62723962744687,-6.1321005988912,8701
34.234838530717155,169.81417648914777,-6.137088216035904,8702
34.312686136247514,170.00116869098485,-6.1420379112763195,8703
34.390191264511586,170.1884132846714,-6.146948395532245,8704
34.46743001963902,170.3761157070679,-6.1518182285764125,8705
34.54522433961831,170.56328986706822,-6.156656650040827,8706
34.62349494847887,170.74993576427127,-6.161463924624037,8707
34.70216891237536,170.93605339829162,-6.166240241560204,8708
34.780433805857164,171.1226288603571,-6.17097873777737,8709
34.85838476122334,171.3094567145225,-6.175685156544342,8710
34.93611691077517,171.49633990998984,-6.180365089968007,8711
35.013563667431306,171.68210368481712,-6.185006248402358,8712
35.09049671610601,171.86677319366362,-6.1896176171080475,8713
35.16668774174897,172.0503735911695,-6.194207879407304,8714
35.24207014815287,172.2339161265774,-6.198740993636705,8715
35.316739067561905,172.41722051976893,-6.20323429195848,8716
35.390789632218684,172.60011487575863,-6.207704426857464,8717
35.46506280226166,172.78243568673741,-6.212103288059948,8718
35.53949832893565,172.96402782749576,-6.2164552673896605,8719
35.614042305558485,173.14474455797483,-6.220783548441312,8720
35.68864717215193,173.32346142689562,-6.225078468304331,8721
35.76327170510433,173.50025390151694,-6.229375888567522,8722
35.8378810229169,173.67519744907378,-6.233710160815514,8723
35.911700746691196,173.85055354412532,-6.2380588718621635,8724
35.98486406000554,174.0264144252259,-6.242460600177441,8725
36.057504146387636,174.2028891011926,-6.246951960794624,8726
36.13050002262014,174.378903436044,-6.251505479297525,8727
36.20382949221455,174.55437777184784,-6.256166799053348,8728
36.27747670074379,174.72924083578658,-6.26097907166287,8729
36.35052458321516,174.90342973513407,-6.265954399174139,8730
36.42280190400119,175.07688996660474,-6.271132649177088,8731
36.4941374274491,175.24957541199194,-6.276550971022008,8732
36.565267469881036,175.42144834222728,-6.282236836898276,8733
36.636188860761536,175.5924794102516,-6.288227658982265,8734
36.70690477161234,175.7626476541123,-6.29455805567298,8735
36.776678887965566,175.93194049479098,-6.3013200836371865,8736
36.84568244611977,176.10035374093783,-6.3085259734255805,8737
36.9140866823562,176.2678915862915,-6.316185690361279,8738
36.98190110893577,176.43456660951617,-6.324315813777472,8739
37.048973515914795,176.60039977289432,-6.332919930426572,8740
37.115151693325366,176.76542042380166,-6.341999437330498,8741
37.18119099386574,176.9274802852793,-6.351518081043973,8742
37.24710727264803,177.08660870562855,-6.361480277397636,8743
37.31292272692504,177.24282664793347,-6.371887950913882,8744
37.37792005101775,177.39953261627795,-6.382747399624813,8745
37.44228950609323,177.55696978122737,-6.394049857673318,8746
37.506221353257615,177.71539808359603,-6.405784142739623,8747
37.57065169323119,177.87269440469103,-6.41796025047067,8748
37.6356154082539,178.02870781148653,-6.430570030683873,8749
37.701153722661374,178.18328737091244,-6.443603068154069,8750
37.76640664492271,178.3374820621164,-6.457028149273603,8751
37.83126001712652,178.49136315754666,-6.470812920265838,8752
37.8955996813336,178.6450103147393,-6.484922686615715,8753
37.959473203563554,178.79851157821503,-6.499372508574762,8754
38.023089871720956,178.95196337756227,-6.514129161466536,8755
38.08665897369055,179.10547052746492,-6.529157457387501,8756
38.15022807890329,179.25816013215092,-6.544438031961845,8757
38.21368302800969,179.41035921133596,-6.559928067056484,8758
38.27690966168016,179.5623947846714,-6.5755829325522335,8759
38.340701373160194,179.71438005655097,-6.591422189417456,8760
38.4051120703818,179.86621440374125,-6.607392347091959,8761
38.47020200337581,180.0177972029923,-6.6234386314954286,8762
38.53513020715037,180.17022774661874,-6.639606476779306,8763
38.599801549534824,180.32362761704894,-6.655825889914746,8764
38.664120898340165,180.47812678185235,-6.672026424677827,8765
38.72815485183804,180.63266368057484,-6.688262267990392,8766
38.79213172467823,180.78716284576655,-6.704457276925283,8767
38.85627983154638,180.9415488099782,-6.720535837119968,8768
38.92066576964332,181.09476001332894,-6.736549871052044,8769
38.985194406614404,181.24692642323686,-6.752423873545768,8770
39.04977061018735,181.39816962198495,-6.768083849755494,8771
39.11429923726853,181.55078882296732,-6.7835753530086444,8772
39.17868515566943,181.70490560854373,-6.798828314759794,8773
39.24283323320013,181.86064994629737,-6.813775082338645,8774
39.30755589556742,182.01696027882048,-6.828431105633154,8775
39.37292607672163,182.1737611382598,-6.842738023400682,8776
39.43902305273602,182.33097705687004,-6.856640494485079,8777
39.50502489665785,182.48754646999086,-6.870197378367248,8778
39.57085550254523,182.643599346021,-6.8833659753056295,8779
39.63643876455354,182.79925726829185,-6.896107436449389,8780
39.70169857141566,182.95561953083615,-6.908390585521416,8781
39.76655881860466,183.11258551051492,-6.920191982524613,8782
39.83094340164407,183.27005458428903,-6.931492038107303,8783
39.895522043672884,183.42792613414497,-6.942296617286633,8784
39.960063259551674,183.58609953650642,-6.95259783447444,8785
40.02434190626269,183.74447416793743,-6.962391805690522,8786
40.08830090612888,183.90294940388685,-6.971609971312415,8787
40.152051245929826,184.0614246224258,-6.980236742424692,8788
40.21571025457021,184.2197992017514,-6.988260078711228,8789
40.27923988450738,184.37698642250464,-6.995616318774794,8790
40.34244670196817,184.53309109820256,-7.002307763477747,8791
40.40514361534212,184.6882096573113,-7.008339809515711,8792
40.46714986371352,184.84461615908617,-7.013817377425698,8793
40.528291039708726,185.00240703213458,-7.018748959615076,8794
40.58839907802886,185.161687090369,-7.0231468988565116,8795
40.64821981216691,185.32136961846015,-7.026952533910424,8796
40.70776592713262,185.4813539951603,-7.030193010607358,8797
40.76706279212555,185.64153959937747,-7.032898721326901,8798
40.82598673676661,185.80182581030783,-7.035122988886668,8799
40.88426505290902,185.96211200541538,-7.036902851679183,8800
40.941637716588794,186.12229756232742,-7.038278745646635,8801
40.99711156615297,186.2812957583264,-7.039269079345888,8802
41.05060732537828,186.4392114085258,-7.039909373723955,8803
41.1020520602023,186.59614094299593,-7.040238396566028,8804
41.15303255072362,186.75315851083977,-7.040269560051991,8805
41.203501232648286,186.91013833554774,-7.04004983042423,8806
41.25342956793458,187.06695464079868,-7.039629193925927,8807
41.3019004869411,187.2246815618634,-7.039021261030011,8808
41.34875543790896,187.38341552882156,-7.03828175047388,8809
41.39384855320803,187.54326135706572,-7.03746909878536,8810
41.43704665526276,187.70313232821445,-7.036581594031663,8811
41.47822924581898,187.86292782115785,-7.03567496038788,8812
41.517288510792575,188.0225472149196,-7.034807187048749,8813
41.55412932515073,188.18090379057148,-7.0339501980448915,8814
41.58866924180947,188.3381023634371,-7.0331466492600105,8815
41.62083849789766,188.49423936378963,-7.032440857835364,8816
41.65148755884262,188.6503889345405,-7.03177457398718,8817
41.68074009618617,188.80642529986633,-7.031183135574536,8818
41.708738807701295,188.96222268407396,-7.0307027864019105,8819
41.735483686434144,189.11885522688934,-7.0303216488309825,8820
41.760832035690406,189.2764193574229,-7.030058219042935,8821
41.78466018494936,189.43501989007513,-7.029931596910727,8822
41.80611766859392,189.5935700994488,-7.029843425526485,8823
41.82527425024027,189.75196936449413,-7.029813111430988,8824
41.84221237765143,189.91011706422202,-7.029859759118531,8825
41.857773009056366,190.06791258078633,-7.029960874079447,8826
41.87190857986506,190.22525529232604,-7.030130804998987,8827
41.884590551695524,190.3820445770683,-7.0303832964666135,8828
41.895809404741,190.5393797280946,-7.030643841278631,8829
41.90557465177301,190.6973823307868,-7.0309262149628236,8830
41.91391483171711,190.8561823557615,-7.031242909187915,8831
41.92087751613938,191.01471824187956,-7.031617896380666,8832
41.926529297532745,191.17291452349846,-7.03206695826659,8833
41.93095579458938,191.33069573504568,-7.032604668458998,8834
41.93335410161529,191.48798640562404,-7.033235519265572,8835
41.93367982483335,191.64471106891844,-7.033973518827014,8836
41.93190125459283,191.8007942586457,-7.034831391711158,8837
41.92965274158407,191.95616051614937,-7.035763443352738,8838
41.926940628730755,192.11073437540242,-7.036783228554155,8839
41.92379662721121,192.26444037046736,-7.037902565450969,8840
41.919370259399244,192.41840294901343,-7.039176648376475,8841
41.913575906951245,192.5727688516222,-7.0406256703032275,8842
41.90634697766016,192.72769320410436,-7.042268389337321,8843
41.896890085044504,192.8821395939677,-7.044057343069005,8844
41.8853320708988,193.03605771109036,-7.045996420509779,8845
41.871812461134176,193.18939724536335,-7.048087623082549,8846
41.85722929220509,193.34210789139684,-7.050351490588167,8847
41.84159207787264,193.4941393388895,-7.052807503931021,8848
41.82492935807558,193.64544127758984,-7.055473331888116,8849
41.80712697495634,193.7959633953197,-7.058336269878241,8850
41.787928075518536,193.94565538017287,-7.061412063182239,8851
41.76709483293319,194.09446692028445,-7.064714418449059,8852
41.74457016233071,194.24354761931937,-7.06816232575548,8853
41.72047773336041,194.39306937460657,-7.071776202376035,8854
41.694960241790675,194.54321246865993,-7.075573671682791,8855
41.66727186589384,194.69296564468613,-7.079511302341381,8856
41.637425290309146,194.84230374834033,-7.0836217873048835,8857
41.60544588376997,194.9912016252422,-7.087934497402902,8858
41.57211752519038,195.13963412447777,-7.092461569171709,8859
41.53733557111482,195.28757609112068,-7.097237130824835,8860
41.50101440424023,195.4350023702382,-7.1022918374089326,8861
41.46308743291191,195.58188780544538,-7.10761040107744,8862
41.423507092262525,195.72820724223217,-7.113229629987609,8863
41.38224484357291,195.8739355260692,-7.119182481621555,8864
41.339291161768216,196.02123351504486,-7.1254871911832,8865
41.29465556029997,196.1700928248802,-7.132167013602954,8866
41.24836657867205,196.32052184160767,-7.139241277117596,8867
41.19972596803858,196.4703597032933,-7.146693789517132,8868
41.14895570076793,196.61963156761382,-7.154551125196978,8869
41.09629043331093,196.76836259217822,-7.162835630407033,8870
41.04181578231976,196.91657793140826,-7.17150637456779,8871
40.985468327255695,197.06430274100322,-7.180576796550349,8872
40.92719733165243,197.21156217657736,-7.190055654071894,8873
40.86861811365695,197.3593674995314,-7.199985170911057,8874
40.80971799048809,197.50753842940816,-7.210382302879633,8875
40.750509647517,197.6559030709087,-7.221259550796579,8876
40.689377768241386,197.80331181170604,-7.232715717693539,8877
40.62637308894269,197.94981496287028,-7.24473974055401,8878
40.561559029978234,198.09546283541414,-7.25731685673354,8879
40.49501169069508,198.24129183672972,-7.270455957175966,8880
40.426819860845484,198.38714684161545,-7.2841504397569885,8881
40.35708501421359,198.53288110998378,-7.298390153462333,8882
40.28666713986207,198.67737019548926,-7.313181108579373,8883
40.21553769819967,198.8206895641232,-7.328506201599113,8884
40.14368717576919,198.96291468185936,-7.344344931355158,8885
40.070379254228385,199.1051071078714,-7.36071969247147,8886
39.99579785391798,199.2471368721536,-7.377597795547953,8887
39.920139579212105,199.38888238982895,-7.3949435308078755,8888
39.84345200029565,199.52924436388557,-7.412717023164681,8889
39.765633643632896,199.6683234151562,-7.430893769608209,8890
39.68659571975818,199.80622016442732,-7.449446171521071,8891
39.60626211830608,199.9440213286989,-7.468363186547064,8892
39.524569419096764,200.08162209210528,-7.487611182265339,8893
39.44146688597774,200.218926023906,-7.507153581384535,8894
39.357824016401096,200.35584508603733,-7.527030767004617,8895
39.27378350690842,200.49229961846942,-7.547183622706601,8896
39.18950708013451,200.62821834635363,-7.567550766676957,8897
39.1042679353593,200.76353837302725,-7.588016030839307,8898
39.01809778301891,200.89820519413692,-7.608545705097961,8899
38.93104101757676,201.03217269045675,-7.629103285490443,8900
38.842247173795776,201.1644170293038,-7.649724394394203,8901
38.751617948595204,201.29511429722203,-7.67035983727397,8902
38.65906138090447,201.42444058069728,-7.690958230052869,8903
38.56614522223837,201.55355807354007,-7.711561271016367,8904
38.4728028810003,201.68243742617125,-7.732127359850808,8905
38.37898679168428,201.8110576742078,-7.752613385872926,8906
38.28392258932203,201.93940623602143,-7.773018696926082,8907
38.18775614123503,202.0674789193605,-7.793326266564595,8908
38.09064599878012,202.19527991714455,-7.813517784514604,8909
37.99185584901802,202.32282180551425,-7.833670153737287,8910
37.891401546842644,202.45012554676998,-7.853759401641136,8911
37.78930528912655,202.5772204883719,-7.873761026865329,8912
37.686341440716085,202.7041443670066,-7.893670425879781,8913
37.58238950229814,202.83094330046242,-7.9134832942623845,8914
37.47734165859499,202.95767179171884,-7.933194874288509,8915
37.37035695914079,203.08319280788018,-7.95279999661294,8916
37.26150833839836,203.20735541618197,-7.972293002895368,8917
37.150875072855406,203.33000868385244,-7.9916677817908885,8918
37.0401961493541,203.45220160567166,-8.010973668560542,8919
36.92957621163202,203.57400545649136,-8.030217493120839,8920
36.81913892952343,203.69549989639842,-8.049406009557172,8921
36.70811944612403,203.8177590640789,-8.06862267773559,8922
36.59651141990472,203.94067395251693,-8.087870861048422,8923
36.48432119333804,204.06415232508508,-8.107154450839158,8924
36.36991442943106,204.1859326931674,-8.126457084521906,8925
36.253310154870576,204.3059395910593,-8.145800810944957,8926
36.13452739631285,204.424097553037,-8.165207981011072,8927
36.01523854777722,204.5415310359792,-8.184603961377194,8928
35.89547531889133,204.6583867807803,-8.203993692450561,8929
35.7752821033175,204.77481991352346,-8.223381736839237,8930
35.65471598537122,204.88979402972885,-8.242831367482562,8931
35.53384672806446,205.00325881900784,-8.262346851292707,8932
35.41275677848997,205.11516397100604,-8.281932530660903,8933
35.290633708416216,205.22764518228215,-8.301537559103615,8934
35.16741726841596,205.34066891230444,-8.321173678668362,8935
35.04305355100133,205.45421839086438,-8.34085225336843,8936
34.91840254939772,205.56610760729436,-8.36052335878283,8937
34.793591104868206,205.67633656256083,-8.380193298449381,8938
34.66875874275107,205.7849052576335,-8.399867545363403,8939
34.54389594369691,205.89301361143768,-8.419613606170584,8940
34.4188441553472,206.0008838307395,-8.439443441489535,8941
34.29345750937371,206.10874650748403,-8.459368634148309,8942
34.16685699790051,206.2166267933588,-8.479380715339618,8943
34.039077503086105,206.32434440781546,-8.499490374216846,8944
33.910160249072305,206.4317274554536,-8.51970777116247,8945
33.780152805652634,206.53762632747276,-8.53996308929242,8946
33.64910908005319,206.64209133482433,-8.560243717769488,8947
33.51708932151507,206.74517278842035,-8.58053598874792,8948
33.38490594756101,206.84692100657065,-8.600963704812981,8949
33.252476511388316,206.94738630029633,-8.621533244471577,8950
33.11973125026783,207.04661898063586,-8.642250910718063,8951
32.98586724965241,207.14685536560685,-8.663013642443467,8952
32.85099549506993,207.2481625372363,-8.68382483454821,8953
32.71523331398907,207.3506243478531,-8.70468697538392,8954
32.57779683387618,207.4531415000403,-8.72566191811454,8955
32.438648002695075,207.55560917849365,-8.746733546748542,8956
32.29774876833835,207.65793095302863,-8.767885367563357,8957
32.15671445662561,207.75903269197278,-8.78916535915412,8958
32.01551969886705,207.8590401727559,-8.810568269957244,8959
31.87415181044663,207.9580791728272,-8.832088923902873,8960
31.731864961133258,208.0572615594416,-8.853621849103806,8961
31.588827215609527,208.15650767398392,-8.87515742080854,8962
31.445212980542653,208.25574624297835,-8.896685334491881,8963
31.301041285905026,208.35392828257557,-8.918257540858775,8964
31.156175776927682,208.4512047252375,-8.939870524673436,8965
31.010486440857274,208.547726503403,-8.961520544223132,8966
30.86401132611072,208.6446306467137,-8.983194717826528,8967
30.71695654960433,208.7418626524393,-9.004890705689927,8968
30.5695345702418,208.83937640299982,-9.026605865755812,8969
30.42180246620186,208.93713416389144,-9.048321422637109,8970
30.273661935734083,209.03510658684436,-9.070041681329009,8971
30.125021019072403,209.13327270872702,-9.091770493566695,8972
29.975048278415912,209.23042002914949,-9.113448399123111,8973
29.823819819307445,209.32632214869056,-9.13507019542581,8974
29.67141174725883,209.4207526678602,-9.156629773929119,8975
29.519553539588646,209.5136990181709,-9.178202690167518,8976
29.36833398432883,209.60536244426072,-9.199789314404379,8977
29.21785455358162,209.69594419076788,-9.221389714893466,8978
29.066576026480753,209.78663158902333,-9.24292372147266,8979
28.914612559965015,209.8774204474337,-9.264407453470133,8980
28.76207831090491,209.96831495950252,-9.28585604846666,8981
28.609833261310023,210.05932770446518,-9.307224609214286,8982
28.457836187729082,210.15047964560787,-9.32852585722311,8983
28.30605220869345,210.24180013132016,-9.349771079219307,8984
28.155571530596895,210.3311408785289,-9.370780043450399,8985
28.006138886159043,210.41853123691357,-9.391622041603656,8986
27.855650297674377,210.50497826962766,-9.41263401697958,8987
27.70427065440884,210.59148903736124,-9.433844150665854,8988
27.552164849547445,210.67809288914052,-9.455262218549127,8989
27.39856549315516,210.76532060577404,-9.47695279789938,8990
27.242924156274572,210.8531155846157,-9.498901946100652,8991
27.085423965578414,210.9414338038188,-9.52110431294312,8992
26.926233778046324,211.03024381919062,-9.543554264779258,8993
26.766602187899533,211.11881988955193,-9.565961478829603,8994
26.60679873365081,211.20683080348968,-9.588383271027105,8995
26.447086611701447,211.29395373461153,-9.610874239027424,8996
26.288869810424554,211.38054514756345,-9.633652911470199,8997
26.130886133634988,211.4665838447845,-9.65663251003528,8998
25.9732232239764,211.55202698288497,-9.679823956506208,8999
25.815968724091945,211.63683171847129,-9.703238172666339,9000
25.65921027662477,211.7209552081498,-9.726886080299035,9001
25.503035524218028,211.80435460852692,-9.750778601187653,9002
25.34753210951488,211.88698707620907,-9.774926657115554,9003
25.192787675158474,211.9688097678026,-9.799341169866093,9004
25.038889863791965,212.04977983991395,-9.824033061222632,9005
24.88592631805851,212.12985444914946,-9.849013252968529,9006
24.733984680601253,212.20899075211557,-9.874292666887142,9007
24.583152594063357,212.28714590541864,-9.89988222476183,9008
24.433517701087972,212.36427706566508,-9.925792848375956,9009
24.28516764431825,212.44034138946128,-9.952035459512873,9010
24.13819006639735,212.51529603341362,-9.978620979955942,9011
23.992672609968416,212.58909815412852,-10.005560331488523,9012
23.848702917674615,212.66170490821239,-10.032864435893973,9013
23.706368632159087,212.73307345227155,-10.060544214955653,9014
23.565757396064992,212.80316094291246,-10.08861059045692,9015
23.426956852035485,212.8719245367415,-10.117074484181135,9016
23.290054642713717,212.93932139036505,-10.145946817911653,9017
23.15513841074284,213.0053086603895,-10.175238513431838,9018
23.02229579876601,213.06984350342125,-10.204960492525046,9019
22.891614449426385,213.13288307606672,-10.235123676974634,9020
22.763182005367106,213.19438453493225,-10.265738988563966,9021
